tp,tn,fp,fn,acc,precision,recall,f1,auc,train_dataset,test_dataset,model,seed
2661,2856,2058,2102,0.5701147049705487,0.5638906547997458,0.5586815032542515,0.5612739928285172,0.594493159735654,FFPP,CDF,spatial,0
1308,3720,1194,3455,0.5195825152423271,0.5227817745803357,0.27461683812723076,0.3600825877494838,0.567126035370839,FFPP,CDF,freq,0
2057,3085,1829,2706,0.531363025731115,0.529336078229542,0.43187066974595845,0.47566192623424675,0.5459827786617625,FFPP,CDF,hybrid,0
737,5627,410,4973,0.541755341789393,0.6425457715780296,0.12907180385288966,0.21496281172524428,0.5785489771627212,CDF,FFPP,spatial,0
2929,2156,3881,2781,0.4328764791010471,0.43010279001468427,0.5129597197898423,0.4678913738019169,0.4430453099059013,CDF,FFPP,freq,0
454,5748,289,5256,0.527964586702988,0.6110363391655451,0.07950963222416813,0.14070974740430808,0.5260213650381897,CDF,FFPP,hybrid,0
