tp,tn,fp,fn,acc,precision,recall,f1,auc,train_dataset,test_dataset,model,seed
1796,1383,1251,862,0.6007180650037793,0.5894322284213981,0.6756960120391272,0.6296231375985977,0.6238737599933268,FFPP,FFPP,spatial,0
1913,1370,1264,745,0.6203703703703703,0.6021403840100724,0.719714070729872,0.6556983718937447,0.6808479351742823,FFPP,FFPP,freq,0
1955,1817,817,703,0.7127739984882842,0.7052669552669553,0.735515425131678,0.7200736648250461,0.6659984214071588,FFPP,FFPP,hybrid,0
1257,1664,529,515,0.7366960907944514,0.7038073908174692,0.7093679458239278,0.7065767284991569,0.8148701130932713,CDF,CDF,spatial,0
1282,1001,1192,490,0.5757881462799496,0.5181891673403395,0.7234762979683973,0.6038624587847385,0.6026958082303739,CDF,CDF,freq,0
1094,1767,426,678,0.7215636822194199,0.7197368421052631,0.6173814898419865,0.6646415552855407,0.8233635598183837,CDF,CDF,hybrid,0
