tp,tn,fp,fn,acc,precision,recall,f1,auc,train_dataset,test_dataset,model,seed
763,1694,499,1009,0.6196721311475409,0.6045958795562599,0.4305869074492099,0.5029663810151616,0.6235186551916162,FFPP,CDF,spatial,0
568,1207,986,1204,0.44766708701134933,0.3655083655083655,0.32054176072234764,0.34155141310883946,0.4207137629580679,FFPP,CDF,freq,0
498,1755,438,1274,0.5682219419924338,0.532051282051282,0.28103837471783294,0.36779911373707536,0.5122917007634593,FFPP,CDF,hybrid,0
388,2365,269,2270,0.5202191987906274,0.5905631659056316,0.14597441685477802,0.23408748114630468,0.6527194304039381,CDF,FFPP,spatial,0
334,1647,987,2324,0.37433862433862436,0.2528387585162756,0.1256583897667419,0.16788137723045993,0.32699596581829443,CDF,FFPP,freq,0
52,2591,43,2606,0.49943310657596374,0.5473684210526316,0.019563581640331076,0.03777697057755176,0.5062322422588675,CDF,FFPP,hybrid,0
