model,train_dataset,f1_in,f1_cross,drop
spatial,FFPP,0.6296231375985977,0.5029663810151616,0.12665675658343611
spatial,CDF,0.7065767284991569,0.23408748114630468,0.4724892473528522
freq,FFPP,0.6556983718937447,0.34155141310883946,0.31414695878490523
freq,CDF,0.6038624587847385,0.16788137723045993,0.4359810815542786
hybrid,FFPP,0.7200736648250461,0.36779911373707536,0.35227455108797073
hybrid,CDF,0.6646415552855407,0.03777697057755176,0.6268645847079889
