y_true,y_prob
1,0.219749
1,0.231226
1,0.112469
1,0.067460
1,0.077190
1,0.059168
1,0.061696
1,0.066079
1,0.062909
1,0.074807
1,0.081689
1,0.067450
1,0.104784
1,0.119735
1,0.100012
1,0.078933
1,0.094647
1,0.058955
1,0.056692
1,0.042460
1,0.077801
1,0.060971
1,0.042355
1,0.083039
1,0.474754
1,0.092943
1,0.131703
1,0.130542
1,0.118266
1,0.136716
1,0.081493
1,0.100392
1,0.084557
1,0.080427
1,0.107599
1,0.084411
1,0.122848
1,0.100383
1,0.075496
1,0.041438
1,0.050080
1,0.131482
1,0.117034
1,0.168501
1,0.106634
1,0.077380
1,0.091602
1,0.087363
1,0.087504
1,0.106323
1,0.056355
1,0.077715
1,0.108492
1,0.086115
1,0.072396
1,0.101746
1,0.086687
1,0.087289
1,0.132932
1,0.074923
1,0.070966
1,0.058152
1,0.061327
1,0.060542
1,0.068767
1,0.051802
1,0.070250
1,0.060466
1,0.082067
0,0.479730
0,0.146253
0,0.291654
0,0.926481
0,0.071295
0,0.093270
0,0.127980
0,0.110887
0,0.099147
0,0.118641
0,0.107180
0,0.514811
0,0.196446
0,0.109249
0,0.122943
0,0.070774
0,0.105236
0,0.157378
0,0.731390
0,0.309563
0,0.653371
0,0.544530
0,0.763645
0,0.946685
0,0.153795
0,0.926076
0,0.833482
0,0.286283
0,0.752375
0,0.101939
0,0.201721
0,0.070386
0,0.062712
0,0.364139
0,0.262338
0,0.427847
0,0.054361
0,0.100236
0,0.056791
0,0.187744
0,0.181540
0,0.662104
0,0.097291
0,0.713761
0,0.122004
0,0.093679
0,0.122622
0,0.123590
0,0.132713
0,0.146003
0,0.909084
0,0.928926
0,0.167265
0,0.088037
0,0.653932
0,0.072404
0,0.079266
0,0.501749
0,0.206095
0,0.941522
0,0.166749
0,0.728381
0,0.211826
0,0.362290
0,0.299131
0,0.085868
0,0.254860
0,0.580515
0,0.104680
0,0.176238
0,0.235873
0,0.103058
0,0.106997
0,0.097444
0,0.101221
0,0.098348
0,0.088813
0,0.078203
0,0.052617
0,0.056525
0,0.090353
0,0.293516
0,0.092182
0,0.233094
0,0.820367
0,0.203908
0,0.295577
0,0.124318
0,0.576621
0,0.132857
0,0.072242
0,0.069135
0,0.085456
0,0.115709
0,0.079289
0,0.045436
0,0.078722
0,0.102359
0,0.065733
0,0.096275
0,0.821682
0,0.105049
0,0.070048
0,0.087010
0,0.138081
0,0.111550
0,0.170667
0,0.086136
0,0.139336
0,0.087227
0,0.148345
0,0.201401
0,0.124159
0,0.159227
0,0.277328
0,0.240439
0,0.289201
0,0.147274
0,0.246508
0,0.271485
0,0.232519
0,0.246092
0,0.337415
0,0.196034
0,0.138592
0,0.142985
0,0.169542
0,0.653030
0,0.146827
0,0.225749
0,0.224630
0,0.213765
0,0.181305
0,0.350409
0,0.082461
0,0.470989
0,0.399980
0,0.258043
0,0.254437
0,0.280049
0,0.210581
0,0.089134
0,0.150836
0,0.126841
0,0.195934
0,0.209806
0,0.134747
0,0.132122
0,0.094129
0,0.229165
0,0.077264
0,0.129892
0,0.082410
0,0.155240
0,0.094864
0,0.118554
0,0.171809
0,0.356976
0,0.116923
0,0.112296
0,0.081981
0,0.159280
0,0.119995
0,0.122603
0,0.212029
0,0.287021
0,0.112873
0,0.133587
0,0.163713
0,0.267874
0,0.197152
0,0.206540
0,0.153956
0,0.140881
0,0.253406
0,0.272704
0,0.160745
0,0.173426
0,0.144628
0,0.099258
0,0.073522
0,0.100275
0,0.150264
0,0.147893
0,0.111672
0,0.131108
0,0.172862
0,0.089540
0,0.127492
0,0.157714
0,0.095746
0,0.151739
0,0.120203
0,0.136987
0,0.154345
0,0.132900
0,0.191114
0,0.144617
0,0.309145
0,0.091666
1,0.078081
1,0.063166
1,0.058985
1,0.078614
1,0.077837
1,0.053571
1,0.076128
1,0.068227
1,0.055572
1,0.116341
1,0.063114
1,0.053180
1,0.152595
1,0.065951
1,0.100119
1,0.095191
1,0.073071
1,0.131379
1,0.159842
1,0.091640
1,0.110844
1,0.073884
1,0.061002
1,0.055253
1,0.071150
1,0.078066
1,0.058184
1,0.093005
1,0.043343
1,0.125251
1,0.111276
1,0.105406
1,0.092724
1,0.050858
1,0.044894
1,0.061015
1,0.058257
1,0.054671
1,0.043246
1,0.036380
1,0.058744
1,0.094774
1,0.073324
1,0.053286
1,0.073616
1,0.102450
1,0.084790
1,0.056188
1,0.037420
1,0.040497
1,0.074659
1,0.056156
1,0.056498
1,0.083478
1,0.069672
1,0.089245
1,0.054157
1,0.035509
1,0.076124
1,0.050143
1,0.054763
1,0.096911
0,0.046094
0,0.090723
0,0.064139
0,0.028152
0,0.033136
0,0.036668
0,0.029478
0,0.028982
0,0.062822
0,0.039579
0,0.048574
0,0.046645
0,0.041861
0,0.028997
0,0.026764
0,0.042066
0,0.047312
0,0.158610
0,0.028361
0,0.050823
0,0.068755
0,0.055741
0,0.048337
0,0.047054
0,0.068575
0,0.063784
0,0.108925
0,0.053027
0,0.037043
0,0.035625
0,0.042101
0,0.038638
0,0.039671
0,0.030851
0,0.054629
0,0.056880
0,0.067122
0,0.167346
0,0.133369
0,0.149501
0,0.069954
0,0.055494
0,0.134977
0,0.110631
0,0.309212
0,0.033542
0,0.051963
0,0.127188
0,0.094484
0,0.136892
0,0.051435
0,0.101742
0,0.083403
0,0.052102
0,0.056482
0,0.050048
0,0.037507
0,0.041627
0,0.069769
0,0.024455
0,0.141228
0,0.036554
0,0.099414
0,0.012892
0,0.017290
0,0.017934
0,0.012148
0,0.021147
0,0.060862
0,0.056257
0,0.077520
0,0.034966
0,0.024912
0,0.026680
0,0.100655
0,0.035650
0,0.046133
0,0.074386
0,0.043860
0,0.037841
0,0.026869
0,0.026534
0,0.133145
0,0.045617
0,0.017314
0,0.028541
0,0.029392
0,0.044605
0,0.089921
0,0.234221
0,0.028984
0,0.078754
0,0.095196
0,0.580434
0,0.163937
0,0.065268
0,0.121694
0,0.206571
0,0.073503
0,0.854374
0,0.960160
0,0.069917
0,0.070553
0,0.032129
0,0.070511
0,0.050688
0,0.037437
0,0.030487
0,0.035943
0,0.020212
0,0.063518
0,0.050472
0,0.053238
0,0.024396
0,0.068509
0,0.116331
0,0.665164
0,0.084282
0,0.057127
0,0.036289
0,0.037224
0,0.035629
0,0.035565
0,0.033627
0,0.023760
0,0.017392
0,0.048184
0,0.029100
0,0.039492
0,0.055264
0,0.032556
0,0.057344
0,0.035358
0,0.040188
0,0.043940
0,0.025817
0,0.044953
0,0.024552
0,0.029096
0,0.023597
0,0.040332
0,0.051596
0,0.078238
0,0.050541
0,0.035933
0,0.030689
0,0.058902
0,0.046138
0,0.038047
0,0.051000
0,0.059924
0,0.036169
0,0.055375
0,0.072953
0,0.044484
0,0.071400
0,0.052060
0,0.060305
0,0.050106
0,0.029253
0,0.036084
0,0.038194
0,0.051696
0,0.034622
0,0.034863
0,0.019672
0,0.033114
0,0.037103
0,0.031758
0,0.039482
0,0.028307
0,0.026848
0,0.039259
0,0.031732
0,0.036879
0,0.034995
0,0.029311
0,0.046003
0,0.046322
0,0.047979
0,0.029603
0,0.021181
0,0.026230
0,0.029585
0,0.036478
0,0.034063
0,0.035068
0,0.047556
0,0.020444
0,0.049819
0,0.040570
0,0.026787
0,0.032463
0,0.050254
0,0.050298
0,0.036628
0,0.040199
0,0.039882
0,0.047510
0,0.051854
0,0.061504
0,0.029815
0,0.046479
0,0.035595
0,0.044825
0,0.028229
0,0.040281
0,0.038068
0,0.059426
0,0.061578
0,0.053568
0,0.031299
0,0.034962
0,0.021348
0,0.029613
0,0.034439
0,0.044578
0,0.046309
0,0.023032
0,0.017271
0,0.038395
0,0.034799
0,0.036544
0,0.029933
0,0.030804
0,0.036965
0,0.047142
0,0.047889
0,0.037307
0,0.025445
0,0.053439
0,0.039223
0,0.066523
0,0.049555
0,0.023973
0,0.035666
0,0.037791
0,0.064287
0,0.038562
0,0.017409
0,0.022416
0,0.019524
0,0.023008
0,0.024475
0,0.023562
0,0.026437
0,0.033637
0,0.022423
0,0.026007
0,0.044524
0,0.023287
0,0.026274
0,0.020074
0,0.021673
0,0.022564
0,0.032932
0,0.021428
0,0.028623
0,0.018739
0,0.014606
0,0.027306
0,0.039522
0,0.031138
0,0.095735
0,0.033976
0,0.039252
0,0.036574
0,0.022140
0,0.031577
0,0.020742
0,0.022137
0,0.032791
0,0.031622
0,0.012281
0,0.044173
0,0.038354
0,0.042838
0,0.044604
0,0.020036
0,0.017711
0,0.033026
0,0.026298
0,0.030714
0,0.032072
0,0.048986
0,0.030165
0,0.038678
0,0.042291
0,0.049913
0,0.027262
0,0.046618
0,0.040525
0,0.069584
0,0.041424
0,0.029242
0,0.037228
0,0.036849
0,0.033116
0,0.020678
0,0.026650
0,0.025124
0,0.023277
0,0.030951
0,0.030881
0,0.037249
0,0.046928
0,0.019546
0,0.024830
0,0.052178
0,0.031443
0,0.033178
0,0.021701
0,0.019815
0,0.014123
0,0.037579
0,0.033249
0,0.034230
0,0.029884
1,0.064069
1,0.805941
1,0.850372
1,0.166848
1,0.207705
1,0.815698
1,0.076131
1,0.109164
1,0.485276
1,0.250889
1,0.303774
1,0.582397
1,0.115320
1,0.144215
1,0.179376
1,0.875889
1,0.707885
1,0.073266
1,0.076475
1,0.043551
1,0.045657
1,0.148059
1,0.281294
1,0.055479
1,0.054387
1,0.057027
1,0.045074
1,0.444297
1,0.060763
1,0.127927
1,0.133733
1,0.666042
1,0.070503
1,0.037263
1,0.063151
1,0.084970
1,0.072918
1,0.078235
1,0.046427
1,0.134568
1,0.164849
1,0.364472
1,0.826917
1,0.151104
1,0.093228
1,0.054236
1,0.082086
1,0.269658
1,0.209982
1,0.447883
1,0.280782
1,0.111623
1,0.695516
1,0.899408
1,0.818096
1,0.915836
1,0.082600
1,0.088707
1,0.365241
1,0.190193
1,0.071684
1,0.225974
1,0.059546
1,0.854071
1,0.712846
1,0.104057
1,0.434691
1,0.136776
1,0.184039
1,0.071495
1,0.047402
1,0.117923
1,0.055778
1,0.150411
1,0.060049
1,0.145175
1,0.207387
1,0.129138
1,0.261864
1,0.898267
1,0.886531
1,0.458853
1,0.109681
1,0.155172
1,0.165758
1,0.060071
1,0.175431
1,0.122324
1,0.102051
1,0.078532
1,0.048355
1,0.076919
1,0.111888
1,0.205609
1,0.099729
1,0.207213
1,0.158929
1,0.147728
1,0.143741
1,0.064379
0,0.125421
0,0.054625
0,0.062781
0,0.080272
0,0.097110
0,0.070235
0,0.078356
0,0.076777
0,0.152981
0,0.046112
0,0.099016
0,0.226297
0,0.145700
0,0.086373
0,0.059714
0,0.108164
0,0.106600
0,0.115740
0,0.086964
0,0.048419
0,0.067666
0,0.038838
0,0.030763
0,0.073473
0,0.069454
0,0.098635
0,0.098808
0,0.087574
0,0.110243
0,0.092340
0,0.207490
0,0.105879
0,0.115604
0,0.067278
0,0.115561
0,0.109509
0,0.096676
0,0.080844
0,0.082438
0,0.068032
0,0.072756
0,0.108638
0,0.065280
0,0.088246
0,0.059938
0,0.046688
0,0.122237
0,0.076140
0,0.080023
0,0.049991
0,0.100305
0,0.067238
0,0.067538
0,0.122298
0,0.054566
0,0.050361
0,0.063509
0,0.193071
0,0.121395
0,0.064742
0,0.056291
0,0.077634
0,0.051029
0,0.056358
0,0.092974
0,0.116820
0,0.117018
0,0.051694
0,0.054571
0,0.123164
0,0.154975
0,0.062737
0,0.112459
0,0.083771
0,0.090123
0,0.052138
0,0.209413
0,0.098736
0,0.145140
0,0.119713
0,0.132654
0,0.089046
0,0.299557
0,0.117588
0,0.075193
0,0.080305
0,0.095914
0,0.106000
0,0.080540
0,0.102657
0,0.069973
0,0.067851
0,0.047483
0,0.081333
0,0.069043
0,0.106586
0,0.047863
0,0.078466
0,0.079888
0,0.074231
0,0.014215
0,0.022456
0,0.039854
0,0.025823
0,0.022733
0,0.017596
0,0.028292
0,0.043420
0,0.030717
0,0.019327
0,0.011006
0,0.016972
0,0.021959
0,0.031072
0,0.036769
0,0.028324
0,0.034590
0,0.027130
0,0.036350
0,0.030908
0,0.019582
0,0.023652
0,0.015928
0,0.016599
0,0.015434
0,0.026924
0,0.019824
0,0.033700
0,0.023707
0,0.037027
0,0.033689
0,0.018259
0,0.031916
0,0.031136
0,0.042412
0,0.057033
0,0.024407
0,0.039839
0,0.015570
0,0.015032
0,0.009122
0,0.024550
0,0.041780
0,0.085874
0,0.151936
0,0.065116
0,0.084362
0,0.042327
0,0.040902
0,0.029012
0,0.022846
0,0.038335
0,0.028749
0,0.014812
0,0.024478
0,0.025650
0,0.031051
0,0.029158
0,0.020949
0,0.027597
0,0.030040
0,0.013945
0,0.032334
0,0.023278
0,0.042881
0,0.036034
0,0.047129
0,0.049717
0,0.044226
0,0.019829
0,0.024334
0,0.028048
0,0.016136
0,0.028985
0,0.036958
0,0.017724
0,0.024351
0,0.021867
0,0.050993
0,0.036839
0,0.039353
0,0.054118
0,0.037079
0,0.019792
0,0.019955
0,0.026463
0,0.033820
0,0.163185
0,0.039034
0,0.053322
0,0.057066
0,0.031243
0,0.068467
0,0.061775
0,0.034991
0,0.053046
0,0.018053
0,0.012991
0,0.022208
0,0.024640
0,0.176996
0,0.158811
0,0.111978
0,0.119799
0,0.095982
0,0.138134
0,0.084210
0,0.399972
0,0.093337
0,0.205689
0,0.074044
0,0.491060
0,0.132148
0,0.078627
0,0.152361
0,0.474224
0,0.246426
0,0.233050
0,0.084764
0,0.298938
0,0.817542
0,0.815957
0,0.861174
0,0.409310
0,0.280616
0,0.143176
0,0.142638
0,0.100913
0,0.085425
0,0.182724
0,0.090086
0,0.138510
0,0.233849
0,0.137718
0,0.468058
0,0.797557
0,0.104236
0,0.138180
0,0.108005
0,0.160216
0,0.118228
0,0.899713
0,0.867341
0,0.333432
0,0.857360
0,0.703889
0,0.070476
0,0.153118
0,0.240936
0,0.150668
0,0.052815
0,0.141033
0,0.145384
0,0.073811
0,0.163209
0,0.094501
0,0.092056
0,0.241330
0,0.133868
0,0.195227
0,0.081182
0,0.191970
0,0.127545
0,0.205337
0,0.175439
0,0.130083
0,0.137977
0,0.151052
0,0.194793
0,0.103886
0,0.216417
0,0.112397
0,0.767997
0,0.365430
0,0.710071
0,0.060023
0,0.194586
0,0.069643
0,0.054521
0,0.111555
0,0.163485
0,0.637572
0,0.175030
0,0.095327
0,0.179451
0,0.380073
0,0.463006
0,0.345470
0,0.298904
0,0.667902
0,0.144819
0,0.130206
0,0.149291
0,0.363158
0,0.124439
0,0.176649
0,0.038679
0,0.031985
0,0.165819
0,0.025417
0,0.035593
0,0.021805
0,0.021539
0,0.026892
0,0.028714
0,0.021896
0,0.021614
0,0.020066
0,0.018875
0,0.023115
0,0.055958
0,0.024485
0,0.024236
0,0.028968
0,0.026590
0,0.023834
0,0.025158
0,0.030768
0,0.022097
0,0.020166
0,0.025777
0,0.026133
0,0.019845
0,0.027672
0,0.016802
0,0.027204
0,0.025497
0,0.048170
0,0.026126
0,0.028723
0,0.022025
0,0.020985
0,0.028086
0,0.027362
0,0.032706
0,0.046211
0,0.028857
0,0.032504
0,0.050176
0,0.023366
0,0.028922
0,0.033542
0,0.039299
0,0.021751
0,0.026350
0,0.022129
0,0.025320
0,0.026759
0,0.021453
0,0.075331
0,0.025612
0,0.033151
0,0.028748
0,0.027157
0,0.029421
0,0.029962
0,0.028577
0,0.030018
0,0.026630
0,0.022144
0,0.028021
0,0.023561
0,0.027066
0,0.035592
0,0.034010
0,0.030059
0,0.026265
0,0.022574
0,0.024777
0,0.033532
0,0.056680
0,0.046241
0,0.037033
0,0.030167
0,0.043187
0,0.030103
0,0.048688
0,0.025714
0,0.019364
0,0.028174
0,0.034461
0,0.034258
0,0.032686
0,0.032156
0,0.015515
0,0.023671
0,0.020138
0,0.038078
0,0.024420
0,0.026286
0,0.053779
0,0.062731
0,0.023365
0,0.034132
0,0.026227
0,0.021261
1,0.203281
1,0.063556
1,0.195466
1,0.534970
1,0.137620
1,0.777793
1,0.946470
1,0.944727
1,0.957255
1,0.452396
1,0.755514
1,0.433936
1,0.603430
1,0.857899
1,0.265630
1,0.221974
1,0.130533
1,0.048655
1,0.105208
1,0.075822
1,0.158230
1,0.138798
1,0.626582
1,0.568850
1,0.094325
1,0.073929
1,0.080727
1,0.050505
1,0.035773
1,0.037524
1,0.044207
1,0.058070
1,0.203164
1,0.089079
1,0.074081
1,0.073821
1,0.131585
1,0.099059
1,0.330365
1,0.351755
1,0.314104
1,0.594570
1,0.149628
1,0.307560
1,0.694572
1,0.140747
1,0.061544
1,0.062880
1,0.120245
1,0.069507
1,0.051787
1,0.056844
1,0.067021
1,0.048940
1,0.096956
1,0.106023
1,0.127108
1,0.107033
1,0.057500
1,0.056669
1,0.039706
1,0.048873
1,0.095882
1,0.286602
1,0.165265
1,0.267510
1,0.112021
1,0.084142
1,0.101698
1,0.782936
1,0.053456
1,0.094177
1,0.060604
1,0.064657
1,0.401597
1,0.091358
1,0.109291
1,0.063583
1,0.045200
1,0.039322
1,0.049639
1,0.113816
1,0.065236
1,0.080781
1,0.045038
1,0.101099
1,0.108576
1,0.049660
1,0.040551
1,0.046208
1,0.054539
1,0.578144
1,0.912209
1,0.039904
1,0.109982
1,0.366346
1,0.162457
1,0.150341
1,0.925849
1,0.947075
0,0.045212
0,0.061751
0,0.069777
0,0.059311
0,0.041825
0,0.088251
0,0.115052
0,0.100560
0,0.074853
0,0.091574
0,0.114453
0,0.093728
0,0.077618
0,0.139369
0,0.090193
0,0.036875
0,0.066748
0,0.065652
0,0.062050
0,0.089426
0,0.056681
0,0.148986
0,0.119379
0,0.098257
0,0.081780
0,0.106951
0,0.072528
0,0.072520
0,0.095396
0,0.127771
0,0.162729
0,0.138292
0,0.057960
0,0.139978
0,0.142944
0,0.068865
0,0.057144
0,0.050169
0,0.090201
0,0.123854
0,0.060937
0,0.107545
0,0.054571
0,0.042258
0,0.057694
0,0.069319
0,0.126520
0,0.082468
0,0.068758
0,0.069185
0,0.063094
0,0.090056
0,0.047448
0,0.052743
0,0.090802
0,0.094971
0,0.044591
0,0.064937
0,0.088478
0,0.069488
0,0.081248
0,0.063400
0,0.079352
0,0.147760
0,0.067260
0,0.258376
0,0.065228
0,0.071804
0,0.041477
0,0.075394
0,0.101776
0,0.171045
0,0.078432
0,0.119700
1,0.091638
1,0.195565
1,0.136902
1,0.101651
1,0.106383
1,0.079029
1,0.097555
1,0.132778
1,0.067247
1,0.332805
1,0.106364
1,0.132456
1,0.147336
1,0.196064
1,0.348250
1,0.126154
1,0.110800
1,0.068417
1,0.058989
1,0.081567
1,0.111918
1,0.111039
1,0.108890
1,0.112882
1,0.076691
1,0.172630
1,0.148913
1,0.072159
1,0.090570
1,0.078968
1,0.264635
1,0.122448
1,0.161626
1,0.079189
1,0.112622
1,0.089938
1,0.145425
1,0.103864
1,0.205819
1,0.114706
1,0.067957
1,0.073468
1,0.087546
1,0.094273
1,0.088321
1,0.070397
1,0.111714
1,0.073693
1,0.172247
1,0.135196
1,0.075258
1,0.104883
1,0.071860
1,0.385405
1,0.231610
1,0.500134
1,0.157264
1,0.113370
1,0.073181
1,0.159251
1,0.563673
1,0.072499
1,0.616353
1,0.202970
1,0.166984
1,0.881608
1,0.271984
1,0.698504
1,0.111148
1,0.080158
1,0.067829
1,0.080108
1,0.074304
1,0.059935
1,0.071961
1,0.058824
1,0.070742
1,0.042346
1,0.085574
1,0.119300
1,0.046842
1,0.045270
1,0.051579
1,0.069006
1,0.063345
1,0.075553
1,0.211029
1,0.063966
1,0.086694
1,0.081631
1,0.092498
1,0.063645
1,0.090845
1,0.088475
1,0.112035
1,0.079597
1,0.085579
1,0.090456
1,0.087395
1,0.101950
1,0.092703
1,0.098025
1,0.132600
1,0.103827
1,0.057481
1,0.104704
1,0.087992
1,0.083257
1,0.121314
1,0.090058
1,0.074381
1,0.125929
1,0.121777
1,0.067181
1,0.114370
1,0.127427
1,0.668641
1,0.132070
1,0.103160
1,0.108470
1,0.118148
1,0.077801
1,0.062590
1,0.098454
1,0.097851
1,0.049471
1,0.198540
1,0.076440
1,0.072281
1,0.061336
1,0.079168
1,0.042422
1,0.031362
1,0.059420
1,0.051592
1,0.098353
1,0.069436
1,0.086582
1,0.056065
1,0.075233
1,0.218924
1,0.072169
1,0.062241
1,0.158926
1,0.106367
1,0.068555
1,0.100943
1,0.298471
1,0.092892
1,0.084044
1,0.046725
1,0.072543
1,0.059123
1,0.107881
1,0.083438
1,0.050249
1,0.051203
1,0.068820
1,0.449186
1,0.617095
1,0.121682
1,0.189497
1,0.334318
1,0.831166
1,0.690821
1,0.290469
1,0.848698
1,0.382024
1,0.185945
1,0.338831
1,0.798009
1,0.765222
1,0.841043
1,0.673670
1,0.575650
1,0.778252
1,0.765651
1,0.707157
1,0.358221
1,0.492510
1,0.180702
1,0.194920
1,0.138230
1,0.100482
1,0.148840
1,0.160295
1,0.260964
1,0.213247
1,0.191707
1,0.667840
1,0.748217
1,0.463192
1,0.170603
1,0.195020
1,0.118043
1,0.185467
1,0.274738
1,0.092421
1,0.166507
1,0.435530
1,0.814551
1,0.518668
1,0.195388
1,0.104749
1,0.553022
1,0.727345
1,0.556588
1,0.160499
1,0.606641
1,0.830000
1,0.875902
1,0.360961
1,0.198296
1,0.852802
1,0.634052
1,0.806406
1,0.271461
1,0.579326
1,0.508283
1,0.854092
1,0.241115
1,0.780107
1,0.659943
1,0.678711
1,0.209067
1,0.339048
1,0.805231
1,0.505951
1,0.874876
1,0.167918
1,0.308939
1,0.188364
1,0.376347
1,0.122295
1,0.166599
1,0.163381
1,0.329555
1,0.399903
1,0.688213
1,0.821449
1,0.320196
1,0.209372
1,0.282163
1,0.239386
1,0.254339
1,0.787134
1,0.640140
1,0.255506
1,0.188934
1,0.167637
1,0.330528
1,0.120911
1,0.732141
1,0.733991
1,0.480885
1,0.175079
1,0.149579
1,0.181062
1,0.029897
1,0.038603
1,0.032881
1,0.045517
1,0.042881
1,0.032811
1,0.042892
1,0.035043
1,0.048913
1,0.059220
1,0.053071
1,0.064847
1,0.059589
1,0.049814
1,0.073851
1,0.047617
1,0.055482
1,0.027227
1,0.031965
1,0.029767
1,0.039015
1,0.048818
1,0.056942
1,0.055161
1,0.073982
1,0.060485
1,0.048402
1,0.053140
1,0.034154
1,0.038679
1,0.030816
1,0.034121
1,0.052522
1,0.039038
1,0.051463
1,0.037738
1,0.073875
1,0.046544
1,0.047489
1,0.071466
1,0.062333
1,0.049465
1,0.053615
1,0.036961
1,0.052266
1,0.043809
1,0.046017
1,0.067677
1,0.070364
1,0.115366
1,0.061371
1,0.036168
1,0.029768
1,0.044469
1,0.038880
1,0.041322
1,0.074223
1,0.061105
1,0.051222
1,0.049905
1,0.241088
1,0.820446
1,0.693838
1,0.890053
1,0.949763
1,0.729953
1,0.931418
1,0.918925
1,0.735220
1,0.653778
1,0.830659
1,0.967122
1,0.958054
1,0.944941
1,0.960095
1,0.960737
1,0.902744
1,0.942815
1,0.928355
1,0.963168
1,0.915585
1,0.873688
1,0.757909
1,0.287809
1,0.952715
1,0.929695
1,0.954277
1,0.866848
1,0.912165
1,0.828736
1,0.964642
1,0.955764
1,0.953502
1,0.928154
1,0.945936
1,0.967352
1,0.877540
1,0.913340
1,0.962449
1,0.956739
1,0.920384
1,0.621559
1,0.943845
1,0.965267
1,0.971994
1,0.967553
1,0.942512
1,0.233542
1,0.952989
1,0.943862
1,0.921925
1,0.493562
1,0.202762
1,0.764256
1,0.791700
1,0.779322
1,0.940472
1,0.970440
1,0.970156
1,0.981367
1,0.980182
1,0.981427
1,0.936948
1,0.963127
1,0.968649
1,0.947100
1,0.749756
1,0.824520
1,0.912354
1,0.952187
1,0.969159
1,0.959610
1,0.912155
1,0.953628
1,0.941506
1,0.903687
1,0.963784
1,0.923831
1,0.941209
1,0.710248
1,0.954827
1,0.950679
1,0.928493
1,0.086983
1,0.061018
1,0.092950
1,0.067025
1,0.071378
1,0.062673
1,0.047246
1,0.049308
1,0.059855
1,0.089536
1,0.073237
1,0.039159
1,0.056071
1,0.061551
1,0.045298
1,0.056011
1,0.062736
1,0.060481
1,0.043688
1,0.069303
1,0.077189
1,0.056394
1,0.087546
1,0.084813
1,0.049706
1,0.045364
1,0.048223
1,0.046587
1,0.085704
1,0.056685
1,0.057458
1,0.050047
1,0.040227
1,0.054196
1,0.067010
1,0.051507
1,0.055713
1,0.060941
1,0.074575
1,0.054928
1,0.129792
1,0.111230
1,0.066424
1,0.066996
1,0.059242
1,0.090094
1,0.052067
1,0.032204
1,0.060294
1,0.169470
1,0.078564
1,0.075417
1,0.071457
1,0.081160
1,0.076930
1,0.063270
1,0.054492
1,0.133152
1,0.059654
1,0.085226
1,0.047159
1,0.050117
1,0.080027
1,0.102529
1,0.058283
1,0.058972
1,0.060337
1,0.109481
1,0.074160
1,0.064424
1,0.079262
1,0.081898
1,0.058863
1,0.041862
1,0.090112
1,0.015218
1,0.027721
1,0.019260
1,0.016790
1,0.016972
1,0.022707
1,0.019048
1,0.029969
1,0.054838
1,0.022908
1,0.024061
1,0.022553
1,0.020259
1,0.022256
1,0.023447
1,0.025335
1,0.015544
1,0.018903
1,0.017852
1,0.014155
1,0.023386
1,0.019008
1,0.016980
1,0.039795
1,0.018416
1,0.015763
1,0.009567
1,0.012281
1,0.013328
1,0.013944
1,0.013289
1,0.019460
1,0.013599
1,0.021716
1,0.022779
1,0.027024
1,0.026260
1,0.027306
1,0.019151
1,0.024098
1,0.023259
1,0.017223
1,0.014054
1,0.013601
1,0.013938
1,0.020099
1,0.017044
1,0.017958
1,0.025126
1,0.019080
1,0.018995
1,0.012426
1,0.017929
1,0.017138
1,0.017888
0,0.037543
0,0.027436
0,0.027025
0,0.038545
0,0.024122
0,0.035728
0,0.022725
0,0.025389
0,0.016981
0,0.016744
0,0.015587
0,0.016161
0,0.034107
0,0.026046
0,0.025695
0,0.019698
0,0.023593
0,0.026342
0,0.030756
0,0.027789
0,0.026057
0,0.029482
0,0.026901
0,0.025229
0,0.024287
0,0.028467
0,0.035352
0,0.030859
0,0.028689
0,0.031334
0,0.039265
0,0.030636
0,0.029756
0,0.023539
0,0.025458
0,0.028473
0,0.024944
0,0.020889
0,0.018168
0,0.020498
0,0.020799
0,0.025447
0,0.058178
0,0.046149
0,0.026223
0,0.018990
0,0.033306
0,0.016498
0,0.024539
0,0.023651
0,0.026313
0,0.023071
0,0.035949
0,0.031650
0,0.033673
0,0.024821
0,0.025686
0,0.041024
0,0.025222
0,0.032486
0,0.032295
0,0.022269
0,0.018907
0,0.019486
0,0.020595
0,0.024592
0,0.022847
0,0.028311
0,0.022969
0,0.024252
0,0.030468
0,0.051536
0,0.038676
0,0.029555
0,0.030406
0,0.024287
0,0.027460
0,0.026198
0,0.034836
0,0.023190
0,0.029204
0,0.025443
0,0.027014
0,0.036276
0,0.026657
0,0.032333
0,0.032908
0,0.038269
0,0.029954
0,0.039747
0,0.039776
0,0.467963
0,0.608314
0,0.309849
0,0.253799
0,0.184998
0,0.198109
0,0.428433
0,0.145180
0,0.853888
0,0.574741
0,0.194326
0,0.421665
0,0.338472
0,0.577305
0,0.193949
0,0.410334
0,0.688428
0,0.093137
0,0.317608
0,0.732319
0,0.747181
0,0.164756
0,0.581452
0,0.225267
0,0.379943
0,0.916710
0,0.240630
0,0.086315
0,0.271297
0,0.120805
0,0.158381
0,0.647613
0,0.566629
0,0.629360
0,0.102672
0,0.173381
0,0.136257
0,0.112509
0,0.376824
0,0.167069
0,0.137123
0,0.084278
0,0.147222
0,0.113070
0,0.078745
0,0.199140
0,0.107917
0,0.091488
0,0.175708
0,0.171441
0,0.115082
0,0.072090
0,0.121672
0,0.150798
0,0.249575
0,0.223686
0,0.193075
0,0.167474
0,0.095529
0,0.166955
0,0.128125
0,0.187127
0,0.137980
0,0.533999
0,0.135496
0,0.146944
0,0.060309
0,0.116968
0,0.122625
0,0.147950
0,0.087686
0,0.144993
0,0.148755
0,0.119940
0,0.758887
0,0.139356
0,0.099803
0,0.108895
0,0.222738
0,0.442621
0,0.173214
0,0.183046
0,0.126091
0,0.143648
0,0.200912
0,0.234757
0,0.180650
0,0.085269
0,0.123663
0,0.098035
0,0.124590
0,0.106732
0,0.172002
0,0.128515
0,0.112646
0,0.117717
0,0.129556
0,0.310746
0,0.106608
0,0.116664
1,0.964839
1,0.912813
1,0.932661
1,0.900499
1,0.927790
1,0.938787
1,0.902927
1,0.917921
1,0.881096
1,0.930002
1,0.903618
1,0.890794
1,0.898638
1,0.913760
1,0.949640
1,0.948689
1,0.945670
1,0.942474
1,0.911402
1,0.916595
1,0.933566
1,0.910689
1,0.856513
1,0.903881
1,0.941313
1,0.911205
1,0.935994
1,0.939181
1,0.949598
1,0.935498
1,0.947641
1,0.892471
1,0.938468
1,0.952004
1,0.960675
1,0.956529
1,0.939561
1,0.920866
1,0.938574
1,0.914498
1,0.927697
1,0.892988
1,0.925009
1,0.911014
1,0.940518
1,0.901722
1,0.907591
1,0.943206
1,0.916785
1,0.950433
1,0.940160
1,0.910484
1,0.919957
1,0.927839
1,0.925070
1,0.934156
1,0.937436
1,0.927073
1,0.928008
1,0.915218
1,0.898623
1,0.689926
1,0.811580
1,0.932277
1,0.894656
1,0.918629
1,0.934525
1,0.869606
1,0.872396
1,0.840970
1,0.862894
1,0.861252
1,0.838194
1,0.828155
1,0.854654
1,0.859160
1,0.814343
1,0.888524
1,0.938211
1,0.873878
1,0.942580
1,0.882794
1,0.881960
1,0.862083
1,0.869310
1,0.849933
1,0.865512
1,0.863236
1,0.918866
1,0.874865
1,0.860599
1,0.879235
1,0.889169
1,0.773207
1,0.896548
1,0.846482
1,0.896977
1,0.869827
1,0.852446
1,0.874449
1,0.079068
1,0.066963
1,0.063047
1,0.095114
1,0.135294
1,0.115632
1,0.104066
1,0.082431
1,0.140326
1,0.127614
1,0.090738
1,0.091510
1,0.117864
1,0.121258
1,0.139053
1,0.106531
1,0.091951
1,0.127057
1,0.073276
1,0.087608
1,0.098708
1,0.088238
1,0.124438
1,0.123213
1,0.095266
1,0.098001
1,0.080582
1,0.077283
1,0.091519
1,0.106797
1,0.124125
1,0.244990
1,0.080424
1,0.123559
1,0.094600
1,0.079167
1,0.122956
1,0.089718
1,0.103513
1,0.096748
1,0.121792
1,0.142934
1,0.113227
1,0.123123
1,0.096202
1,0.094745
1,0.110191
1,0.122886
1,0.115566
1,0.133188
1,0.101087
1,0.146083
1,0.088124
1,0.076392
1,0.107594
1,0.127159
1,0.152723
1,0.145864
1,0.149483
1,0.196620
1,0.198794
1,0.119751
1,0.951788
1,0.941443
1,0.950465
1,0.966585
1,0.973207
1,0.957809
1,0.968852
1,0.962165
1,0.963475
1,0.910672
1,0.940374
1,0.938416
1,0.932251
1,0.964120
1,0.946596
1,0.931315
1,0.967938
1,0.962046
1,0.958799
1,0.958313
1,0.935070
1,0.964448
1,0.952831
1,0.954636
1,0.952067
1,0.938981
1,0.941105
1,0.958701
1,0.970908
1,0.965287
1,0.955008
1,0.925393
1,0.912995
1,0.941719
1,0.927216
1,0.916487
1,0.880716
1,0.894738
1,0.773965
1,0.831166
1,0.879686
1,0.813894
1,0.907864
1,0.958425
1,0.912532
1,0.937156
1,0.936415
1,0.903978
1,0.815171
1,0.925350
1,0.867810
1,0.910472
1,0.935495
1,0.751369
1,0.832612
1,0.481434
1,0.909157
1,0.917178
1,0.929039
1,0.924347
1,0.942425
1,0.967731
1,0.967158
1,0.958899
1,0.950488
1,0.953950
1,0.968617
1,0.960051
1,0.965861
1,0.926229
1,0.954100
1,0.958186
1,0.965348
1,0.972423
1,0.971314
1,0.966127
1,0.950968
1,0.944732
1,0.966332
1,0.955655
1,0.941611
1,0.964839
1,0.923970
1,0.937215
1,0.917471
1,0.917414
1,0.932420
1,0.958860
1,0.933845
1,0.094596
1,0.061412
1,0.056255
1,0.048728
1,0.051115
1,0.057032
1,0.052690
1,0.045622
1,0.068436
1,0.054027
1,0.088409
1,0.107884
1,0.049670
1,0.048020
1,0.046757
1,0.082330
1,0.027359
1,0.029470
1,0.061831
1,0.088342
1,0.063740
1,0.066436
1,0.053960
1,0.068099
1,0.042056
1,0.055625
1,0.050558
1,0.060982
1,0.072089
1,0.043879
1,0.042839
1,0.029943
1,0.045817
1,0.036148
1,0.044855
1,0.075558
1,0.048374
1,0.029315
1,0.040090
1,0.045952
1,0.072318
1,0.048869
1,0.081529
1,0.052372
1,0.048092
1,0.034781
1,0.055430
1,0.036061
1,0.089698
1,0.051247
1,0.055219
1,0.029585
1,0.030512
1,0.043209
1,0.047899
1,0.053334
1,0.020094
1,0.080734
1,0.049137
1,0.056449
1,0.078212
1,0.101472
1,0.092283
1,0.132678
1,0.063678
1,0.078256
1,0.044176
1,0.032134
1,0.064267
1,0.049275
1,0.037049
1,0.046583
1,0.044686
1,0.025981
1,0.041171
1,0.048527
1,0.030784
1,0.047328
1,0.057777
1,0.099798
1,0.126538
1,0.106045
1,0.081058
1,0.067740
1,0.049386
1,0.029379
1,0.044817
1,0.044167
1,0.041508
1,0.043139
1,0.044716
1,0.068012
1,0.123895
1,0.044500
1,0.073623
1,0.082511
1,0.049327
1,0.085502
1,0.073693
1,0.053866
1,0.077423
1,0.027344
1,0.036512
1,0.030612
1,0.051913
1,0.039661
1,0.030421
1,0.030087
1,0.041037
1,0.047412
1,0.076076
1,0.022501
1,0.025894
1,0.153042
1,0.037256
1,0.022659
1,0.015607
1,0.029565
1,0.023927
1,0.384017
1,0.923278
1,0.106895
1,0.161084
1,0.019282
1,0.028726
1,0.020586
1,0.029811
1,0.016541
1,0.019612
1,0.044488
1,0.075698
1,0.047492
1,0.038706
1,0.038713
1,0.040492
1,0.048922
1,0.023963
1,0.046687
1,0.062227
1,0.030845
1,0.016788
1,0.018914
1,0.032563
1,0.018947
1,0.023461
1,0.035747
1,0.015502
1,0.022334
1,0.030199
1,0.028373
1,0.021119
1,0.023547
1,0.025220
1,0.016038
1,0.024463
1,0.019268
1,0.027848
1,0.025243
1,0.037381
1,0.027651
1,0.015608
1,0.039523
1,0.032117
1,0.048221
1,0.060802
1,0.081795
1,0.075145
1,0.035422
1,0.078268
1,0.111295
1,0.064078
1,0.054126
1,0.072984
1,0.026616
1,0.053418
1,0.046409
1,0.021640
1,0.018693
1,0.050182
1,0.045925
1,0.031850
1,0.036602
1,0.038907
0,0.056449
0,0.079601
0,0.038915
0,0.066575
0,0.062608
0,0.060347
0,0.074453
0,0.087041
0,0.056094
0,0.095926
0,0.066825
0,0.057031
0,0.099624
0,0.081051
0,0.082375
0,0.076377
0,0.067946
0,0.061546
0,0.030569
0,0.042917
0,0.032971
0,0.043724
0,0.072815
0,0.040513
0,0.053448
0,0.098585
0,0.062096
0,0.056223
0,0.049485
0,0.107439
0,0.068894
0,0.086854
0,0.079010
0,0.053085
0,0.056569
0,0.067976
0,0.041168
0,0.072734
0,0.053670
0,0.048926
0,0.044014
0,0.058737
0,0.063862
0,0.051560
0,0.060334
0,0.050076
0,0.042379
0,0.046436
0,0.076285
0,0.044283
0,0.045520
0,0.049256
0,0.046407
0,0.044393
0,0.041572
0,0.034595
0,0.026028
0,0.037889
0,0.054125
0,0.039978
0,0.049524
0,0.041530
0,0.044457
0,0.047448
0,0.056950
0,0.036836
0,0.043416
0,0.041610
0,0.059582
0,0.058196
0,0.103731
0,0.085334
0,0.071872
0,0.073941
0,0.058485
0,0.063815
0,0.053574
0,0.070766
0,0.055927
0,0.048092
0,0.038048
0,0.038931
0,0.044240
0,0.065209
0,0.039380
0,0.041364
0,0.051527
0,0.044380
0,0.059467
0,0.047563
0,0.062716
0,0.057299
0,0.056833
0,0.064311
0,0.043391
0,0.059180
0,0.048532
0,0.058137
0,0.043634
0,0.038676
0,0.026333
0,0.026122
0,0.035579
0,0.028006
0,0.026417
0,0.020291
0,0.027385
0,0.021486
0,0.039192
0,0.023820
0,0.020837
0,0.024027
0,0.033863
0,0.023515
0,0.019679
0,0.018689
0,0.022018
0,0.023093
0,0.026431
0,0.017197
0,0.020680
0,0.017016
0,0.020542
0,0.022941
0,0.020525
0,0.017382
0,0.023038
0,0.016644
0,0.017712
0,0.027165
0,0.016413
0,0.015973
0,0.019963
0,0.010301
0,0.024620
0,0.028706
0,0.026625
0,0.029759
0,0.022231
0,0.021320
0,0.033082
0,0.040379
0,0.020069
0,0.019631
0,0.022416
0,0.023971
0,0.035222
0,0.023357
1,0.046535
1,0.042096
1,0.050316
1,0.070190
1,0.071083
1,0.048876
1,0.043018
1,0.030017
1,0.036349
1,0.047567
1,0.072300
1,0.041820
1,0.041097
1,0.036558
1,0.042050
1,0.038916
1,0.038692
1,0.048904
1,0.036875
1,0.072065
1,0.066492
1,0.047464
1,0.049330
1,0.046046
1,0.047778
1,0.042534
1,0.046635
1,0.041327
1,0.033831
1,0.067793
1,0.044660
1,0.042111
1,0.072443
1,0.034657
1,0.046258
1,0.056465
1,0.033477
1,0.052920
1,0.043405
1,0.043658
1,0.038142
1,0.052127
1,0.039649
1,0.053755
1,0.129883
1,0.046698
1,0.153869
1,0.066176
1,0.042030
1,0.032401
1,0.032063
1,0.042839
1,0.031624
1,0.046597
1,0.062085
1,0.041259
1,0.052046
1,0.040174
1,0.063605
1,0.034404
1,0.044934
1,0.053583
1,0.054302
1,0.054071
1,0.041183
1,0.080972
1,0.103926
1,0.110080
1,0.080505
1,0.176202
1,0.163291
1,0.120866
1,0.074128
1,0.161245
1,0.108892
1,0.052837
1,0.032324
1,0.069489
1,0.061776
1,0.076524
1,0.080506
1,0.049362
1,0.051975
1,0.047553
1,0.046593
1,0.048104
1,0.088429
1,0.098957
1,0.079507
1,0.060303
1,0.056523
1,0.113335
1,0.095368
1,0.100931
1,0.090719
1,0.103473
1,0.083213
1,0.127476
1,0.101021
1,0.072051
1,0.091780
1,0.078325
1,0.049966
1,0.041792
1,0.058886
1,0.050817
1,0.046641
1,0.054033
1,0.063202
1,0.057694
1,0.048392
1,0.091554
1,0.083637
1,0.074855
1,0.071697
1,0.092935
1,0.087137
1,0.102516
1,0.084317
1,0.066461
1,0.072869
1,0.102066
1,0.068676
1,0.092081
1,0.098246
1,0.091848
1,0.095063
1,0.074867
1,0.081787
1,0.093164
1,0.091075
1,0.080988
1,0.057392
1,0.094941
1,0.078149
1,0.080925
1,0.090182
1,0.076498
1,0.097632
1,0.078585
1,0.090549
1,0.077741
1,0.127788
1,0.166103
1,0.104394
1,0.087614
1,0.074977
1,0.062893
1,0.046554
1,0.139547
1,0.103397
1,0.828331
1,0.251912
1,0.182341
1,0.284164
1,0.185643
1,0.132971
1,0.659969
1,0.190751
1,0.212921
1,0.196039
1,0.084504
1,0.209532
1,0.188390
1,0.215663
1,0.087394
1,0.227626
1,0.181295
1,0.212918
1,0.815185
1,0.550661
1,0.579550
1,0.132617
1,0.166762
1,0.142070
1,0.294494
1,0.264600
1,0.410181
1,0.189846
1,0.439883
1,0.252177
1,0.214970
1,0.329940
1,0.684611
1,0.872743
1,0.875026
1,0.770186
1,0.328650
1,0.536216
1,0.683176
1,0.570857
1,0.545276
1,0.261289
1,0.209131
1,0.263565
1,0.148393
1,0.271311
1,0.195208
1,0.103653
1,0.332269
1,0.273132
1,0.149182
1,0.454540
1,0.779377
1,0.147390
1,0.121040
1,0.166703
1,0.348975
1,0.084674
1,0.148820
1,0.273132
1,0.402644
1,0.201669
1,0.304642
1,0.778786
1,0.253047
1,0.245746
1,0.696434
1,0.161829
1,0.169189
1,0.323821
1,0.200582
1,0.175522
1,0.125086
1,0.783861
1,0.284948
1,0.856043
1,0.499146
1,0.622433
1,0.227137
1,0.318381
1,0.708165
1,0.652380
1,0.730850
1,0.829429
1,0.928652
1,0.122722
1,0.089241
1,0.138593
1,0.184866
1,0.131602
1,0.179313
1,0.215680
1,0.094678
1,0.113732
0,0.036604
0,0.030275
0,0.045326
0,0.053454
0,0.039388
0,0.028939
0,0.020883
0,0.017698
0,0.065114
0,0.021160
0,0.023479
0,0.018285
0,0.019480
0,0.032524
0,0.020018
0,0.022321
0,0.026532
0,0.028286
0,0.020269
0,0.017980
0,0.018405
0,0.033011
0,0.031746
0,0.023643
0,0.015473
0,0.027311
0,0.036773
0,0.034041
0,0.029570
0,0.022851
0,0.030553
0,0.020931
0,0.022243
0,0.035210
0,0.030799
0,0.018434
0,0.023446
0,0.019644
0,0.019593
0,0.026044
0,0.021359
0,0.035894
0,0.022759
0,0.056281
0,0.043172
0,0.053665
0,0.241171
0,0.056442
0,0.063482
0,0.057139
0,0.038386
0,0.041146
0,0.190376
0,0.035477
0,0.047660
0,0.071414
0,0.084386
0,0.092500
0,0.238992
0,0.072422
0,0.055129
0,0.111107
0,0.065351
0,0.058774
0,0.073443
0,0.083920
0,0.138391
0,0.088434
0,0.051224
0,0.062813
0,0.071974
0,0.060891
0,0.078706
0,0.102029
0,0.690571
0,0.242081
0,0.087176
0,0.154283
0,0.135923
0,0.085801
0,0.086400
0,0.109111
0,0.098954
0,0.060482
0,0.068898
0,0.056393
0,0.062628
0,0.071242
0,0.076037
0,0.074158
0,0.065903
0,0.059365
0,0.070220
0,0.054517
0,0.054374
0,0.048412
0,0.088378
0,0.050892
0,0.053954
0,0.090097
0,0.068594
0,0.065910
0,0.049408
0,0.079894
0,0.077943
0,0.087386
0,0.072876
0,0.103365
0,0.063394
0,0.043417
0,0.048041
0,0.069923
0,0.054965
0,0.060971
0,0.057653
0,0.048522
0,0.055625
0,0.062049
0,0.065837
0,0.083520
0,0.048919
0,0.064384
0,0.070703
0,0.119642
0,0.062163
0,0.040669
0,0.136086
0,0.056251
0,0.052581
0,0.058403
0,0.078429
0,0.053629
0,0.077951
0,0.048049
0,0.068214
0,0.071453
0,0.059200
0,0.058531
0,0.089465
0,0.057828
0,0.326310
0,0.067277
0,0.062557
0,0.072691
0,0.062222
0,0.074699
0,0.138706
0,0.206683
0,0.090763
0,0.107028
0,0.100527
0,0.533085
0,0.448722
0,0.156594
0,0.096487
0,0.069272
0,0.035702
0,0.044932
0,0.074478
0,0.064973
0,0.079469
0,0.094439
0,0.119580
0,0.062374
0,0.077554
0,0.062114
0,0.087954
0,0.051577
0,0.048628
0,0.052678
0,0.029931
0,0.041906
0,0.072832
0,0.048952
0,0.084570
0,0.046989
0,0.034961
0,0.049445
0,0.040716
0,0.040987
0,0.046180
0,0.040652
0,0.037142
0,0.076009
0,0.050042
0,0.066045
0,0.030746
0,0.048460
0,0.048467
0,0.055364
0,0.030097
0,0.053908
0,0.070293
0,0.043917
0,0.053150
0,0.046628
0,0.038719
0,0.050079
0,0.050707
0,0.052155
0,0.062057
0,0.059412
0,0.041476
0,0.075191
0,0.074973
0,0.047473
0,0.045772
0,0.069190
0,0.081433
0,0.054673
0,0.051185
0,0.068544
0,0.067732
0,0.052644
0,0.036988
0,0.039596
0,0.040382
0,0.072157
0,0.124917
0,0.067176
0,0.098007
0,0.073005
0,0.075227
0,0.071918
0,0.093898
0,0.055722
0,0.047872
0,0.048433
0,0.064258
0,0.082135
0,0.058635
0,0.063444
0,0.175242
0,0.091237
0,0.059839
0,0.023726
0,0.043324
0,0.045236
0,0.041271
0,0.033066
0,0.045905
0,0.047081
0,0.047046
0,0.033670
0,0.047365
0,0.068811
0,0.059454
0,0.063758
0,0.075603
0,0.024926
0,0.027353
0,0.032408
0,0.032574
0,0.034237
0,0.026185
0,0.029254
0,0.049434
0,0.029577
0,0.033649
0,0.025585
0,0.038082
0,0.029188
0,0.051841
0,0.038250
0,0.041272
0,0.030277
0,0.030310
0,0.041145
0,0.027301
0,0.029274
0,0.029982
0,0.019612
0,0.043999
0,0.032952
0,0.038596
0,0.040895
0,0.033641
0,0.019067
0,0.020877
0,0.027683
0,0.020776
0,0.041712
0,0.044487
0,0.035761
0,0.037367
0,0.041820
0,0.033343
0,0.039664
0,0.037138
0,0.051420
0,0.021623
0,0.047365
0,0.026391
0,0.023945
0,0.031818
0,0.026163
0,0.036186
0,0.032189
0,0.036051
0,0.028161
0,0.035271
0,0.036064
0,0.021964
0,0.027592
0,0.024744
0,0.033786
0,0.021939
0,0.037053
0,0.046681
0,0.043299
0,0.042118
0,0.027356
0,0.021930
0,0.019162
0,0.021757
0,0.037968
0,0.027218
0,0.023285
0,0.022918
0,0.027135
0,0.029135
0,0.029406
0,0.030667
0,0.036618
0,0.024830
0,0.018668
0,0.028081
1,0.049661
1,0.049257
1,0.038840
1,0.036474
1,0.045385
1,0.091104
1,0.059588
1,0.120620
1,0.062066
1,0.063931
1,0.061322
1,0.062370
1,0.049985
1,0.039291
1,0.023426
1,0.033858
1,0.038058
1,0.043692
1,0.030588
1,0.028575
1,0.071438
1,0.059695
1,0.057380
1,0.064605
1,0.054922
1,0.050734
1,0.124496
1,0.039534
1,0.071610
1,0.076451
1,0.202727
1,0.064334
1,0.039820
1,0.035620
1,0.050704
1,0.053577
1,0.036296
1,0.038435
1,0.099417
1,0.141263
1,0.057505
1,0.081932
1,0.135192
1,0.047174
1,0.088144
1,0.039932
1,0.060027
1,0.036874
1,0.046253
1,0.050663
1,0.047365
1,0.046840
1,0.034582
1,0.037270
1,0.047083
1,0.040720
1,0.050147
1,0.030317
1,0.037284
1,0.069096
1,0.048346
1,0.032016
1,0.049033
1,0.034096
1,0.040401
1,0.030751
1,0.041093
1,0.042569
1,0.039434
1,0.040407
1,0.056696
1,0.065584
1,0.041987
1,0.091299
1,0.076750
1,0.087006
1,0.087517
1,0.042553
1,0.119387
1,0.043755
1,0.085285
1,0.079347
1,0.045727
1,0.064316
1,0.065624
1,0.170193
1,0.037255
1,0.082340
1,0.040230
1,0.059462
1,0.049142
1,0.053976
1,0.048211
1,0.034977
1,0.063987
1,0.051289
1,0.057809
1,0.053031
1,0.075040
1,0.095817
1,0.338169
1,0.079899
1,0.077585
1,0.075505
1,0.076824
1,0.061771
1,0.106298
1,0.054283
1,0.111597
1,0.064692
1,0.065371
1,0.077513
1,0.059574
1,0.081499
1,0.158757
1,0.117198
1,0.091973
1,0.082851
1,0.248491
1,0.113805
1,0.112284
1,0.126160
1,0.113644
1,0.079876
1,0.116210
1,0.141337
1,0.073678
1,0.094863
1,0.083642
1,0.045520
1,0.071685
1,0.801044
1,0.044756
1,0.066506
1,0.115598
1,0.067819
1,0.088269
1,0.066398
1,0.047185
1,0.074407
1,0.032254
1,0.050632
1,0.048146
1,0.057926
1,0.041534
1,0.059495
1,0.069088
1,0.081789
1,0.081601
1,0.086358
1,0.112174
1,0.059710
1,0.138500
1,0.073363
1,0.087742
1,0.065262
1,0.054229
1,0.052191
1,0.056727
1,0.085490
1,0.112255
1,0.059334
1,0.056111
1,0.076843
1,0.062781
1,0.066079
1,0.063363
1,0.113344
1,0.071931
1,0.066894
0,0.196695
0,0.131635
0,0.083079
0,0.079970
0,0.132295
0,0.352759
0,0.199022
0,0.328401
0,0.328769
0,0.373905
0,0.139026
0,0.214318
0,0.332011
0,0.828545
0,0.141298
0,0.128120
0,0.198236
0,0.728634
0,0.838655
0,0.689538
0,0.369568
0,0.193543
0,0.112276
0,0.160669
0,0.189897
0,0.202776
0,0.451328
0,0.180124
0,0.301292
0,0.177406
0,0.617286
0,0.144306
0,0.452025
0,0.461107
0,0.415375
0,0.558536
0,0.109593
0,0.119442
0,0.278433
0,0.099608
0,0.789480
0,0.552338
0,0.134538
0,0.207082
0,0.577621
0,0.062684
0,0.084320
0,0.060135
0,0.173715
0,0.153349
0,0.101064
0,0.170227
0,0.111901
0,0.117520
0,0.105074
0,0.206619
0,0.334222
0,0.207493
0,0.141239
0,0.082261
0,0.045299
0,0.067636
0,0.085397
0,0.101912
0,0.097138
0,0.166968
0,0.103539
0,0.326499
0,0.220759
0,0.202144
0,0.156340
0,0.106859
0,0.118484
0,0.238089
0,0.229162
0,0.552684
0,0.901576
0,0.198618
0,0.869142
0,0.536913
0,0.125748
0,0.107729
0,0.151804
0,0.603361
0,0.179589
0,0.850151
0,0.114090
0,0.432294
0,0.068046
1,0.180403
1,0.081194
1,0.167220
1,0.088643
1,0.078498
1,0.047747
1,0.092943
1,0.089048
1,0.090289
1,0.077144
1,0.068204
1,0.070799
1,0.097437
1,0.082055
1,0.104102
1,0.122368
1,0.078901
1,0.155495
1,0.150042
1,0.131722
1,0.113616
1,0.099984
1,0.112708
1,0.066915
1,0.069250
1,0.109692
1,0.099777
1,0.092537
1,0.181546
1,0.096657
1,0.149386
1,0.107594
1,0.073748
1,0.121595
1,0.077964
1,0.106620
1,0.162048
1,0.175016
1,0.075643
1,0.067434
1,0.071678
1,0.112839
1,0.086763
1,0.085786
1,0.128841
1,0.093380
1,0.069590
1,0.110700
1,0.066645
1,0.106027
1,0.144456
1,0.100926
1,0.092677
1,0.149028
1,0.192796
1,0.122519
1,0.134474
1,0.086620
1,0.133252
1,0.063108
1,0.094337
1,0.071136
1,0.060421
1,0.070412
1,0.086095
1,0.066589
1,0.155816
1,0.089123
1,0.045047
1,0.074894
1,0.158291
1,0.116868
1,0.083057
1,0.071214
1,0.062445
1,0.064368
1,0.101654
1,0.088671
1,0.146590
1,0.112159
1,0.182823
1,0.090029
1,0.093801
1,0.515123
1,0.529944
1,0.306737
1,0.135613
1,0.078883
1,0.109474
1,0.113756
1,0.129899
1,0.190981
1,0.446520
1,0.156953
1,0.137303
1,0.099080
1,0.154312
1,0.172307
1,0.159598
1,0.095638
1,0.444731
1,0.116124
1,0.188182
1,0.175269
1,0.204105
1,0.179034
1,0.664596
1,0.262015
1,0.205870
1,0.392061
1,0.706495
1,0.469169
1,0.115777
1,0.116759
1,0.141193
1,0.145224
1,0.191249
1,0.197469
1,0.155213
1,0.486282
1,0.704954
1,0.179398
1,0.689410
1,0.585624
1,0.852382
1,0.750597
1,0.731922
1,0.650671
1,0.807702
1,0.686845
1,0.651936
1,0.274527
1,0.203540
1,0.794880
1,0.662400
1,0.717350
1,0.745022
1,0.499826
1,0.689392
1,0.824301
1,0.574776
1,0.211862
1,0.395782
1,0.742983
1,0.249218
1,0.499775
1,0.225199
1,0.188065
1,0.512661
1,0.127843
1,0.472532
1,0.179059
1,0.276109
1,0.207497
1,0.247640
1,0.284106
1,0.262951
1,0.278706
1,0.334688
1,0.175929
1,0.262043
1,0.651514
1,0.298888
1,0.123637
1,0.670824
1,0.338427
1,0.300976
1,0.327240
1,0.817540
1,0.595803
1,0.260708
1,0.524344
1,0.188743
1,0.328752
1,0.712408
1,0.581102
1,0.076122
1,0.903212
1,0.157887
1,0.712970
1,0.907972
1,0.568357
1,0.043512
1,0.141381
1,0.063100
1,0.135883
1,0.078581
1,0.057901
1,0.632809
1,0.434498
1,0.222849
1,0.333939
1,0.876638
1,0.218593
1,0.483740
1,0.624553
1,0.287866
1,0.119508
1,0.692339
1,0.067227
1,0.625860
1,0.812598
1,0.912215
1,0.800419
1,0.861093
1,0.402049
1,0.128179
1,0.356353
1,0.218687
1,0.124332
1,0.049425
1,0.092819
1,0.516555
1,0.304089
1,0.107414
1,0.143366
1,0.748548
1,0.954703
1,0.887432
1,0.857165
1,0.328433
1,0.160810
1,0.689058
1,0.758057
1,0.555673
1,0.111913
1,0.293442
1,0.574857
1,0.922522
1,0.963217
1,0.571974
1,0.953953
1,0.715351
1,0.621086
1,0.111985
1,0.914508
1,0.905637
1,0.109520
1,0.620586
1,0.374928
1,0.620086
1,0.130814
1,0.068038
1,0.846793
1,0.093359
1,0.393624
1,0.274688
1,0.083755
1,0.294307
1,0.214636
1,0.095176
1,0.045496
1,0.276280
1,0.064387
1,0.064954
1,0.122891
1,0.390474
1,0.546959
1,0.789559
1,0.509289
1,0.955920
1,0.643591
1,0.971948
1,0.945076
1,0.062292
1,0.099755
1,0.039619
1,0.116248
1,0.082050
1,0.491667
1,0.100042
1,0.387554
1,0.106533
1,0.096895
1,0.199544
1,0.067348
1,0.067842
1,0.060529
1,0.082718
1,0.108561
1,0.078985
1,0.310672
1,0.123533
1,0.069961
1,0.076718
1,0.115826
1,0.078670
1,0.187066
1,0.086978
1,0.319475
1,0.544321
1,0.060393
1,0.052325
1,0.066356
1,0.052152
0,0.037282
0,0.055542
0,0.031886
0,0.035607
0,0.023930
0,0.021951
0,0.048288
0,0.051460
0,0.058316
0,0.028716
0,0.024527
0,0.041306
0,0.021597
0,0.034964
0,0.027972
0,0.032854
0,0.034551
0,0.032636
0,0.044439
0,0.035276
0,0.028772
0,0.028098
0,0.028412
0,0.051861
0,0.019779
0,0.019150
0,0.011283
0,0.033934
0,0.032520
0,0.020891
0,0.024625
0,0.019697
0,0.021244
0,0.032535
0,0.049287
0,0.026448
0,0.031693
0,0.058036
0,0.033376
0,0.025843
0,0.038328
0,0.036112
0,0.023801
0,0.018599
0,0.023979
0,0.019937
0,0.031669
0,0.032573
0,0.042066
0,0.044039
0,0.035423
0,0.041786
0,0.018937
0,0.035688
0,0.036587
0,0.031688
0,0.091428
0,0.027403
0,0.046718
0,0.031980
0,0.016943
0,0.027860
0,0.028271
0,0.024314
0,0.036404
0,0.038215
0,0.027627
0,0.023461
0,0.028145
0,0.027491
0,0.040904
0,0.079913
0,0.084251
0,0.085871
0,0.087249
0,0.106743
0,0.768987
0,0.137803
0,0.728899
0,0.075067
0,0.124166
0,0.156586
0,0.064015
0,0.544872
0,0.822501
0,0.188379
0,0.191606
0,0.039420
0,0.101467
0,0.112161
0,0.671355
0,0.505440
0,0.423285
0,0.474792
0,0.386101
0,0.303020
0,0.454162
0,0.538567
0,0.222084
0,0.120355
0,0.811847
0,0.071070
0,0.085423
0,0.627000
0,0.075882
0,0.144383
0,0.496727
0,0.094234
0,0.904617
0,0.104932
0,0.589291
0,0.573360
0,0.187004
0,0.542824
0,0.160771
0,0.136967
0,0.909808
0,0.277849
0,0.202351
0,0.180020
0,0.122220
0,0.101573
0,0.055599
0,0.187947
0,0.793178
0,0.855900
0,0.246569
0,0.147090
0,0.213130
0,0.209549
0,0.673814
0,0.872875
0,0.108053
0,0.078907
0,0.336893
0,0.146388
0,0.148162
0,0.077435
0,0.603776
0,0.593143
0,0.097784
0,0.826780
0,0.788016
0,0.115277
0,0.159911
0,0.215508
0,0.571794
0,0.517948
0,0.755141
0,0.062852
0,0.248881
0,0.059986
0,0.097921
0,0.130557
1,0.100051
1,0.083834
1,0.085456
1,0.088323
1,0.127430
1,0.095130
1,0.065213
1,0.059329
1,0.075774
1,0.063163
1,0.062243
1,0.118358
1,0.067956
1,0.089895
1,0.076649
1,0.070217
1,0.048919
1,0.050574
1,0.063674
1,0.050849
1,0.057540
1,0.091510
1,0.054169
1,0.058333
1,0.112668
1,0.101271
1,0.837584
1,0.110572
1,0.257382
1,0.133548
1,0.068333
1,0.081588
1,0.127945
1,0.073597
1,0.068160
1,0.110335
1,0.040888
1,0.108586
1,0.065499
1,0.079869
1,0.080198
1,0.067379
1,0.037539
1,0.051768
1,0.100066
1,0.110467
1,0.080963
1,0.053003
1,0.186611
1,0.085248
1,0.107396
1,0.111520
1,0.077057
1,0.138010
1,0.123358
1,0.556001
1,0.109245
1,0.077774
1,0.103010
1,0.522494
1,0.169717
1,0.130199
1,0.081272
1,0.113919
1,0.139042
1,0.298865
1,0.123296
1,0.123618
1,0.223249
1,0.211356
1,0.066766
1,0.079237
1,0.094448
1,0.071851
1,0.138885
1,0.079042
1,0.082456
1,0.073164
1,0.054317
1,0.062870
1,0.067949
1,0.094994
1,0.058695
1,0.049198
1,0.086623
1,0.674514
1,0.110808
1,0.105292
1,0.076972
1,0.075510
1,0.091985
1,0.130380
1,0.089270
1,0.058751
1,0.081129
1,0.079634
1,0.106285
1,0.290434
1,0.173617
1,0.130737
1,0.048648
1,0.042345
1,0.107277
1,0.029078
1,0.031825
1,0.027431
1,0.037505
1,0.033569
1,0.029599
1,0.051291
1,0.037006
1,0.036886
1,0.024968
1,0.116818
1,0.373981
1,0.086099
1,0.086775
1,0.045890
1,0.115351
1,0.088802
1,0.041142
1,0.036738
1,0.054469
1,0.096587
1,0.057575
1,0.054809
1,0.086275
1,0.046671
1,0.042810
1,0.040608
1,0.098903
1,0.037310
1,0.059016
1,0.055135
1,0.059143
1,0.046479
1,0.206886
1,0.037679
1,0.075635
1,0.032854
1,0.152178
1,0.048722
1,0.044436
1,0.071672
1,0.053507
1,0.119331
1,0.049651
1,0.029908
1,0.053849
1,0.048081
1,0.750818
1,0.089649
1,0.058062
1,0.045964
1,0.034243
1,0.108346
1,0.078655
1,0.031814
1,0.047069
1,0.042361
1,0.039223
1,0.055556
1,0.072175
1,0.043786
1,0.045409
1,0.065442
1,0.068454
1,0.060155
1,0.039432
1,0.028583
1,0.066752
1,0.029676
1,0.041466
1,0.045496
1,0.035233
1,0.044474
1,0.047073
1,0.074223
1,0.044596
1,0.129210
1,0.029941
1,0.382035
1,0.048846
1,0.127136
1,0.031469
1,0.023015
1,0.027184
1,0.030958
1,0.026045
1,0.017848
1,0.026595
1,0.028150
1,0.043656
1,0.072759
1,0.056940
1,0.056631
0,0.017576
0,0.026714
0,0.022663
0,0.024560
0,0.030274
0,0.031109
0,0.052486
0,0.042188
0,0.033879
0,0.042628
0,0.036062
0,0.039633
0,0.040121
0,0.037081
0,0.040724
0,0.022477
0,0.022856
0,0.028759
0,0.031919
0,0.038000
0,0.029352
0,0.041195
0,0.062091
0,0.039859
0,0.042667
0,0.038411
0,0.041156
0,0.033485
0,0.027557
0,0.036763
0,0.028219
0,0.030784
0,0.020940
0,0.030807
0,0.047305
0,0.022708
0,0.029866
0,0.030019
0,0.036392
0,0.029628
0,0.024621
0,0.033137
0,0.030611
0,0.040003
0,0.032386
0,0.031951
0,0.047273
0,0.066227
0,0.052281
0,0.025309
0,0.051812
0,0.030611
0,0.053228
0,0.053401
0,0.029951
0,0.028274
0,0.058509
0,0.044260
0,0.049399
0,0.051051
0,0.042826
0,0.045888
0,0.044400
0,0.054460
0,0.052742
0,0.037625
0,0.043748
1,0.089860
1,0.401889
1,0.152430
1,0.226973
1,0.150537
1,0.194598
1,0.082142
1,0.073411
1,0.074547
1,0.130546
1,0.205613
1,0.070036
1,0.072978
1,0.071052
1,0.054814
1,0.203372
1,0.092686
1,0.082759
1,0.129769
1,0.120764
1,0.078688
1,0.092725
1,0.075704
1,0.089261
1,0.114477
1,0.486345
1,0.112669
1,0.126210
1,0.206237
1,0.537378
1,0.291601
1,0.349776
1,0.179567
1,0.201372
1,0.084754
1,0.365747
1,0.146371
1,0.128591
1,0.203401
1,0.059790
1,0.232104
1,0.085145
1,0.170593
1,0.102672
1,0.105961
1,0.130022
1,0.859290
1,0.188746
1,0.185824
1,0.091123
1,0.117683
1,0.194811
1,0.156941
1,0.184288
1,0.097994
1,0.205127
1,0.031623
1,0.029518
1,0.027131
1,0.022803
1,0.024301
1,0.027930
1,0.022499
1,0.028339
1,0.024505
1,0.036671
1,0.039731
1,0.027308
1,0.024816
1,0.023421
1,0.026491
1,0.029864
1,0.024444
1,0.018809
1,0.015325
1,0.032518
1,0.024079
1,0.024927
1,0.031997
1,0.021986
1,0.023125
1,0.031086
1,0.026513
1,0.022318
1,0.051121
1,0.032817
1,0.028805
1,0.035981
1,0.025762
1,0.025839
1,0.023331
1,0.021801
1,0.018728
1,0.026775
1,0.017208
1,0.035227
1,0.026151
1,0.022579
1,0.024797
1,0.020376
1,0.010937
1,0.024547
1,0.016999
1,0.021026
1,0.017024
1,0.029020
1,0.022998
1,0.028138
1,0.022030
1,0.017063
1,0.024678
1,0.031961
1,0.023175
1,0.021198
1,0.024249
1,0.028223
1,0.029764
0,0.270169
0,0.347522
0,0.441705
0,0.786294
0,0.647433
0,0.146412
0,0.393236
0,0.157054
0,0.503111
0,0.221504
0,0.465718
0,0.857582
0,0.828750
0,0.299010
0,0.575098
0,0.764201
0,0.458401
0,0.246883
0,0.174210
0,0.432119
0,0.811966
0,0.197232
0,0.738687
0,0.554690
0,0.226546
0,0.350961
0,0.355485
0,0.121631
0,0.094587
0,0.075389
0,0.849972
0,0.551915
0,0.521123
0,0.374358
0,0.207403
0,0.658008
0,0.587425
0,0.827021
0,0.145428
0,0.152395
0,0.291604
0,0.119063
0,0.161670
0,0.099784
0,0.615763
0,0.128343
0,0.150249
0,0.185196
0,0.199731
0,0.118572
0,0.127547
0,0.125768
0,0.118611
0,0.103977
0,0.221000
0,0.248719
0,0.186686
0,0.088272
0,0.208377
0,0.189011
0,0.162063
0,0.107968
0,0.149463
0,0.135524
0,0.766215
0,0.230488
0,0.205800
0,0.129615
0,0.077179
0,0.196292
0,0.189143
0,0.152245
0,0.168041
0,0.110784
0,0.165381
0,0.111188
0,0.124797
0,0.275667
0,0.316221
0,0.261048
0,0.515094
0,0.151300
0,0.660163
0,0.520338
0,0.303536
0,0.210252
0,0.234487
0,0.317842
0,0.663258
0,0.291525
0,0.900331
0,0.879311
0,0.600309
0,0.275950
0,0.486211
0,0.233976
0,0.178114
0,0.352793
0,0.160278
0,0.127812
1,0.032083
1,0.027706
1,0.032987
1,0.041614
1,0.061129
1,0.044843
1,0.032445
1,0.032414
1,0.034646
1,0.136757
1,0.040888
1,0.066654
1,0.047459
1,0.043304
1,0.036066
1,0.042001
1,0.047848
1,0.031051
1,0.045040
1,0.029649
1,0.026414
1,0.028546
1,0.028548
1,0.041760
1,0.041757
1,0.021132
1,0.022090
1,0.023348
1,0.027527
1,0.039946
1,0.033071
1,0.024229
1,0.053601
1,0.024647
1,0.027839
1,0.040649
1,0.033288
1,0.041327
1,0.041862
1,0.037672
1,0.020647
1,0.021867
1,0.019481
1,0.019502
1,0.028140
1,0.034054
1,0.042317
1,0.031894
1,0.035028
1,0.036381
1,0.037249
1,0.027156
1,0.028337
1,0.044475
1,0.038661
1,0.042951
1,0.025737
1,0.025307
1,0.036071
1,0.041500
1,0.030968
1,0.047989
1,0.043908
1,0.031097
1,0.020041
1,0.022562
1,0.020188
1,0.021600
1,0.024616
1,0.036411
1,0.026665
1,0.034739
1,0.031667
1,0.041240
1,0.049318
1,0.023686
1,0.022819
1,0.030866
1,0.032746
1,0.027125
1,0.026603
1,0.019500
1,0.035483
1,0.025277
1,0.030337
1,0.028300
1,0.031656
1,0.025669
1,0.031311
1,0.024388
1,0.039353
1,0.079526
1,0.059226
1,0.051039
1,0.032820
1,0.036995
1,0.034339
1,0.035413
1,0.037520
1,0.037431
1,0.089344
1,0.054222
1,0.040579
1,0.057001
1,0.097140
1,0.064528
1,0.102792
1,0.094387
1,0.047037
1,0.051692
1,0.062083
1,0.097248
1,0.092117
1,0.075523
1,0.088503
1,0.066936
1,0.050950
1,0.059098
1,0.045693
1,0.039144
1,0.064896
1,0.061318
1,0.061299
1,0.034130
1,0.052019
1,0.044446
1,0.045574
1,0.042604
1,0.035236
1,0.047171
1,0.046187
1,0.059685
1,0.047951
1,0.046961
1,0.051772
1,0.056794
1,0.037222
1,0.074938
1,0.067931
1,0.075182
1,0.071052
1,0.047549
1,0.058596
1,0.062171
1,0.044974
1,0.063158
1,0.071023
1,0.042707
1,0.071135
1,0.080103
1,0.088014
1,0.076679
1,0.044788
1,0.042933
1,0.049660
1,0.072967
1,0.059834
1,0.075816
1,0.042716
1,0.034786
1,0.055480
1,0.072012
1,0.088257
1,0.039557
1,0.089299
1,0.055619
1,0.062583
1,0.064514
1,0.052542
1,0.065982
1,0.045220
1,0.050929
1,0.057239
1,0.036192
1,0.062357
1,0.055696
1,0.060837
1,0.082088
1,0.086707
1,0.074261
1,0.048620
1,0.090605
1,0.065706
1,0.091531
1,0.089485
1,0.054074
1,0.053229
1,0.048652
1,0.091334
1,0.062175
1,0.063784
1,0.048033
1,0.055302
1,0.033861
1,0.043889
1,0.065126
1,0.049363
1,0.039183
1,0.040727
1,0.062720
0,0.315009
0,0.651091
0,0.730618
0,0.101747
0,0.367589
0,0.800490
0,0.924617
0,0.622966
0,0.191040
0,0.363878
0,0.541018
0,0.398219
0,0.889946
0,0.600649
0,0.142010
0,0.289484
0,0.171784
0,0.917811
0,0.444351
0,0.297559
0,0.137805
0,0.066254
0,0.259838
0,0.182512
0,0.071975
0,0.504896
0,0.501534
0,0.150895
0,0.254628
0,0.220302
0,0.756244
0,0.220933
0,0.082201
0,0.165367
0,0.117530
0,0.044117
0,0.288205
0,0.620579
0,0.799761
0,0.220969
0,0.427571
0,0.556684
0,0.322133
0,0.544896
0,0.094646
0,0.296235
0,0.425181
0,0.444745
0,0.368860
0,0.199784
0,0.181142
0,0.105249
0,0.137953
0,0.093934
0,0.088298
0,0.138231
0,0.206148
0,0.159207
0,0.188250
0,0.357673
0,0.190061
0,0.695519
0,0.168714
0,0.158821
0,0.121849
0,0.263169
0,0.207011
0,0.194181
0,0.152279
0,0.213809
0,0.324245
0,0.256186
0,0.111592
0,0.246334
0,0.171705
0,0.771753
0,0.837765
0,0.821281
0,0.818986
0,0.240323
0,0.909961
0,0.875479
0,0.312637
0,0.919153
0,0.948272
0,0.391497
0,0.844020
0,0.709775
0,0.792771
0,0.575281
0,0.856720
0,0.162721
0,0.375793
0,0.956110
0,0.634407
0,0.331438
0,0.718376
0,0.919977
0,0.108335
0,0.338935
0,0.031922
0,0.142538
0,0.071337
0,0.104459
0,0.084716
0,0.139650
0,0.066376
0,0.072235
0,0.089187
0,0.112978
0,0.076921
0,0.067747
0,0.081577
0,0.126025
0,0.604792
0,0.043632
0,0.042087
0,0.061006
0,0.042818
0,0.062941
0,0.053571
0,0.092459
0,0.067686
0,0.069362
0,0.083686
0,0.111472
0,0.096172
0,0.119808
0,0.141190
0,0.154393
0,0.108394
0,0.164979
0,0.129478
0,0.119135
0,0.173118
0,0.095376
0,0.138713
0,0.086917
0,0.183078
0,0.103490
0,0.069385
0,0.103993
0,0.089090
0,0.047669
0,0.064599
0,0.044872
0,0.049485
0,0.061944
0,0.020212
0,0.035805
0,0.048917
0,0.046975
0,0.027181
0,0.062394
0,0.029169
0,0.053190
0,0.043875
0,0.045278
0,0.043828
0,0.044900
0,0.089689
0,0.219005
0,0.042998
0,0.034265
0,0.037762
0,0.037780
0,0.034595
0,0.052365
0,0.042882
0,0.074157
0,0.034129
0,0.065286
0,0.427805
0,0.721002
0,0.040733
0,0.063714
0,0.098850
0,0.086657
0,0.101584
0,0.069696
0,0.048268
0,0.075505
0,0.050223
1,0.060718
1,0.054481
1,0.041547
1,0.067244
1,0.039171
1,0.085021
1,0.067087
1,0.050749
1,0.078524
1,0.061209
1,0.079028
1,0.070554
1,0.049376
1,0.071420
1,0.066883
1,0.110576
1,0.121901
1,0.066058
1,0.044815
1,0.037767
1,0.046113
1,0.039956
1,0.059028
1,0.035713
1,0.055624
1,0.034052
1,0.024434
1,0.046270
1,0.092784
1,0.044290
1,0.058306
1,0.035674
1,0.053752
1,0.047200
1,0.100536
1,0.079564
1,0.036377
1,0.113382
1,0.097997
1,0.049234
1,0.060420
1,0.061001
1,0.067737
1,0.037362
1,0.047933
1,0.125176
1,0.068172
1,0.054569
1,0.096072
1,0.083922
1,0.093859
1,0.090983
1,0.057602
1,0.146720
1,0.078500
1,0.106046
1,0.124338
1,0.043352
1,0.076351
1,0.108820
1,0.089393
1,0.192618
1,0.072224
1,0.049456
1,0.186127
1,0.080022
1,0.116812
1,0.075919
1,0.087671
1,0.098298
1,0.098124
1,0.086891
1,0.106470
0,0.084799
0,0.680084
0,0.075860
0,0.083860
0,0.058487
0,0.068419
0,0.155384
0,0.058576
0,0.121320
0,0.025842
0,0.083721
0,0.053905
0,0.035484
0,0.108621
0,0.094284
0,0.169871
0,0.891155
0,0.038649
0,0.086091
0,0.045401
0,0.129327
0,0.047314
0,0.105965
0,0.076230
0,0.105524
0,0.255291
0,0.118702
0,0.116429
0,0.711654
0,0.048121
0,0.047146
0,0.061994
0,0.046411
0,0.028125
0,0.048077
0,0.066929
0,0.132203
0,0.080530
0,0.043858
0,0.059695
0,0.047017
0,0.162307
0,0.100490
0,0.723132
0,0.160388
0,0.801193
0,0.149846
0,0.235752
0,0.122073
0,0.131053
0,0.088100
0,0.073113
0,0.027524
0,0.038962
0,0.069166
0,0.636809
0,0.069261
0,0.060201
0,0.071455
0,0.161415
0,0.102434
0,0.059497
0,0.060980
0,0.094949
0,0.069477
0,0.058702
0,0.062295
0,0.057458
0,0.098910
0,0.143939
0,0.137642
0,0.148628
0,0.520412
0,0.102411
0,0.450780
0,0.874731
0,0.823071
0,0.693870
0,0.873685
0,0.040112
0,0.084696
0,0.028240
0,0.055981
0,0.053374
0,0.028890
0,0.100760
0,0.056323
0,0.066274
0,0.086068
0,0.199117
0,0.060161
0,0.065565
0,0.047474
0,0.042508
0,0.025318
0,0.042099
0,0.156710
0,0.035055
0,0.029692
0,0.093144
1,0.155025
1,0.103914
1,0.209176
1,0.060286
1,0.064562
1,0.085065
1,0.213192
1,0.135177
1,0.099756
1,0.105568
1,0.467784
1,0.733879
1,0.320934
1,0.209873
1,0.062726
1,0.160212
1,0.091566
1,0.440905
1,0.072567
1,0.071486
1,0.348158
1,0.064830
1,0.050964
1,0.085235
1,0.178808
1,0.611430
1,0.117958
1,0.192828
1,0.188829
1,0.128368
1,0.392111
1,0.086369
1,0.246731
1,0.123260
1,0.141584
1,0.240003
1,0.172632
1,0.090103
1,0.132901
1,0.095369
1,0.056024
1,0.058688
1,0.101912
1,0.728184
1,0.311442
1,0.664678
1,0.088229
1,0.281400
1,0.335443
0,0.049375
0,0.049966
0,0.049966
0,0.049966
0,0.047029
0,0.042750
0,0.029779
0,0.018553
0,0.042917
0,0.034745
0,0.034166
0,0.032590
0,0.031573
0,0.056477
0,0.044291
0,0.054461
0,0.035373
0,0.017841
0,0.027779
0,0.021245
0,0.027142
0,0.069401
0,0.031964
0,0.039974
0,0.029823
0,0.032811
0,0.035310
0,0.060851
0,0.049709
0,0.029388
0,0.028722
0,0.042172
0,0.021701
0,0.033767
0,0.026972
0,0.036750
0,0.076626
0,0.030880
0,0.044455
0,0.038056
0,0.030997
0,0.023704
0,0.028742
0,0.031441
0,0.041425
0,0.029683
0,0.040531
0,0.023870
0,0.016076
0,0.044891
0,0.040463
0,0.031171
0,0.053137
0,0.022235
0,0.019356
0,0.020051
0,0.023292
0,0.023721
0,0.017992
0,0.060278
0,0.040205
0,0.023066
0,0.038221
0,0.035339
0,0.032313
0,0.070088
0,0.029466
0,0.034335
0,0.058538
0,0.105290
0,0.036347
0,0.073392
0,0.133730
0,0.030404
0,0.059067
0,0.057274
0,0.094767
0,0.050889
0,0.037803
0,0.090943
0,0.249785
0,0.096096
0,0.069469
0,0.050097
0,0.061066
0,0.029206
0,0.038644
0,0.041790
0,0.137049
0,0.035609
0,0.056539
0,0.038478
0,0.030864
0,0.038603
0,0.075648
0,0.030368
0,0.044741
0,0.029131
0,0.046594
0,0.037478
0,0.098601
0,0.061416
0,0.079021
0,0.066834
0,0.108663
0,0.681428
0,0.101697
0,0.140431
0,0.169530
0,0.127430
0,0.129202
0,0.202207
0,0.110674
0,0.102013
0,0.604711
0,0.577316
0,0.221369
0,0.113933
0,0.084377
0,0.184390
0,0.068787
0,0.292059
0,0.077417
0,0.098617
0,0.075697
0,0.089410
0,0.159905
0,0.069668
0,0.167818
0,0.129835
0,0.194109
0,0.125326
0,0.074137
0,0.097975
0,0.087533
0,0.080719
0,0.125081
0,0.272442
0,0.135435
0,0.090396
0,0.084986
0,0.052794
0,0.054677
0,0.083781
0,0.092891
0,0.059865
0,0.070654
0,0.057714
0,0.071296
0,0.165718
0,0.191104
0,0.104762
0,0.119361
0,0.138536
0,0.154391
0,0.431807
0,0.135482
0,0.065347
0,0.094265
0,0.080739
0,0.052238
0,0.054680
0,0.074894
0,0.104187
0,0.112073
0,0.039479
0,0.039491
0,0.030688
0,0.017879
0,0.036828
0,0.019275
0,0.020353
0,0.031575
0,0.032836
0,0.038313
0,0.026641
0,0.031814
0,0.029677
0,0.031486
0,0.018568
0,0.033529
0,0.032952
0,0.019972
0,0.023478
0,0.036401
0,0.028426
0,0.047552
0,0.033691
0,0.027668
0,0.060212
0,0.026737
0,0.022487
0,0.015230
0,0.030741
0,0.019711
0,0.022969
0,0.017694
0,0.048545
0,0.043766
0,0.054251
0,0.067175
0,0.035753
0,0.052075
0,0.096273
0,0.057867
0,0.078649
0,0.055055
0,0.075867
0,0.051469
0,0.037414
0,0.068810
0,0.046186
0,0.056137
0,0.048825
0,0.079135
0,0.066142
0,0.033391
0,0.050328
0,0.031654
0,0.027887
0,0.065770
0,0.041787
0,0.043650
0,0.039522
0,0.057896
0,0.060067
0,0.056245
0,0.046101
0,0.035941
0,0.031051
0,0.048245
0,0.072002
0,0.081477
0,0.069804
0,0.044288
0,0.061284
0,0.042063
0,0.047291
0,0.191432
0,0.030535
0,0.035206
0,0.034825
0,0.043940
0,0.044980
0,0.053600
0,0.032745
0,0.044050
0,0.064015
0,0.057307
0,0.039346
0,0.056866
0,0.034432
0,0.038010
0,0.049500
0,0.044778
0,0.050186
0,0.027620
0,0.037671
0,0.036888
0,0.048357
0,0.047361
0,0.045778
0,0.028614
0,0.051340
0,0.042724
1,0.106204
1,0.106200
1,0.043807
1,0.085437
1,0.070905
1,0.031431
1,0.110570
1,0.086874
1,0.063249
1,0.086407
1,0.058061
1,0.050718
1,0.057479
1,0.129142
1,0.045938
1,0.042176
1,0.060038
1,0.088751
1,0.067063
1,0.111595
1,0.075146
1,0.085179
1,0.124811
1,0.204915
1,0.080169
1,0.104230
1,0.129937
1,0.096128
1,0.196798
1,0.137787
1,0.093942
1,0.098800
1,0.059421
1,0.068890
1,0.159816
1,0.082381
1,0.090613
1,0.095675
1,0.093786
1,0.118248
1,0.238208
1,0.107291
1,0.079174
1,0.073246
1,0.190899
1,0.166967
1,0.194336
1,0.134615
1,0.057349
1,0.051700
1,0.072760
1,0.047357
1,0.057918
1,0.072416
1,0.068540
1,0.062208
1,0.146130
1,0.084848
1,0.108455
1,0.075612
1,0.112083
1,0.050801
1,0.082283
1,0.122020
1,0.044730
1,0.057515
1,0.043873
1,0.097894
1,0.047847
1,0.049563
1,0.041046
1,0.073288
1,0.131389
1,0.072163
1,0.044557
1,0.076838
1,0.046140
1,0.069245
1,0.079978
1,0.095661
1,0.165692
1,0.109748
1,0.381222
1,0.067643
1,0.096919
1,0.204140
1,0.269930
1,0.166627
1,0.074827
1,0.149710
1,0.058404
1,0.107498
1,0.254099
1,0.144860
1,0.358283
1,0.653234
1,0.087819
1,0.076502
1,0.059163
1,0.102605
1,0.106652
1,0.170124
1,0.232613
1,0.139329
1,0.345157
1,0.113633
1,0.205038
1,0.126366
1,0.081114
1,0.133118
1,0.068625
1,0.286707
1,0.297161
1,0.183472
1,0.584004
1,0.271981
1,0.094672
1,0.579165
1,0.475728
1,0.261523
1,0.761515
1,0.157633
1,0.910222
1,0.186480
1,0.322199
1,0.088516
1,0.230027
1,0.080030
1,0.476041
1,0.046788
0,0.227246
0,0.087842
0,0.056533
0,0.074905
0,0.072346
0,0.085071
0,0.053084
0,0.052359
0,0.050262
0,0.079692
0,0.093639
0,0.052843
0,0.045776
0,0.031374
0,0.062335
0,0.049591
0,0.046754
0,0.050654
0,0.042490
0,0.049262
0,0.044127
0,0.094211
0,0.056564
0,0.059612
0,0.037031
0,0.085411
0,0.065333
0,0.058407
0,0.034106
0,0.162251
0,0.093073
0,0.051047
0,0.051024
0,0.043860
0,0.075776
0,0.076784
0,0.411914
0,0.039203
0,0.027291
0,0.032934
0,0.029353
0,0.067061
0,0.049762
0,0.033124
0,0.051263
0,0.082607
0,0.069859
0,0.138512
0,0.085485
0,0.065709
0,0.103070
0,0.094579
0,0.072602
0,0.108614
0,0.079883
0,0.070851
0,0.068677
0,0.039634
0,0.055650
0,0.075263
0,0.059441
0,0.109471
0,0.050287
0,0.084317
0,0.055459
0,0.049959
0,0.041501
0,0.033606
0,0.063292
0,0.062059
0,0.056236
0,0.095339
0,0.124910
0,0.086928
0,0.060010
0,0.089448
0,0.059118
0,0.063745
0,0.054746
0,0.049051
0,0.046953
0,0.058701
0,0.054058
0,0.141516
0,0.037198
0,0.027629
0,0.015205
0,0.013065
0,0.041084
0,0.053818
0,0.035181
0,0.018059
0,0.030586
0,0.032293
0,0.020313
0,0.027908
0,0.030433
0,0.028770
0,0.041540
0,0.027128
0,0.056388
0,0.079623
0,0.048933
0,0.071159
0,0.038703
0,0.036081
0,0.040054
0,0.062375
0,0.037450
0,0.086637
0,0.033666
0,0.070603
0,0.073917
0,0.041160
0,0.056824
0,0.075063
0,0.079967
0,0.082247
0,0.092382
0,0.031331
0,0.045511
0,0.033621
0,0.029498
0,0.055579
1,0.027997
1,0.022964
1,0.047941
1,0.025733
1,0.024460
1,0.017747
1,0.012535
1,0.036335
1,0.018895
1,0.027325
1,0.012533
1,0.028805
1,0.019374
1,0.030033
1,0.017099
1,0.030209
1,0.021747
1,0.023704
1,0.016938
1,0.020808
1,0.048379
1,0.027775
1,0.023892
1,0.032738
1,0.026365
1,0.020149
1,0.028262
1,0.026498
1,0.026421
1,0.022661
1,0.024576
1,0.019191
1,0.030735
1,0.037242
1,0.030031
1,0.019966
1,0.024920
1,0.017385
1,0.025083
1,0.025785
1,0.033782
1,0.029044
1,0.039059
1,0.019330
1,0.024027
1,0.021048
1,0.022256
1,0.017798
1,0.026608
1,0.023454
1,0.037583
1,0.022233
1,0.021905
1,0.024839
1,0.016455
1,0.045597
1,0.050594
1,0.034178
1,0.025752
1,0.066603
0,0.104227
0,0.122644
0,0.088109
0,0.113777
0,0.080932
0,0.075449
0,0.075571
0,0.073665
0,0.100845
0,0.059922
0,0.091251
0,0.094742
0,0.094823
0,0.323025
0,0.131826
0,0.548177
0,0.124073
0,0.509827
0,0.108922
0,0.109695
0,0.135464
0,0.163485
0,0.187083
0,0.274756
0,0.090872
0,0.160987
0,0.065494
0,0.063018
0,0.089481
0,0.078852
0,0.056162
0,0.058420
0,0.072882
0,0.059418
0,0.066593
0,0.097352
0,0.084059
0,0.417230
0,0.094574
0,0.526786
0,0.205874
0,0.107565
0,0.065148
0,0.075544
0,0.178846
0,0.107208
0,0.116766
0,0.604628
0,0.059206
0,0.336022
0,0.088041
0,0.146288
0,0.088694
0,0.089221
0,0.122100
0,0.212944
0,0.110159
0,0.118273
0,0.149491
0,0.165803
0,0.108104
0,0.060045
0,0.094876
0,0.088887
0,0.503742
0,0.117786
0,0.196511
0,0.089627
0,0.066855
0,0.067136
0,0.081660
0,0.063212
0,0.090706
0,0.070419
0,0.061957
0,0.085296
0,0.076329
0,0.136316
0,0.100044
0,0.139820
0,0.179981
0,0.867808
0,0.329284
0,0.087312
0,0.047177
0,0.119119
0,0.084875
0,0.124025
0,0.096861
0,0.060863
0,0.050037
0,0.093212
0,0.044389
0,0.023865
0,0.079521
0,0.043960
0,0.029849
0,0.032531
0,0.028816
0,0.063192
1,0.025953
1,0.040862
1,0.059402
1,0.055995
1,0.034719
1,0.042792
1,0.032067
1,0.038378
1,0.036403
1,0.034207
1,0.020269
1,0.035358
1,0.042700
1,0.039494
1,0.030631
1,0.038167
1,0.043800
1,0.052152
1,0.029730
1,0.067142
1,0.036239
1,0.040961
1,0.054278
1,0.061083
1,0.037841
1,0.027969
1,0.046477
1,0.030743
1,0.067541
1,0.152016
1,0.078132
1,0.031770
1,0.029868
1,0.031282
1,0.024326
1,0.028749
1,0.041980
1,0.032778
1,0.029950
1,0.021747
1,0.033927
1,0.034202
1,0.053102
1,0.057662
1,0.043062
1,0.026730
1,0.052141
1,0.055914
1,0.053036
1,0.037424
1,0.039628
1,0.043810
1,0.041259
1,0.025466
1,0.042745
1,0.033468
1,0.042248
1,0.022227
1,0.039794
1,0.030234
1,0.032505
1,0.029657
1,0.029948
1,0.096968
1,0.039670
1,0.041615
1,0.039865
1,0.035902
1,0.035628
1,0.050912
1,0.071926
1,0.045349
1,0.044703
1,0.044448
1,0.046964
1,0.055369
1,0.054188
1,0.050736
1,0.073125
1,0.038206
1,0.041364
1,0.034590
1,0.030627
1,0.036350
1,0.039626
1,0.044860
1,0.053443
1,0.046844
1,0.040137
1,0.042344
1,0.045215
1,0.060021
1,0.037922
1,0.043064
1,0.051672
1,0.062425
1,0.060298
1,0.043158
1,0.055453
1,0.066818
1,0.123591
1,0.114418
1,0.046494
1,0.035588
1,0.042715
1,0.042972
1,0.038378
1,0.043600
1,0.055826
1,0.075671
1,0.044938
1,0.045355
1,0.029156
1,0.104680
1,0.079825
1,0.047609
0,0.100860
0,0.296591
0,0.066907
0,0.090034
0,0.076175
0,0.148336
0,0.140406
0,0.074063
0,0.061768
0,0.109796
0,0.071809
0,0.355466
0,0.140837
0,0.111434
0,0.431230
0,0.216208
0,0.052353
0,0.080702
0,0.092581
0,0.109231
0,0.313919
0,0.092139
0,0.232316
0,0.080217
0,0.082599
0,0.072197
0,0.071405
0,0.112751
0,0.076753
0,0.084202
0,0.048012
0,0.055577
0,0.065932
0,0.069808
0,0.068994
0,0.077876
0,0.162605
0,0.121217
0,0.048475
0,0.080065
0,0.104742
0,0.232422
0,0.076730
0,0.055254
0,0.073085
0,0.106230
0,0.088455
0,0.108497
0,0.083704
0,0.057362
0,0.054627
0,0.064843
0,0.069025
0,0.075168
0,0.075636
0,0.075796
0,0.060774
0,0.076046
0,0.067185
0,0.087974
0,0.117200
0,0.100393
0,0.071995
0,0.079198
0,0.050414
0,0.085007
0,0.074113
0,0.069352
0,0.075628
0,0.085218
0,0.084323
0,0.084016
0,0.061766
0,0.074148
0,0.083450
0,0.113672
0,0.136042
0,0.138494
0,0.112655
0,0.140669
0,0.114683
0,0.116434
0,0.088290
0,0.088774
0,0.077567
0,0.105660
0,0.122072
0,0.162681
0,0.195455
0,0.170116
0,0.145226
0,0.418617
0,0.158135
0,0.130646
0,0.160854
0,0.091769
0,0.112847
0,0.080697
0,0.110258
0,0.079232
0,0.109592
0,0.080893
0,0.096006
0,0.069894
0,0.081264
0,0.108132
0,0.054217
0,0.088466
0,0.085009
0,0.122427
0,0.068567
0,0.069243
0,0.077135
0,0.061676
0,0.083371
0,0.113491
0,0.138875
0,0.225189
0,0.144268
0,0.129650
0,0.089309
0,0.110358
0,0.094216
0,0.089100
0,0.124351
0,0.138372
0,0.177516
0,0.071022
0,0.089937
0,0.076653
0,0.095065
0,0.070213
0,0.115220
0,0.062230
0,0.093221
0,0.100415
0,0.133485
0,0.076191
0,0.108787
0,0.090172
0,0.152135
0,0.126122
0,0.101854
0,0.111121
0,0.138450
0,0.090516
0,0.077889
0,0.144092
0,0.097471
0,0.078044
0,0.077516
0,0.087090
0,0.113357
0,0.104033
0,0.155648
0,0.149546
0,0.148152
0,0.055056
0,0.103935
0,0.042602
0,0.066183
0,0.063852
0,0.128653
0,0.087411
0,0.051868
0,0.068248
0,0.040228
0,0.071218
0,0.102848
0,0.054681
0,0.052921
0,0.043624
0,0.065050
0,0.070039
0,0.079955
0,0.066118
0,0.058055
0,0.095476
0,0.069851
0,0.123667
0,0.119767
0,0.091216
0,0.092266
0,0.095033
0,0.080773
0,0.113651
0,0.081702
0,0.086537
0,0.066536
0,0.174251
0,0.098664
0,0.181396
0,0.119735
0,0.086993
0,0.346623
0,0.148851
0,0.080392
0,0.047378
0,0.057833
0,0.090897
0,0.089365
0,0.050399
0,0.091406
0,0.114892
0,0.120007
0,0.142045
0,0.069072
0,0.038705
0,0.094022
0,0.090826
0,0.061267
0,0.069058
0,0.131862
0,0.066389
0,0.062985
0,0.070874
0,0.060555
0,0.052088
0,0.054701
0,0.065327
0,0.086671
0,0.047426
0,0.103526
0,0.098513
0,0.147484
0,0.113111
0,0.048566
0,0.065808
0,0.086921
0,0.059834
0,0.153888
0,0.062603
0,0.144957
0,0.069341
0,0.135008
0,0.104059
0,0.070957
0,0.093009
0,0.114002
0,0.374610
0,0.062541
0,0.162720
0,0.147860
0,0.097058
0,0.096118
0,0.079229
0,0.056440
0,0.055493
0,0.094022
0,0.109642
0,0.077157
0,0.127510
0,0.052771
0,0.056485
0,0.066032
0,0.097311
0,0.068806
0,0.028734
0,0.049645
0,0.027378
0,0.023643
0,0.029790
0,0.022554
0,0.036526
0,0.039773
0,0.023298
0,0.028903
0,0.032665
0,0.046446
0,0.030289
0,0.035300
0,0.030361
0,0.025877
0,0.030145
0,0.025166
0,0.034740
0,0.035777
0,0.023769
0,0.033146
0,0.026110
0,0.026684
0,0.035492
0,0.034060
0,0.041248
0,0.047918
0,0.029119
0,0.029596
0,0.024707
0,0.035136
0,0.029907
0,0.038572
0,0.025259
0,0.031553
0,0.036665
0,0.034095
0,0.034412
0,0.022873
0,0.046333
0,0.032147
0,0.035890
0,0.051043
0,0.026731
0,0.027808
0,0.041103
0,0.019420
0,0.029512
0,0.022845
0,0.033138
0,0.049486
0,0.046994
0,0.039231
0,0.079768
0,0.033869
0,0.040919
0,0.033996
0,0.025229
0,0.039540
0,0.029859
0,0.040320
0,0.039631
0,0.025661
0,0.028226
0,0.027149
0,0.045212
0,0.037034
0,0.046330
0,0.059618
0,0.038441
0,0.037034
0,0.040123
0,0.033718
0,0.038247
0,0.039372
0,0.043125
0,0.050684
0,0.054784
0,0.053352
0,0.033038
0,0.027394
0,0.040094
0,0.035553
0,0.021885
0,0.046725
0,0.026115
0,0.046110
0,0.023489
0,0.036781
0,0.032162
0,0.047815
0,0.021442
0,0.030715
0,0.025606
0,0.034363
0,0.027582
0,0.025270
0,0.035850
0,0.030128
0,0.856386
0,0.839760
0,0.708969
0,0.859475
0,0.588233
0,0.267839
0,0.755989
0,0.233998
0,0.929445
0,0.919355
0,0.905435
0,0.533911
0,0.837179
0,0.244275
0,0.132912
0,0.096307
0,0.099486
0,0.765241
0,0.851712
0,0.551292
0,0.904558
0,0.722196
0,0.488279
0,0.885197
0,0.916644
0,0.152040
0,0.926221
0,0.948586
0,0.922801
0,0.888915
0,0.852957
0,0.909035
0,0.804227
0,0.836475
0,0.881418
0,0.862886
0,0.885625
0,0.699560
0,0.707577
0,0.910989
0,0.716159
0,0.924086
0,0.862820
0,0.910878
0,0.900336
0,0.856678
0,0.903376
0,0.836984
0,0.677153
0,0.879392
0,0.908146
0,0.888599
0,0.895278
0,0.913010
0,0.937128
0,0.830263
0,0.888760
0,0.842010
0,0.934591
0,0.910018
0,0.885752
0,0.878695
0,0.846105
0,0.898475
0,0.943995
0,0.879902
0,0.932553
0,0.786723
0,0.685279
0,0.914274
0,0.912459
0,0.246995
0,0.891797
0,0.871489
0,0.823237
0,0.858754
0,0.840558
0,0.738780
0,0.711430
0,0.796655
0,0.314934
0,0.912004
0,0.936214
0,0.930261
0,0.924520
0,0.855610
0,0.234404
0,0.737192
0,0.900486
0,0.833328
0,0.475042
0,0.879401
0,0.957538
0,0.944638
0,0.931655
0,0.606477
0,0.153153
0,0.898331
0,0.842850
0,0.895496
0,0.158739
0,0.080478
0,0.062587
0,0.076225
0,0.066198
0,0.229489
0,0.055175
0,0.060358
0,0.054406
0,0.075761
0,0.105371
0,0.118734
0,0.058887
0,0.100274
0,0.081411
0,0.066793
0,0.065058
0,0.082884
0,0.059130
0,0.080378
0,0.082056
0,0.104320
0,0.122615
0,0.171079
0,0.425841
0,0.420533
0,0.134597
0,0.087855
0,0.056518
0,0.083373
0,0.116474
0,0.082650
0,0.069464
0,0.106097
0,0.059986
0,0.055998
0,0.057388
0,0.067527
0,0.133320
0,0.128345
0,0.163132
0,0.087803
0,0.088962
0,0.081861
0,0.060838
0,0.078873
0,0.082826
0,0.234458
0,0.206592
0,0.129995
0,0.119562
0,0.163255
0,0.206343
0,0.163187
0,0.071843
0,0.222359
0,0.214498
0,0.119053
0,0.112044
0,0.287804
0,0.240097
0,0.126154
0,0.064897
0,0.168911
0,0.116856
0,0.101863
0,0.101062
0,0.076419
0,0.101956
0,0.079997
0,0.107842
0,0.072327
0,0.191726
0,0.073516
0,0.114521
0,0.113246
0,0.152736
0,0.169732
0,0.115435
0,0.117673
0,0.100661
0,0.070709
0,0.125607
0,0.156564
0,0.129073
0,0.071010
0,0.080375
0,0.075331
0,0.068150
0,0.052013
0,0.050404
0,0.093167
0,0.079368
0,0.062490
0,0.061533
0,0.048372
0,0.143172
0,0.070387
0,0.128366
0,0.094632
1,0.068452
1,0.042694
1,0.041964
1,0.050524
1,0.032725
1,0.047343
1,0.029794
1,0.027678
1,0.043288
1,0.033281
1,0.033768
1,0.037079
1,0.032278
1,0.055906
1,0.057812
1,0.143791
1,0.058732
1,0.067693
1,0.052060
1,0.025766
1,0.041020
1,0.057573
1,0.071117
1,0.084867
1,0.044835
1,0.071184
1,0.052134
1,0.051541
1,0.058385
1,0.051763
1,0.031506
1,0.044742
1,0.070273
1,0.041652
1,0.051296
1,0.046437
1,0.055725
1,0.051590
1,0.040897
1,0.044863
1,0.037256
1,0.035617
1,0.041656
1,0.055482
1,0.054034
1,0.091343
1,0.066150
1,0.063993
1,0.074585
1,0.075618
1,0.061480
1,0.032357
1,0.034470
1,0.058547
1,0.069681
1,0.039037
1,0.054074
1,0.036274
1,0.045044
1,0.047437
1,0.044526
1,0.056999
1,0.035615
1,0.032319
1,0.037134
1,0.030374
1,0.042601
1,0.051864
1,0.048354
1,0.038964
1,0.036107
1,0.040719
1,0.050954
1,0.044645
1,0.044775
1,0.029323
1,0.048247
1,0.033664
1,0.039749
1,0.052521
1,0.036785
1,0.054582
1,0.041540
1,0.041113
1,0.045833
1,0.033330
1,0.029103
1,0.042956
1,0.028982
1,0.052911
1,0.036715
1,0.045535
1,0.038217
1,0.053333
1,0.040549
0,0.078260
0,0.057693
0,0.224878
0,0.062347
0,0.050849
0,0.073626
0,0.042868
0,0.057269
0,0.117039
0,0.080262
0,0.068840
0,0.064239
0,0.144730
0,0.064915
0,0.068894
0,0.060061
0,0.078400
0,0.083056
0,0.046617
0,0.063354
0,0.073067
0,0.074733
0,0.061276
0,0.063243
0,0.050019
0,0.040124
0,0.058419
0,0.097494
0,0.088424
0,0.091100
0,0.058494
0,0.124135
0,0.158145
0,0.113444
0,0.064261
0,0.084997
0,0.087570
0,0.142409
0,0.062651
0,0.089202
0,0.115074
0,0.179901
0,0.181343
0,0.086561
0,0.200915
0,0.063528
0,0.100511
0,0.043590
0,0.095237
0,0.045610
0,0.140486
0,0.063988
0,0.073004
0,0.043312
0,0.031499
0,0.031531
0,0.026727
0,0.060970
0,0.034457
0,0.024400
0,0.047325
0,0.052925
0,0.045965
0,0.029241
0,0.032327
0,0.080988
0,0.024170
0,0.034675
0,0.025986
0,0.028279
0,0.028823
0,0.054601
0,0.034255
0,0.029388
0,0.046057
0,0.035666
0,0.043471
0,0.046415
0,0.043803
0,0.036642
0,0.046622
0,0.028897
0,0.047860
0,0.064210
0,0.055739
0,0.065623
0,0.034883
0,0.029799
0,0.029299
0,0.050225
0,0.024771
0,0.035777
0,0.045911
0,0.058762
0,0.050270
0,0.091495
0,0.059872
0,0.049035
0,0.043466
0,0.028982
0,0.053773
0,0.036119
0,0.044169
0,0.047996
0,0.032553
0,0.033740
0,0.057920
0,0.028354
0,0.045875
0,0.048964
0,0.045564
0,0.042316
0,0.031688
0,0.036387
0,0.046336
0,0.069968
0,0.029824
0,0.031013
0,0.051255
0,0.044645
0,0.051971
0,0.046292
0,0.028059
0,0.039625
0,0.050589
0,0.053919
0,0.055729
0,0.036724
0,0.077638
0,0.072013
0,0.045652
0,0.039215
0,0.036466
0,0.039280
0,0.030771
0,0.029823
0,0.032167
0,0.018174
0,0.038696
0,0.025778
0,0.039548
0,0.050689
0,0.037885
0,0.026750
0,0.080758
0,0.063381
0,0.060083
0,0.037457
0,0.048533
0,0.036929
0,0.031837
0,0.089021
0,0.090102
1,0.848890
1,0.070844
1,0.124922
1,0.112955
1,0.148767
1,0.209212
1,0.150819
1,0.556485
1,0.667183
1,0.078329
1,0.128699
1,0.184669
1,0.223091
1,0.776100
1,0.127850
1,0.090341
1,0.093662
1,0.169900
1,0.144792
1,0.122358
1,0.129986
1,0.052445
1,0.078506
1,0.131699
1,0.204897
1,0.126910
1,0.202197
1,0.203698
1,0.288099
1,0.247807
1,0.348947
1,0.673697
1,0.549414
1,0.475189
1,0.678029
1,0.498920
1,0.135947
1,0.160240
1,0.081566
1,0.352991
1,0.116252
1,0.187082
1,0.086034
1,0.268962
1,0.400172
1,0.688177
1,0.132241
1,0.207428
1,0.105842
1,0.142583
1,0.099102
1,0.230518
1,0.183915
1,0.182517
1,0.084763
1,0.103122
1,0.103239
1,0.084570
1,0.679423
1,0.299879
1,0.088832
1,0.252901
1,0.314223
1,0.062653
1,0.180697
1,0.076049
1,0.403241
1,0.073258
1,0.201854
1,0.047781
1,0.061319
1,0.058822
1,0.053557
1,0.058904
1,0.065638
1,0.045587
1,0.144915
1,0.072474
1,0.050511
1,0.052108
1,0.711332
1,0.144594
1,0.128624
1,0.063011
1,0.222898
1,0.093840
1,0.052284
1,0.079805
1,0.332292
1,0.114731
1,0.087087
1,0.103939
1,0.040885
1,0.059926
1,0.179629
1,0.057064
1,0.073317
1,0.051913
1,0.072496
1,0.079522
1,0.046768
1,0.055801
1,0.221341
1,0.210515
1,0.096539
1,0.134925
1,0.224919
1,0.082013
1,0.088287
1,0.086306
1,0.140928
1,0.052237
1,0.061751
1,0.056973
1,0.049171
1,0.103405
1,0.046549
1,0.226363
1,0.053433
1,0.367250
1,0.094389
1,0.086832
1,0.408607
1,0.065257
1,0.064363
1,0.033166
1,0.105318
1,0.103100
1,0.049066
1,0.045549
1,0.040900
1,0.165397
1,0.050087
1,0.081912
1,0.516202
1,0.578968
1,0.253313
1,0.430401
1,0.147673
1,0.075630
1,0.219704
1,0.153572
1,0.888037
1,0.194964
1,0.838747
1,0.592999
1,0.464862
1,0.337621
1,0.232326
1,0.320062
1,0.426265
1,0.146919
1,0.258789
1,0.175228
1,0.454253
1,0.512110
1,0.134592
1,0.119758
1,0.253961
1,0.759930
1,0.854516
1,0.776705
1,0.887379
1,0.842402
1,0.273497
1,0.908466
1,0.324822
1,0.566510
1,0.168118
1,0.741289
1,0.115699
1,0.261588
1,0.437558
1,0.871870
1,0.166038
1,0.749743
1,0.623204
1,0.537131
1,0.735466
1,0.178675
1,0.097291
1,0.341918
1,0.123350
1,0.277542
1,0.277597
1,0.142697
1,0.220052
1,0.816259
1,0.830581
1,0.153809
1,0.364571
1,0.883647
1,0.438245
1,0.882083
1,0.324738
1,0.465185
1,0.841618
0,0.081987
0,0.063567
0,0.040720
0,0.104178
0,0.075215
0,0.810166
0,0.253732
0,0.113315
0,0.318225
0,0.121831
0,0.862056
0,0.819741
0,0.946564
0,0.819021
0,0.376349
0,0.145276
0,0.138235
0,0.579688
0,0.521593
0,0.074229
0,0.088643
0,0.114859
0,0.060307
0,0.073284
0,0.075375
0,0.082716
0,0.499689
0,0.046994
0,0.110722
0,0.105563
0,0.061145
0,0.121940
0,0.118963
0,0.835559
0,0.248480
0,0.060505
0,0.059326
0,0.067827
0,0.044957
0,0.050184
0,0.432596
0,0.070714
0,0.128971
0,0.068023
0,0.467397
0,0.236457
0,0.062976
0,0.080427
0,0.146503
0,0.633394
0,0.258003
0,0.187875
0,0.076127
0,0.064662
0,0.077535
0,0.149180
0,0.241095
0,0.098542
0,0.945270
0,0.139084
0,0.108635
0,0.069571
0,0.061775
0,0.059276
0,0.052180
0,0.051302
0,0.052288
0,0.094628
0,0.058171
0,0.590549
0,0.101269
0,0.070801
0,0.066732
0,0.048032
0,0.048864
0,0.078621
0,0.310229
0,0.286497
0,0.073471
0,0.437168
0,0.964567
0,0.416937
0,0.032720
0,0.219615
0,0.080180
0,0.053204
0,0.071254
0,0.042142
0,0.122666
0,0.123091
0,0.146774
0,0.056424
0,0.031127
0,0.222702
0,0.708822
0,0.638985
0,0.130058
0,0.048995
0,0.092575
0,0.051262
0,0.049183
0,0.095836
0,0.043552
0,0.063720
0,0.060684
0,0.047892
0,0.076160
0,0.064690
0,0.047745
0,0.069173
0,0.149715
0,0.238264
0,0.057212
0,0.060005
0,0.052365
0,0.100394
0,0.087030
0,0.743758
0,0.947351
0,0.881346
0,0.110031
0,0.837834
0,0.443449
0,0.332332
0,0.075991
0,0.055313
0,0.126439
0,0.188880
0,0.109908
0,0.153384
0,0.111410
0,0.042280
0,0.086288
0,0.057149
0,0.061668
0,0.133944
0,0.951971
0,0.943430
0,0.047165
0,0.106393
0,0.064102
0,0.053121
0,0.043603
0,0.103356
0,0.115790
0,0.070044
0,0.134581
0,0.141688
0,0.038588
0,0.051754
0,0.064217
0,0.073012
0,0.061749
0,0.065463
0,0.051419
0,0.114741
0,0.922742
1,0.897761
1,0.909610
1,0.902910
1,0.392702
1,0.834072
1,0.692936
1,0.611037
1,0.465933
1,0.943740
1,0.936441
1,0.942956
1,0.965188
1,0.929835
1,0.938915
1,0.943226
1,0.888168
1,0.934183
1,0.864097
1,0.849232
1,0.910031
1,0.931526
1,0.780128
1,0.916438
1,0.958427
1,0.906021
1,0.887252
1,0.836651
1,0.497512
1,0.573747
1,0.935327
1,0.830806
1,0.798026
1,0.625806
1,0.760003
1,0.564432
1,0.406838
1,0.204662
1,0.712741
1,0.902881
1,0.924409
1,0.931092
1,0.931205
1,0.871727
1,0.962615
1,0.914019
1,0.873292
1,0.942802
1,0.901800
1,0.859836
1,0.868201
1,0.927764
1,0.815672
1,0.851121
1,0.721216
1,0.920651
1,0.912350
1,0.951308
1,0.889275
1,0.666511
1,0.873574
1,0.954685
1,0.647541
1,0.838033
1,0.867864
1,0.928538
1,0.895294
1,0.870252
1,0.897044
1,0.884517
1,0.882518
1,0.768250
1,0.898753
1,0.940436
1,0.747628
1,0.499712
1,0.868317
1,0.455727
1,0.894403
1,0.896703
1,0.929900
1,0.262638
1,0.946158
1,0.940646
1,0.942324
1,0.934008
1,0.868255
1,0.940879
1,0.889532
1,0.940859
1,0.878810
1,0.904978
1,0.696077
1,0.443981
1,0.861594
1,0.747510
1,0.595108
1,0.923371
1,0.223125
1,0.163897
1,0.780132
1,0.261605
1,0.027448
1,0.058166
1,0.042321
1,0.028373
1,0.028865
1,0.027861
1,0.050429
1,0.034224
1,0.103300
1,0.098468
1,0.079278
1,0.323268
1,0.145339
1,0.172719
1,0.539023
1,0.296426
1,0.498163
1,0.260285
1,0.034654
1,0.046039
1,0.033741
1,0.492999
1,0.107544
1,0.086373
1,0.068312
1,0.060386
1,0.064063
1,0.051922
1,0.059880
1,0.033792
1,0.036028
1,0.060754
1,0.047672
1,0.031915
1,0.119148
1,0.074483
1,0.041088
1,0.033477
1,0.044346
1,0.440010
1,0.085413
1,0.218440
1,0.087857
1,0.049102
1,0.060767
1,0.163944
1,0.200955
1,0.061623
1,0.116196
1,0.052392
1,0.131647
1,0.082377
1,0.072480
1,0.044489
1,0.831861
1,0.283457
1,0.118736
1,0.071925
1,0.062313
1,0.099568
1,0.547937
1,0.137097
1,0.041721
1,0.047068
1,0.059855
1,0.242699
1,0.090167
1,0.061930
1,0.078186
1,0.064539
1,0.052694
1,0.030093
1,0.043395
1,0.081759
1,0.065866
1,0.053685
1,0.053895
1,0.169093
1,0.079444
1,0.085072
1,0.804585
1,0.125966
1,0.461152
1,0.134537
1,0.046270
1,0.175897
1,0.051864
1,0.034558
1,0.059886
1,0.083592
1,0.163744
1,0.138157
1,0.051190
1,0.027131
1,0.050810
1,0.051024
1,0.092792
1,0.050417
1,0.074329
1,0.055174
1,0.041798
1,0.060264
1,0.278971
1,0.050555
1,0.039705
1,0.033279
1,0.045459
1,0.044804
1,0.048033
1,0.041265
1,0.040366
1,0.051168
1,0.036072
1,0.039325
1,0.043600
1,0.037902
1,0.032513
1,0.126660
1,0.064353
1,0.025249
1,0.088521
1,0.080082
1,0.054768
1,0.063929
1,0.040635
1,0.049092
1,0.049790
1,0.092932
1,0.067974
1,0.054224
1,0.046162
1,0.084630
1,0.072631
1,0.057787
1,0.058781
1,0.050263
1,0.032621
1,0.075035
1,0.096760
1,0.055484
1,0.051679
1,0.058498
1,0.044701
1,0.028247
1,0.056342
1,0.037588
1,0.086976
1,0.040482
1,0.028067
1,0.023460
0,0.055074
0,0.152882
0,0.172549
0,0.090459
0,0.104804
0,0.057098
0,0.044736
0,0.101893
0,0.089234
0,0.101936
0,0.071120
0,0.142099
0,0.103869
0,0.036713
0,0.053266
0,0.095110
0,0.064509
0,0.128830
0,0.205976
0,0.127594
0,0.099859
0,0.096940
0,0.158021
0,0.083082
0,0.059216
0,0.089270
0,0.063257
0,0.121545
0,0.137452
0,0.061433
0,0.089047
0,0.106692
0,0.091352
0,0.131660
0,0.135256
0,0.096982
0,0.088724
0,0.118740
0,0.076212
0,0.069504
0,0.071118
0,0.122886
0,0.094320
0,0.088272
0,0.115723
0,0.075917
0,0.081886
0,0.105685
0,0.067258
0,0.087257
0,0.094524
0,0.072440
0,0.071610
0,0.071924
0,0.088237
0,0.078306
0,0.060699
0,0.037319
0,0.070015
0,0.084578
0,0.102748
0,0.062396
0,0.105964
0,0.055131
0,0.139654
0,0.062595
0,0.116536
0,0.125539
0,0.109471
0,0.071990
0,0.151326
0,0.084448
0,0.149109
0,0.127151
0,0.147368
0,0.063078
0,0.082032
0,0.109751
0,0.068330
0,0.076526
0,0.100412
0,0.074145
0,0.162204
0,0.098641
0,0.093072
0,0.077704
0,0.036851
0,0.068257
0,0.069378
0,0.095304
0,0.073071
0,0.123716
0,0.060909
0,0.083178
0,0.053612
0,0.086831
0,0.064945
0,0.088404
0,0.045809
0,0.079831
0,0.129371
0,0.139780
0,0.152931
0,0.435049
0,0.917702
0,0.354694
0,0.765185
0,0.567482
0,0.743091
0,0.189130
0,0.615138
0,0.947903
0,0.185331
0,0.332516
0,0.247566
0,0.091472
0,0.178892
0,0.133283
0,0.192891
0,0.563415
0,0.946166
0,0.528849
0,0.865994
0,0.830472
0,0.898975
0,0.915073
0,0.165056
0,0.857846
0,0.404453
0,0.816023
0,0.830763
0,0.676359
0,0.776582
0,0.187118
0,0.220238
0,0.734152
0,0.250665
0,0.180696
0,0.275445
0,0.171724
0,0.468087
0,0.134053
0,0.471334
0,0.159154
0,0.961053
0,0.215065
0,0.392405
0,0.847417
0,0.739097
0,0.641669
0,0.102604
0,0.154152
0,0.945722
0,0.792335
0,0.782754
0,0.336560
0,0.925761
0,0.309398
0,0.772609
0,0.731488
0,0.616229
0,0.638532
1,0.055256
1,0.038614
1,0.085137
1,0.067664
1,0.149966
1,0.347929
1,0.063738
1,0.096433
1,0.210864
1,0.127739
1,0.102555
1,0.062319
1,0.082215
1,0.120125
1,0.046826
1,0.085841
1,0.040273
1,0.086060
1,0.045767
1,0.076215
1,0.046569
1,0.042287
1,0.119810
1,0.061506
1,0.773057
1,0.083915
1,0.107127
1,0.082888
1,0.066470
1,0.113116
1,0.706176
1,0.095053
1,0.109010
1,0.365096
1,0.069466
1,0.067421
1,0.059803
1,0.369288
1,0.112484
1,0.135194
1,0.054262
1,0.140317
1,0.190463
1,0.051195
1,0.043709
1,0.095605
1,0.135829
1,0.157958
1,0.150680
1,0.081690
1,0.048449
1,0.058157
1,0.478772
1,0.393723
1,0.087931
1,0.047496
1,0.183160
1,0.063690
1,0.103182
1,0.214377
1,0.064452
1,0.079629
1,0.063797
1,0.088537
1,0.121494
1,0.078849
1,0.148148
1,0.062894
1,0.121459
1,0.090016
1,0.103979
1,0.053367
1,0.052392
1,0.062359
1,0.653347
1,0.066738
1,0.090507
1,0.115884
1,0.491684
1,0.084362
1,0.069281
1,0.110666
1,0.122373
1,0.093265
1,0.065875
1,0.681815
1,0.458398
1,0.298256
1,0.073812
1,0.066594
1,0.102895
1,0.097791
1,0.321192
1,0.097894
1,0.679654
1,0.068268
1,0.071540
1,0.092943
1,0.074224
1,0.084789
1,0.784724
1,0.681115
1,0.303327
1,0.597332
1,0.220673
1,0.567647
1,0.053520
1,0.051412
1,0.042982
1,0.049989
1,0.081859
1,0.082629
1,0.109373
1,0.059287
1,0.047469
1,0.088921
1,0.079532
1,0.817040
1,0.147942
1,0.269144
1,0.067308
1,0.046467
1,0.055241
1,0.058297
1,0.081525
1,0.065812
1,0.042715
1,0.065832
1,0.090091
1,0.060730
1,0.039769
1,0.040441
1,0.040192
1,0.066609
1,0.042382
1,0.084839
1,0.084612
1,0.146635
1,0.051316
1,0.080086
1,0.073478
1,0.263355
1,0.085256
1,0.113692
1,0.079182
1,0.048161
0,0.112914
0,0.078971
0,0.044725
0,0.066310
0,0.053823
0,0.082130
0,0.060767
0,0.051980
0,0.051926
0,0.082225
0,0.102802
0,0.111108
0,0.085180
0,0.117315
0,0.143207
0,0.215240
0,0.154788
0,0.421025
0,0.256588
0,0.100091
0,0.133179
0,0.072117
0,0.110358
0,0.088966
0,0.096788
0,0.084278
0,0.078250
0,0.143692
0,0.085472
0,0.124957
0,0.135073
0,0.117193
0,0.064781
0,0.095093
0,0.168130
0,0.180980
0,0.069520
0,0.104878
0,0.074939
0,0.141295
0,0.086248
0,0.878014
0,0.075159
0,0.055988
0,0.092453
0,0.088277
0,0.165534
0,0.148602
0,0.119485
0,0.123382
0,0.117833
0,0.120509
0,0.219179
0,0.146063
0,0.087367
0,0.135753
0,0.201355
0,0.163097
0,0.171586
0,0.316440
0,0.186225
0,0.258194
0,0.159386
0,0.160596
0,0.164305
0,0.113225
0,0.141005
0,0.190465
0,0.070255
0,0.202090
0,0.286143
0,0.091883
0,0.098193
0,0.073719
0,0.259077
0,0.075417
0,0.270399
0,0.130029
0,0.083393
0,0.134193
0,0.405118
0,0.085995
0,0.189225
0,0.110139
0,0.113118
0,0.081627
0,0.080812
0,0.076398
0,0.047509
0,0.099462
0,0.077351
0,0.107956
0,0.151206
0,0.132641
0,0.143241
0,0.074278
0,0.077541
0,0.055367
0,0.165196
0,0.084851
0,0.660988
0,0.256882
0,0.257321
0,0.106280
0,0.060591
0,0.052054
0,0.051607
0,0.045639
0,0.079390
0,0.042350
0,0.093457
0,0.058598
0,0.058197
0,0.090700
0,0.066391
0,0.070764
0,0.064928
0,0.071571
0,0.037257
0,0.067827
0,0.044147
0,0.063248
0,0.039653
0,0.052863
0,0.032769
0,0.046581
0,0.051012
0,0.050270
0,0.051255
0,0.053506
0,0.102784
0,0.056566
0,0.051801
0,0.061027
0,0.044222
0,0.069324
0,0.039510
0,0.113442
0,0.087883
0,0.140469
0,0.077194
0,0.075160
0,0.085056
0,0.141616
0,0.143244
0,0.056533
0,0.067574
0,0.208361
0,0.203712
0,0.166733
0,0.084665
0,0.067204
0,0.202417
0,0.156049
0,0.142853
0,0.112485
0,0.047966
0,0.061035
0,0.066804
0,0.093930
0,0.092256
0,0.100185
0,0.060720
0,0.040399
0,0.045579
0,0.070030
0,0.071579
0,0.046165
0,0.058095
0,0.176529
0,0.041171
0,0.051853
0,0.041445
0,0.054762
0,0.097689
0,0.075371
0,0.054715
0,0.063636
0,0.050932
0,0.047826
0,0.062738
0,0.049574
0,0.062254
0,0.076888
0,0.081107
0,0.060828
0,0.045943
0,0.044419
0,0.036801
0,0.170529
0,0.058791
0,0.052451
0,0.064544
0,0.062239
0,0.047698
0,0.038482
0,0.033695
1,0.080702
1,0.038406
1,0.040638
1,0.044427
1,0.045104
1,0.048300
1,0.120953
1,0.427621
1,0.919986
1,0.054975
1,0.797031
1,0.713384
1,0.720226
1,0.045869
1,0.588228
1,0.348164
1,0.792048
1,0.164316
1,0.046567
1,0.064666
1,0.516774
1,0.056610
1,0.826133
1,0.058839
1,0.046470
1,0.113757
1,0.135580
1,0.077276
1,0.169773
1,0.618187
1,0.096154
1,0.038518
1,0.803246
1,0.299309
1,0.605317
1,0.048212
1,0.171251
1,0.116447
1,0.058601
1,0.216849
1,0.045134
1,0.124107
1,0.058950
1,0.073594
1,0.138060
1,0.254129
1,0.712866
1,0.131432
1,0.154224
1,0.093035
1,0.517457
1,0.545237
1,0.078578
1,0.166021
1,0.099388
1,0.218241
1,0.071033
1,0.085277
1,0.276383
1,0.033713
1,0.036339
1,0.039662
1,0.077532
1,0.072478
1,0.094598
1,0.859415
1,0.621285
1,0.097591
1,0.065264
1,0.096506
1,0.250800
1,0.253539
1,0.104693
1,0.036600
1,0.046197
1,0.083736
1,0.182078
1,0.056184
1,0.047195
1,0.340944
1,0.132403
1,0.143500
1,0.114384
1,0.150167
1,0.117866
1,0.034984
1,0.049803
1,0.049112
1,0.261179
1,0.932663
1,0.076402
1,0.060795
1,0.104683
1,0.399842
1,0.137859
1,0.623415
1,0.041802
1,0.061449
1,0.878963
1,0.177398
1,0.089803
1,0.059565
1,0.037650
1,0.073793
1,0.058238
1,0.048478
1,0.037196
1,0.124960
1,0.043077
1,0.058020
1,0.070236
1,0.034883
1,0.042338
1,0.022887
1,0.042021
1,0.048269
1,0.065475
1,0.034959
1,0.090261
1,0.058676
1,0.063439
1,0.052945
1,0.059176
1,0.047015
1,0.036099
1,0.038185
1,0.077070
1,0.039136
1,0.040025
1,0.233557
1,0.084684
1,0.051791
1,0.047923
1,0.055605
1,0.043934
1,0.029402
1,0.085300
1,0.048434
1,0.047690
1,0.034386
1,0.034197
1,0.042364
1,0.094073
1,0.025856
1,0.036906
1,0.040552
1,0.040202
1,0.044386
1,0.043437
1,0.043396
1,0.035695
1,0.063614
1,0.039142
1,0.034737
1,0.035303
1,0.076887
1,0.853233
1,0.063264
1,0.382604
1,0.031762
1,0.039062
1,0.039767
1,0.030733
1,0.031067
1,0.042076
1,0.040410
1,0.040913
1,0.037758
1,0.036640
1,0.035496
1,0.329434
1,0.055843
1,0.037211
1,0.063842
1,0.040904
1,0.047231
1,0.058126
1,0.036336
1,0.056966
1,0.053797
1,0.046833
1,0.051507
1,0.059122
1,0.049160
1,0.039096
1,0.041089
1,0.046896
1,0.038357
1,0.058604
1,0.048646
1,0.042094
1,0.049362
1,0.052105
1,0.066660
1,0.127313
1,0.066911
1,0.099994
1,0.031089
1,0.073111
1,0.062147
1,0.092395
1,0.069950
1,0.090585
1,0.106779
1,0.078198
1,0.049915
1,0.034728
1,0.037224
1,0.039037
1,0.046197
1,0.043942
1,0.038414
1,0.034120
1,0.047353
1,0.038734
1,0.082950
1,0.027948
1,0.044058
1,0.053280
1,0.162478
1,0.048973
1,0.028745
1,0.030030
1,0.040657
1,0.108929
1,0.056212
1,0.044061
1,0.079617
1,0.044327
1,0.047267
1,0.032552
1,0.036821
1,0.106012
1,0.040728
1,0.039323
1,0.054769
1,0.041816
1,0.040427
1,0.058675
1,0.074745
1,0.036588
1,0.058729
1,0.072857
1,0.077082
1,0.078812
1,0.066671
1,0.064470
1,0.118861
1,0.057640
1,0.052446
1,0.041994
1,0.078909
1,0.056106
1,0.051987
1,0.065728
1,0.091652
1,0.047404
1,0.055625
1,0.067260
1,0.049789
1,0.048437
1,0.113890
1,0.097259
1,0.162860
1,0.084697
1,0.073107
1,0.104202
1,0.124331
1,0.051807
1,0.115483
1,0.052806
1,0.135711
1,0.866812
1,0.052812
1,0.756849
1,0.375821
1,0.044013
1,0.049825
1,0.055847
1,0.083455
1,0.234096
1,0.214726
1,0.582577
1,0.157367
1,0.345876
1,0.140789
1,0.102139
1,0.123005
1,0.051517
1,0.093057
1,0.205360
1,0.165149
1,0.094071
1,0.197607
0,0.032016
0,0.036221
0,0.047381
0,0.036187
0,0.048651
0,0.038688
0,0.033813
0,0.050396
0,0.015620
0,0.024454
0,0.025738
0,0.038908
0,0.054959
0,0.089507
0,0.024880
0,0.052750
0,0.046332
0,0.034312
0,0.029668
0,0.043862
0,0.021857
0,0.039969
0,0.058922
0,0.047879
0,0.023157
0,0.046341
0,0.033788
0,0.053229
0,0.039526
0,0.023664
0,0.021222
0,0.032473
0,0.030543
0,0.024689
0,0.048501
0,0.030808
0,0.044893
0,0.025930
0,0.040857
0,0.051281
0,0.020659
0,0.023796
0,0.022026
0,0.042244
0,0.099286
0,0.047550
0,0.043737
0,0.100178
0,0.033201
0,0.036421
0,0.029660
0,0.042546
0,0.067557
0,0.049896
0,0.017028
0,0.024376
0,0.036125
0,0.046535
0,0.031729
0,0.057131
0,0.018966
0,0.030490
0,0.040525
0,0.059814
0,0.064585
0,0.084512
0,0.188737
0,0.070165
0,0.081608
0,0.120597
0,0.091110
0,0.155573
0,0.109475
0,0.085147
0,0.254897
0,0.192076
0,0.330632
0,0.674970
0,0.238267
0,0.298523
0,0.325865
0,0.654017
0,0.277593
0,0.520894
0,0.141250
0,0.085271
0,0.407897
0,0.358080
0,0.279570
0,0.347446
0,0.402204
0,0.188452
0,0.507307
0,0.145819
0,0.440562
0,0.917564
0,0.920394
0,0.940540
0,0.920413
0,0.844723
0,0.090843
0,0.109807
0,0.531311
0,0.174769
0,0.390411
0,0.092246
0,0.256571
0,0.284307
0,0.244486
0,0.163159
0,0.149950
0,0.155340
0,0.269760
0,0.263712
0,0.525414
0,0.628896
0,0.514154
0,0.265755
0,0.151822
0,0.350546
0,0.074186
0,0.125183
0,0.166431
0,0.081582
0,0.334268
0,0.123670
0,0.792663
0,0.798134
0,0.296924
0,0.087878
0,0.148409
0,0.107558
0,0.841305
0,0.428476
0,0.194198
0,0.146015
0,0.218791
0,0.202624
0,0.074732
0,0.107850
0,0.092065
0,0.094078
1,0.815997
1,0.104174
1,0.151864
1,0.112979
1,0.226760
1,0.242551
1,0.179637
1,0.198519
1,0.660898
1,0.878476
1,0.814400
1,0.839038
1,0.410975
1,0.162162
1,0.139418
1,0.117484
1,0.080619
1,0.122189
1,0.133073
1,0.099765
1,0.078134
1,0.125951
1,0.115929
1,0.087839
1,0.123375
1,0.146377
1,0.126430
1,0.143508
1,0.115376
1,0.147954
1,0.265761
1,0.138605
1,0.086695
1,0.127770
1,0.276729
1,0.157801
1,0.096122
1,0.101901
1,0.254867
1,0.221256
1,0.322573
1,0.152342
1,0.205978
1,0.099943
1,0.110732
1,0.100425
1,0.138127
1,0.133075
1,0.102650
1,0.080816
1,0.080213
1,0.054930
1,0.062030
1,0.124372
1,0.177843
1,0.069150
1,0.089034
1,0.059565
1,0.059170
1,0.061858
1,0.102856
1,0.072967
1,0.100958
1,0.055053
1,0.093500
1,0.130359
1,0.295918
1,0.126703
1,0.368618
1,0.107229
1,0.126093
1,0.169073
1,0.246214
1,0.143070
1,0.214077
1,0.135340
1,0.213187
1,0.137857
1,0.199542
1,0.083925
1,0.072345
1,0.095848
1,0.126263
1,0.110660
1,0.184651
1,0.120204
1,0.099753
1,0.667841
1,0.744373
1,0.097885
1,0.079198
1,0.109228
1,0.080457
1,0.110155
1,0.111286
1,0.261646
1,0.260400
1,0.253227
1,0.129619
1,0.153067
0,0.021632
0,0.021394
0,0.031098
0,0.024789
0,0.024567
0,0.015359
0,0.010472
0,0.017216
0,0.017973
0,0.011133
0,0.010450
0,0.014630
0,0.014458
0,0.020624
0,0.029448
0,0.050538
0,0.012542
0,0.013956
0,0.015812
0,0.019242
0,0.017720
0,0.012266
0,0.018871
0,0.026463
0,0.022715
0,0.016815
0,0.027849
0,0.033614
0,0.019201
0,0.013766
0,0.014922
0,0.016128
0,0.019140
0,0.022437
0,0.028909
0,0.030292
0,0.021177
0,0.021495
0,0.017369
0,0.018319
0,0.009510
0,0.014274
0,0.019681
0,0.019392
0,0.024788
0,0.014051
0,0.023842
0,0.029488
0,0.026624
0,0.025036
0,0.017016
0,0.011709
0,0.021489
0,0.029798
0,0.017628
0,0.015891
0,0.014402
0,0.033387
0,0.024988
0,0.039788
0,0.041482
0,0.043689
0,0.049810
0,0.031518
0,0.039656
0,0.035408
0,0.043819
0,0.054342
0,0.052690
0,0.062459
0,0.045060
0,0.051465
0,0.029677
0,0.031744
0,0.037751
0,0.041198
0,0.022842
0,0.025739
0,0.031030
0,0.052810
0,0.040166
0,0.055619
0,0.041875
0,0.032077
0,0.013358
0,0.027848
0,0.038571
0,0.065183
0,0.038984
0,0.038467
0,0.037700
0,0.031511
0,0.046484
0,0.045017
0,0.057178
0,0.047893
0,0.032690
0,0.038664
0,0.049505
0,0.029212
0,0.046112
0,0.042581
0,0.049709
0,0.062432
0,0.040152
0,0.052173
0,0.040887
0,0.022077
0,0.031905
0,0.027961
0,0.028239
0,0.040016
0,0.066579
0,0.037704
0,0.073775
0,0.056149
0,0.068332
0,0.043725
0,0.034053
0,0.026424
0,0.025913
0,0.042490
0,0.036947
0,0.039789
0,0.070454
0,0.043309
0,0.026171
0,0.052333
0,0.073499
0,0.057112
0,0.068697
0,0.054649
0,0.056194
0,0.052766
0,0.067116
0,0.046012
0,0.054451
0,0.030485
0,0.038170
0,0.035167
0,0.022588
0,0.049966
0,0.039277
0,0.024472
0,0.035906
0,0.040371
0,0.083698
0,0.052408
0,0.032717
0,0.066791
0,0.037508
0,0.030867
0,0.053647
0,0.053811
0,0.079097
0,0.035053
0,0.038225
0,0.561624
0,0.101923
0,0.152254
0,0.136253
0,0.107084
0,0.354344
0,0.839811
0,0.479468
0,0.281532
0,0.887500
0,0.104468
0,0.145500
0,0.152911
0,0.139608
0,0.330228
0,0.327180
0,0.078445
0,0.067976
0,0.053806
0,0.076296
0,0.812149
0,0.136293
0,0.057854
0,0.064629
0,0.128918
0,0.132030
0,0.141116
0,0.063964
0,0.092303
0,0.524457
0,0.102659
0,0.036019
0,0.944855
0,0.769028
0,0.765748
0,0.174293
0,0.212189
0,0.151640
0,0.902474
0,0.314957
0,0.116946
0,0.326337
0,0.591920
0,0.756554
0,0.683802
0,0.358376
0,0.094401
0,0.066028
0,0.084088
0,0.050647
0,0.107106
0,0.030593
0,0.071385
0,0.643623
0,0.119824
0,0.917678
0,0.570549
0,0.154706
0,0.072099
0,0.111417
0,0.596917
0,0.050393
0,0.064785
0,0.055331
0,0.280807
0,0.195209
0,0.106409
0,0.136499
0,0.049706
0,0.077019
0,0.075599
0,0.155326
0,0.089899
0,0.826979
0,0.861976
0,0.949015
0,0.118467
0,0.787170
0,0.502681
0,0.253658
0,0.331720
0,0.799116
0,0.204025
0,0.252905
0,0.854567
0,0.919179
0,0.138762
0,0.305948
0,0.868349
0,0.728126
0,0.924989
0,0.772256
0,0.036028
0,0.166448
0,0.727258
0,0.159213
0,0.800440
0,0.889894
0,0.924132
0,0.908652
0,0.911938
0,0.286461
0,0.751010
0,0.446253
0,0.889920
0,0.813779
0,0.294756
0,0.699974
0,0.161650
0,0.472997
0,0.631604
0,0.220223
0,0.851738
0,0.262002
0,0.430761
0,0.834467
0,0.179822
0,0.821192
0,0.219926
0,0.776882
0,0.803475
0,0.398789
0,0.943809
0,0.924078
0,0.466226
0,0.889724
0,0.803937
0,0.950937
0,0.899602
0,0.885989
0,0.293116
0,0.259813
0,0.717370
0,0.383895
0,0.601526
0,0.925482
0,0.331568
0,0.836182
0,0.891594
0,0.556597
0,0.790107
0,0.511391
0,0.525873
0,0.941558
0,0.336754
0,0.440802
0,0.364848
0,0.919240
0,0.876542
0,0.886859
0,0.492832
0,0.743043
0,0.806480
0,0.841307
0,0.489810
0,0.741614
0,0.563589
0,0.190700
0,0.283653
0,0.301858
0,0.493398
0,0.717215
0,0.377718
0,0.341097
0,0.896582
0,0.934880
0,0.613818
0,0.692543
0,0.260113
0,0.122072
0,0.494790
0,0.302650
0,0.895306
0,0.730629
0,0.928218
0,0.877968
0,0.899225
0,0.872780
0,0.878006
0,0.489647
0,0.557020
0,0.937382
0,0.686345
0,0.430827
0,0.907874
0,0.947286
1,0.954370
1,0.971242
1,0.804742
1,0.753605
1,0.943068
1,0.970586
1,0.965607
1,0.915748
1,0.906728
1,0.962231
1,0.956089
1,0.951275
1,0.964575
1,0.964644
1,0.972048
1,0.971506
1,0.959579
1,0.964155
1,0.956554
1,0.975264
1,0.963319
1,0.958167
1,0.961636
1,0.960202
1,0.968922
1,0.973696
1,0.966340
1,0.945178
1,0.965582
1,0.955808
1,0.960286
1,0.128499
1,0.064662
1,0.079553
1,0.113853
1,0.077662
1,0.078686
1,0.105567
1,0.079821
1,0.136314
1,0.074815
1,0.105162
1,0.066902
1,0.063707
1,0.118274
1,0.098304
1,0.108330
1,0.068941
1,0.064661
1,0.056553
1,0.091590
1,0.114598
1,0.074896
1,0.116328
1,0.155502
1,0.078373
1,0.089893
1,0.088152
1,0.125681
1,0.121863
1,0.158214
1,0.143469
1,0.082663
1,0.103155
1,0.083205
1,0.081146
1,0.072039
1,0.077408
1,0.083622
1,0.127772
1,0.091616
1,0.157084
1,0.082836
1,0.081578
1,0.083124
1,0.100856
1,0.089875
1,0.096499
1,0.158334
1,0.166255
1,0.114079
1,0.180318
1,0.102646
1,0.118421
1,0.161212
1,0.105989
1,0.108609
1,0.113340
1,0.140693
1,0.145872
1,0.140060
1,0.082467
1,0.120278
1,0.101440
1,0.148842
1,0.245362
1,0.088204
1,0.102269
1,0.063839
1,0.093862
1,0.099999
1,0.120376
1,0.094566
1,0.108322
0,0.057578
0,0.075696
0,0.047094
0,0.045508
0,0.040345
0,0.048342
0,0.031939
0,0.031258
0,0.028579
0,0.032734
0,0.041699
0,0.085437
0,0.045983
0,0.040694
0,0.044246
0,0.053957
0,0.036918
0,0.068323
0,0.045431
0,0.074048
0,0.052172
0,0.070045
0,0.064157
0,0.046224
0,0.074718
0,0.048827
0,0.051813
0,0.071827
0,0.066450
0,0.098162
0,0.064892
0,0.064268
0,0.059692
0,0.080318
0,0.063921
0,0.061034
0,0.049505
0,0.078812
0,0.085856
0,0.048748
0,0.065425
0,0.054048
0,0.046418
0,0.049880
0,0.084096
0,0.066053
0,0.042212
0,0.048144
0,0.059820
0,0.053262
0,0.053655
0,0.050245
0,0.060731
0,0.056449
1,0.092381
1,0.076640
1,0.080157
1,0.070928
1,0.123874
1,0.108813
1,0.080956
1,0.086794
1,0.143304
1,0.097320
1,0.052815
1,0.074014
1,0.072801
1,0.086722
1,0.073754
1,0.077070
1,0.075723
1,0.087499
1,0.072738
1,0.062640
1,0.128610
1,0.068248
1,0.075970
1,0.113641
1,0.055947
1,0.092307
1,0.056243
1,0.082024
1,0.040904
1,0.059847
1,0.048913
1,0.063956
1,0.068572
1,0.066707
1,0.067176
1,0.160804
1,0.097852
1,0.111733
1,0.071522
1,0.130847
1,0.044398
1,0.042595
1,0.042864
1,0.044667
1,0.027797
1,0.042094
1,0.049028
1,0.042700
1,0.050597
1,0.071436
1,0.052541
1,0.063672
1,0.060384
1,0.037956
1,0.049196
1,0.057771
1,0.051963
1,0.042606
1,0.054421
1,0.045770
1,0.041140
1,0.046223
1,0.054290
1,0.038222
1,0.039618
1,0.044998
1,0.067120
1,0.054341
1,0.050835
1,0.049312
1,0.048521
1,0.047304
1,0.043119
1,0.054420
1,0.063729
1,0.059631
1,0.044669
1,0.055293
1,0.052271
1,0.055792
1,0.057105
1,0.033923
1,0.050328
1,0.060898
1,0.045886
1,0.045089
1,0.055633
1,0.044129
1,0.050950
1,0.041080
1,0.077166
1,0.043595
1,0.036878
1,0.045522
1,0.070434
1,0.036655
1,0.033725
1,0.044763
0,0.036375
0,0.023898
0,0.035435
0,0.036950
0,0.029554
0,0.039244
0,0.034435
0,0.031885
0,0.042964
0,0.031244
0,0.050356
0,0.045702
0,0.036912
0,0.045895
0,0.049014
0,0.031510
0,0.028801
0,0.041267
0,0.040828
0,0.013894
0,0.020076
0,0.025018
0,0.033260
0,0.030615
0,0.040216
0,0.040896
0,0.047914
0,0.054453
0,0.039527
0,0.053283
0,0.049890
0,0.050657
0,0.046166
0,0.053659
0,0.032565
0,0.038710
0,0.037312
0,0.017029
0,0.021208
0,0.013940
0,0.035650
0,0.034551
0,0.038547
0,0.024729
0,0.030578
0,0.032210
0,0.020589
0,0.022479
0,0.022498
0,0.022369
0,0.030034
0,0.027068
0,0.012222
0,0.019917
0,0.031886
0,0.029226
0,0.030854
0,0.025352
0,0.041023
0,0.045231
0,0.043130
0,0.021827
0,0.029791
0,0.055084
0,0.033261
0,0.043028
0,0.027564
0,0.042670
0,0.024456
0,0.043363
0,0.031663
0,0.058426
0,0.068088
0,0.047725
0,0.038090
0,0.021325
0,0.030307
0,0.033892
0,0.031336
0,0.035858
0,0.046613
0,0.033418
0,0.042307
0,0.025122
0,0.028209
0,0.023574
0,0.021056
0,0.022336
0,0.033233
0,0.037867
0,0.055680
0,0.054505
0,0.044422
0,0.030908
0,0.022940
0,0.035108
0,0.031917
0,0.036234
0,0.032544
0,0.028651
0,0.026582
0,0.045759
0,0.040727
0,0.039308
0,0.045474
0,0.042422
0,0.037661
0,0.029985
0,0.031145
0,0.031125
0,0.028128
0,0.047484
0,0.051180
0,0.039044
0,0.068783
0,0.049560
0,0.083086
0,0.031992
0,0.026073
0,0.028419
0,0.030702
0,0.036576
0,0.039329
0,0.029872
0,0.023963
0,0.023737
0,0.033835
0,0.035766
0,0.030354
0,0.031939
0,0.031342
0,0.044097
0,0.021369
1,0.927021
1,0.923580
1,0.860220
1,0.280608
1,0.842858
1,0.900412
1,0.932575
1,0.948907
1,0.955914
1,0.957754
1,0.958012
1,0.922049
1,0.946414
1,0.938590
1,0.895917
1,0.935850
1,0.922284
1,0.934689
1,0.917369
1,0.737787
1,0.819345
1,0.903485
1,0.361010
1,0.869645
1,0.854239
1,0.897050
1,0.919425
1,0.637104
1,0.867658
1,0.817633
1,0.897213
1,0.921795
1,0.941472
1,0.905375
1,0.895245
1,0.867134
1,0.824309
1,0.905278
1,0.837696
1,0.268403
1,0.846364
1,0.794177
1,0.894820
1,0.918709
1,0.916396
1,0.916816
1,0.945528
1,0.950027
1,0.965713
1,0.919716
1,0.908757
1,0.753964
1,0.902947
1,0.848739
1,0.742760
1,0.929728
1,0.895275
1,0.901952
1,0.950417
1,0.925940
1,0.912839
1,0.895890
1,0.925732
1,0.916132
1,0.926899
1,0.920676
1,0.915224
1,0.924463
1,0.904477
1,0.935854
1,0.924198
1,0.917675
1,0.922214
1,0.911875
1,0.914409
1,0.926515
1,0.943299
1,0.918388
1,0.856919
1,0.930508
1,0.615110
1,0.908938
1,0.913029
1,0.899210
1,0.949345
1,0.932196
1,0.932732
1,0.884667
1,0.913119
1,0.880151
1,0.879424
1,0.807682
1,0.919050
1,0.709872
1,0.854793
1,0.912744
1,0.920358
1,0.935703
1,0.931733
1,0.868369
1,0.037343
1,0.038943
1,0.035077
1,0.062298
1,0.021460
1,0.027241
1,0.033998
1,0.024828
1,0.034994
1,0.027921
1,0.027326
1,0.046827
1,0.036387
1,0.062165
1,0.032542
1,0.039035
1,0.051381
1,0.043419
1,0.043205
1,0.028450
1,0.024334
1,0.035826
1,0.028515
1,0.031047
1,0.030078
1,0.022881
1,0.080039
1,0.037773
1,0.049195
1,0.038285
1,0.050287
1,0.036435
1,0.024295
1,0.039688
1,0.028824
1,0.024580
1,0.059445
1,0.062430
1,0.034135
1,0.040896
1,0.064821
1,0.042778
1,0.031726
1,0.063030
1,0.059675
1,0.079254
1,0.095370
1,0.040190
1,0.045037
1,0.024922
1,0.029433
1,0.063960
1,0.067359
1,0.046948
1,0.035760
1,0.026182
1,0.037202
1,0.040683
1,0.037662
1,0.046857
1,0.051281
1,0.062297
1,0.042777
1,0.054319
1,0.050438
1,0.051649
1,0.050755
1,0.078551
1,0.046281
1,0.120369
1,0.023368
1,0.028193
1,0.049528
1,0.059178
1,0.040591
1,0.074656
1,0.061343
1,0.051590
1,0.044115
1,0.056235
1,0.160214
1,0.049638
1,0.019639
1,0.025988
0,0.029727
0,0.033138
0,0.264136
0,0.057728
0,0.102875
0,0.051090
0,0.032596
0,0.027480
0,0.027947
0,0.038228
0,0.042139
0,0.049824
0,0.052703
0,0.032757
0,0.026340
0,0.034856
0,0.023455
0,0.037866
0,0.022465
0,0.030563
0,0.036806
0,0.025999
0,0.038201
0,0.026378
0,0.032224
0,0.028444
0,0.044509
0,0.027021
0,0.042998
0,0.035942
0,0.032460
0,0.041768
0,0.053895
0,0.039830
0,0.053454
0,0.028808
0,0.059309
0,0.034351
0,0.030868
0,0.034245
0,0.048616
0,0.037491
0,0.043333
0,0.021898
0,0.016990
0,0.017225
0,0.017956
0,0.022435
0,0.021463
0,0.026526
0,0.016480
0,0.030876
0,0.024372
0,0.044218
0,0.028330
0,0.036624
0,0.029711
0,0.063434
0,0.029982
0,0.023901
0,0.059882
0,0.048464
0,0.039224
0,0.028956
0,0.042116
0,0.029661
0,0.021564
0,0.033409
0,0.031561
0,0.020536
