y_true,y_prob
1,0.030024
1,0.058312
1,0.040834
1,0.031586
1,0.050635
1,0.056786
1,0.035095
1,0.036652
1,0.042474
1,0.049789
1,0.035315
1,0.055168
1,0.047853
1,0.048051
1,0.029094
1,0.041010
1,0.048117
1,0.038766
1,0.055159
1,0.039897
1,0.049230
1,0.035708
1,0.041222
1,0.036582
1,0.061274
1,0.049534
1,0.061487
1,0.067537
1,0.053348
1,0.070710
1,0.041898
1,0.060187
1,0.049193
1,0.050601
1,0.045857
1,0.047175
1,0.043325
1,0.053350
1,0.059216
1,0.036638
1,0.052203
1,0.052043
1,0.060875
1,0.047105
1,0.055899
1,0.056065
1,0.049456
1,0.033209
1,0.032160
1,0.030996
1,0.047782
1,0.036599
1,0.043713
1,0.032336
1,0.046320
1,0.034373
1,0.032016
1,0.037160
1,0.049409
1,0.041614
1,0.056077
1,0.045268
1,0.038684
1,0.046195
1,0.032856
1,0.034906
1,0.040638
1,0.038599
1,0.067189
0,0.084763
0,0.055175
0,0.064330
0,0.209854
0,0.049382
0,0.071172
0,0.064040
0,0.052995
0,0.060029
0,0.051702
0,0.055545
0,0.048557
0,0.079072
0,0.074305
0,0.045862
0,0.029739
0,0.055091
0,0.076363
0,0.087057
0,0.186402
0,0.152428
0,0.493409
0,0.153405
0,0.329722
0,0.041338
0,0.203570
0,0.063338
0,0.067817
0,0.140237
0,0.217434
0,0.600356
0,0.047529
0,0.035505
0,0.063900
0,0.051665
0,0.105766
0,0.031069
0,0.027377
0,0.049004
0,0.029900
0,0.065166
0,0.423828
0,0.102474
0,0.149227
0,0.084799
0,0.049798
0,0.111483
0,0.062472
0,0.049057
0,0.049386
0,0.102000
0,0.135103
0,0.050390
0,0.043946
0,0.332832
0,0.033183
0,0.043203
0,0.052702
0,0.060005
0,0.083627
0,0.037313
0,0.039268
0,0.047345
0,0.058311
0,0.054060
0,0.030054
0,0.077696
0,0.077921
0,0.059919
0,0.055836
0,0.104961
0,0.049446
0,0.062987
0,0.063034
0,0.057236
0,0.035833
0,0.052160
0,0.047679
0,0.030364
0,0.036133
0,0.058039
0,0.552004
0,0.034900
0,0.101140
0,0.092573
0,0.049149
0,0.308454
0,0.061003
0,0.154470
0,0.042045
0,0.058169
0,0.049239
0,0.060625
0,0.061872
0,0.061580
0,0.054516
0,0.043133
0,0.073448
0,0.042786
0,0.212160
0,0.056495
0,0.029487
0,0.028820
0,0.033214
0,0.029252
0,0.040436
0,0.039235
0,0.031976
0,0.047998
0,0.031586
0,0.027019
0,0.036261
0,0.029715
0,0.035831
0,0.032909
0,0.026270
0,0.031447
0,0.029129
0,0.037010
0,0.035098
0,0.040785
0,0.041708
0,0.032369
0,0.039209
0,0.032984
0,0.033668
0,0.025135
0,0.041033
0,0.049268
0,0.038288
0,0.030488
0,0.045841
0,0.034936
0,0.040882
0,0.030366
0,0.042866
0,0.026684
0,0.029696
0,0.031167
0,0.065609
0,0.033834
0,0.036003
0,0.057873
0,0.029335
0,0.034824
0,0.047729
0,0.054943
0,0.055996
0,0.033806
0,0.041099
0,0.038198
0,0.034749
0,0.037832
0,0.056604
0,0.034551
0,0.047900
0,0.046740
0,0.046029
0,0.040897
0,0.038361
0,0.047222
0,0.024564
0,0.025355
0,0.030415
0,0.047567
0,0.034975
0,0.034278
0,0.032826
0,0.043732
0,0.029095
0,0.037378
0,0.042677
0,0.034650
0,0.035854
0,0.051708
0,0.046803
0,0.034927
0,0.029018
0,0.036878
0,0.052286
0,0.042415
0,0.056310
0,0.055659
0,0.053390
0,0.045830
0,0.058191
0,0.049315
0,0.034128
0,0.031454
0,0.033956
0,0.033309
0,0.038526
0,0.053674
0,0.046861
0,0.030227
0,0.045645
0,0.073454
0,0.033470
0,0.076792
0,0.032716
1,0.027940
1,0.030654
1,0.028172
1,0.038274
1,0.037374
1,0.053729
1,0.040777
1,0.049011
1,0.032994
1,0.040426
1,0.030739
1,0.029054
1,0.030073
1,0.029738
1,0.026426
1,0.030915
1,0.040665
1,0.029888
1,0.029088
1,0.030579
1,0.025458
1,0.032291
1,0.030841
1,0.028561
1,0.042166
1,0.057661
1,0.043907
1,0.046241
1,0.041540
1,0.032254
1,0.030266
1,0.024237
1,0.025253
1,0.027338
1,0.026389
1,0.049280
1,0.032642
1,0.040286
1,0.031402
1,0.027626
1,0.028316
1,0.028219
1,0.022747
1,0.024307
1,0.024764
1,0.022010
1,0.026152
1,0.031469
1,0.021469
1,0.022198
1,0.036488
1,0.028769
1,0.042001
1,0.031636
1,0.032631
1,0.039347
1,0.033726
1,0.029884
1,0.028412
1,0.024059
1,0.021859
1,0.028680
0,0.053046
0,0.045584
0,0.051766
0,0.035930
0,0.044038
0,0.038312
0,0.033108
0,0.039419
0,0.067244
0,0.049914
0,0.050081
0,0.063189
0,0.054904
0,0.044257
0,0.036509
0,0.038972
0,0.068959
0,0.097700
0,0.027270
0,0.042153
0,0.065386
0,0.050982
0,0.045143
0,0.041556
0,0.064471
0,0.047709
0,0.044998
0,0.045686
0,0.045843
0,0.032440
0,0.030779
0,0.050411
0,0.033348
0,0.056416
0,0.094127
0,0.041671
0,0.045321
0,0.064030
0,0.077556
0,0.078636
0,0.072997
0,0.069451
0,0.056028
0,0.066687
0,0.068241
0,0.041920
0,0.058538
0,0.071711
0,0.073683
0,0.055244
0,0.034490
0,0.036104
0,0.048191
0,0.028965
0,0.019748
0,0.021188
0,0.021321
0,0.014784
0,0.017693
0,0.018680
0,0.031928
0,0.030775
0,0.086066
0,0.023018
0,0.022436
0,0.019450
0,0.022721
0,0.023566
0,0.019749
0,0.024868
0,0.024252
0,0.016790
0,0.021194
0,0.019126
0,0.025253
0,0.073660
0,0.045106
0,0.056015
0,0.020462
0,0.023540
0,0.023428
0,0.045748
0,0.033563
0,0.029157
0,0.012579
0,0.026474
0,0.022977
0,0.031536
0,0.028799
0,0.084561
0,0.017010
0,0.047508
0,0.139409
0,0.041098
0,0.038646
0,0.026309
0,0.029889
0,0.067879
0,0.504071
0,0.801736
0,0.935025
0,0.090470
0,0.188711
0,0.024410
0,0.078354
0,0.016190
0,0.037964
0,0.029567
0,0.025674
0,0.034414
0,0.023499
0,0.018460
0,0.040303
0,0.026133
0,0.026885
0,0.020647
0,0.114790
0,0.022855
0,0.024627
0,0.016542
0,0.040037
0,0.041003
0,0.038292
0,0.030513
0,0.028169
0,0.026513
0,0.018827
0,0.021553
0,0.033480
0,0.036427
0,0.024892
0,0.021988
0,0.022130
0,0.022537
0,0.020691
0,0.023107
0,0.012424
0,0.022605
0,0.020152
0,0.019469
0,0.028638
0,0.024635
0,0.019922
0,0.019357
0,0.040969
0,0.019986
0,0.057655
0,0.041539
0,0.030443
0,0.023281
0,0.024704
0,0.021030
0,0.020674
0,0.062522
0,0.022381
0,0.046623
0,0.040378
0,0.016564
0,0.030088
0,0.013925
0,0.018822
0,0.028208
0,0.026770
0,0.022963
0,0.020411
0,0.021531
0,0.057334
0,0.046628
0,0.056657
0,0.042037
0,0.034895
0,0.023570
0,0.041088
0,0.029926
0,0.022182
0,0.019150
0,0.025741
0,0.032463
0,0.019536
0,0.023413
0,0.039566
0,0.035284
0,0.025012
0,0.032468
0,0.029102
0,0.028630
0,0.030820
0,0.018716
0,0.024706
0,0.029295
0,0.043116
0,0.035230
0,0.023093
0,0.024332
0,0.015908
0,0.021947
0,0.027979
0,0.020925
0,0.026506
0,0.025546
0,0.019724
0,0.017449
0,0.022435
0,0.032413
0,0.032657
0,0.027074
0,0.036488
0,0.035282
0,0.038103
0,0.052026
0,0.034898
0,0.022409
0,0.028668
0,0.030990
0,0.031670
0,0.042528
0,0.020557
0,0.037067
0,0.034699
0,0.041578
0,0.041373
0,0.021601
0,0.037553
0,0.035057
0,0.020565
0,0.022145
0,0.023444
0,0.037502
0,0.033886
0,0.023488
0,0.040545
0,0.022958
0,0.059513
0,0.036789
0,0.042777
0,0.039113
0,0.037946
0,0.036244
0,0.028441
0,0.020635
0,0.029107
0,0.029766
0,0.023570
0,0.026127
0,0.032896
0,0.036809
0,0.031792
0,0.039435
0,0.023202
0,0.017410
0,0.023182
0,0.018090
0,0.019044
0,0.037026
0,0.023008
0,0.024962
0,0.025992
0,0.016147
0,0.034403
0,0.022699
0,0.027742
0,0.018705
0,0.023058
0,0.036250
0,0.023072
0,0.028466
0,0.023491
0,0.043115
0,0.019272
0,0.019554
0,0.015658
0,0.015196
0,0.018156
0,0.013186
0,0.020498
0,0.021947
0,0.020598
0,0.025424
0,0.023061
0,0.023072
0,0.027293
0,0.019362
0,0.027269
0,0.017511
0,0.019796
0,0.029451
0,0.046649
0,0.020240
0,0.028118
0,0.027090
0,0.022220
0,0.031341
0,0.057510
0,0.029369
0,0.035146
0,0.042984
0,0.045929
0,0.032313
0,0.029108
0,0.054949
0,0.015173
0,0.034598
0,0.013524
0,0.023903
0,0.035215
0,0.036058
0,0.050757
0,0.033034
0,0.029163
0,0.031729
0,0.041731
0,0.018812
0,0.015435
0,0.039423
0,0.035276
0,0.027246
0,0.026705
0,0.045539
1,0.024164
1,0.033913
1,0.065482
1,0.032389
1,0.035882
1,0.052459
1,0.027160
1,0.024840
1,0.037659
1,0.030307
1,0.029674
1,0.040881
1,0.019992
1,0.052718
1,0.030356
1,0.039011
1,0.060913
1,0.029778
1,0.034238
1,0.034533
1,0.024541
1,0.038531
1,0.037525
1,0.031013
1,0.029675
1,0.031661
1,0.020429
1,0.040413
1,0.027122
1,0.019705
1,0.030855
1,0.069119
1,0.058215
1,0.039892
1,0.019935
1,0.027356
1,0.025747
1,0.037063
1,0.031382
1,0.045917
1,0.021777
1,0.024727
1,0.037741
1,0.022431
1,0.028988
1,0.028214
1,0.033979
1,0.031526
1,0.026430
1,0.036962
1,0.021629
1,0.029859
1,0.040518
1,0.105438
1,0.075175
1,0.099253
1,0.023273
1,0.034839
1,0.107150
1,0.048132
1,0.018886
1,0.028754
1,0.021302
1,0.058598
1,0.057829
1,0.031931
1,0.046822
1,0.040922
1,0.040342
1,0.051907
1,0.040048
1,0.034494
1,0.089916
1,0.045207
1,0.038501
1,0.032352
1,0.045445
1,0.035565
1,0.035646
1,0.113801
1,0.064437
1,0.060878
1,0.033314
1,0.056394
1,0.025622
1,0.018464
1,0.041923
1,0.042741
1,0.030620
1,0.035177
1,0.037447
1,0.042767
1,0.030575
1,0.033024
1,0.022038
1,0.022542
1,0.017259
1,0.025588
1,0.048840
1,0.060065
0,0.061534
0,0.056735
0,0.064904
0,0.047074
0,0.040084
0,0.048125
0,0.033581
0,0.047262
0,0.079463
0,0.033598
0,0.061721
0,0.051443
0,0.031295
0,0.024658
0,0.047295
0,0.044109
0,0.039000
0,0.072485
0,0.049189
0,0.029115
0,0.026199
0,0.022493
0,0.034778
0,0.032175
0,0.030473
0,0.030303
0,0.027297
0,0.039528
0,0.042212
0,0.040085
0,0.050625
0,0.038112
0,0.031231
0,0.022808
0,0.039302
0,0.041340
0,0.035235
0,0.030637
0,0.030335
0,0.026819
0,0.035959
0,0.041669
0,0.031920
0,0.031946
0,0.027903
0,0.027387
0,0.025251
0,0.021984
0,0.025392
0,0.018029
0,0.052526
0,0.056615
0,0.030382
0,0.034809
0,0.024542
0,0.037947
0,0.026630
0,0.074898
0,0.023871
0,0.019315
0,0.035210
0,0.033924
0,0.044655
0,0.023759
0,0.042384
0,0.053717
0,0.050211
0,0.041134
0,0.039628
0,0.043283
0,0.044944
0,0.047484
0,0.047107
0,0.041696
0,0.040666
0,0.029643
0,0.040488
0,0.034837
0,0.038986
0,0.027791
0,0.062444
0,0.044565
0,0.034021
0,0.022990
0,0.042027
0,0.032993
0,0.061549
0,0.047569
0,0.035519
0,0.045194
0,0.033783
0,0.029585
0,0.028782
0,0.039614
0,0.033833
0,0.026949
0,0.021312
0,0.024156
0,0.027427
0,0.026016
0,0.025634
0,0.025680
0,0.019445
0,0.019319
0,0.025098
0,0.026513
0,0.038659
0,0.034818
0,0.032672
0,0.017290
0,0.019426
0,0.019554
0,0.026899
0,0.030170
0,0.038838
0,0.025363
0,0.042031
0,0.031902
0,0.037588
0,0.035670
0,0.039599
0,0.036132
0,0.031871
0,0.044324
0,0.042989
0,0.025092
0,0.028758
0,0.037351
0,0.036246
0,0.027499
0,0.055241
0,0.039720
0,0.031240
0,0.026576
0,0.036287
0,0.029258
0,0.037277
0,0.030235
0,0.017351
0,0.027079
0,0.023405
0,0.037878
0,0.041993
0,0.021945
0,0.030898
0,0.028639
0,0.026439
0,0.022965
0,0.023417
0,0.032688
0,0.023763
0,0.025523
0,0.023235
0,0.027034
0,0.027858
0,0.030466
0,0.022265
0,0.022082
0,0.031537
0,0.023445
0,0.034626
0,0.025125
0,0.032985
0,0.022845
0,0.029183
0,0.035132
0,0.040287
0,0.034718
0,0.034197
0,0.017398
0,0.019456
0,0.013860
0,0.020860
0,0.024671
0,0.026320
0,0.031849
0,0.039437
0,0.034774
0,0.023596
0,0.022588
0,0.021142
0,0.027184
0,0.026853
0,0.024124
0,0.031351
0,0.025699
0,0.035938
0,0.036185
0,0.028028
0,0.023388
0,0.037197
0,0.026568
0,0.030408
0,0.034275
0,0.019128
0,0.027134
0,0.025121
0,0.027575
0,0.032852
0,0.035289
0,0.019380
0,0.019077
0,0.023963
0,0.020219
0,0.020733
0,0.023602
0,0.020095
0,0.013388
0,0.018778
0,0.021240
0,0.023695
0,0.025419
0,0.017065
0,0.018307
0,0.019830
0,0.019971
0,0.022666
0,0.029923
0,0.025136
0,0.023625
0,0.022711
0,0.025844
0,0.021987
0,0.022817
0,0.026078
0,0.021583
0,0.027418
0,0.027292
0,0.015212
0,0.025998
0,0.028015
0,0.024442
0,0.027527
0,0.025316
0,0.020903
0,0.028311
0,0.025974
0,0.013097
0,0.022167
0,0.028148
0,0.018099
0,0.035620
0,0.027955
0,0.017679
0,0.021929
0,0.026390
0,0.326605
0,0.022412
0,0.026154
0,0.023129
0,0.294746
0,0.020011
0,0.022351
0,0.022955
0,0.021814
0,0.023593
0,0.018407
0,0.028985
0,0.016837
0,0.027435
0,0.024574
0,0.035465
0,0.025113
0,0.027198
0,0.027698
0,0.023294
0,0.027362
0,0.022034
0,0.035036
0,0.018740
0,0.058138
0,0.023224
0,0.034616
0,0.032379
0,0.026272
0,0.019243
0,0.012792
0,0.016967
0,0.016083
0,0.018048
0,0.016723
0,0.022640
0,0.025846
0,0.022229
0,0.020395
0,0.013849
0,0.025113
0,0.020646
0,0.030855
0,0.025740
0,0.024946
0,0.025836
0,0.025132
0,0.022427
0,0.023611
0,0.023999
0,0.043422
0,0.046814
0,0.030799
0,0.043740
0,0.045173
0,0.036038
0,0.035559
0,0.028245
0,0.034060
0,0.043332
0,0.040793
0,0.025332
0,0.032052
0,0.041320
0,0.027495
0,0.034692
0,0.042419
0,0.050335
0,0.039174
0,0.044121
0,0.043047
0,0.032366
0,0.037102
0,0.036470
0,0.042322
0,0.038124
0,0.044617
0,0.022674
0,0.034508
0,0.034500
0,0.029799
0,0.026821
0,0.028867
0,0.041009
0,0.039800
0,0.033618
0,0.043929
0,0.034709
0,0.037387
0,0.040959
0,0.030872
0,0.036539
0,0.027165
0,0.031569
0,0.037711
0,0.031102
0,0.020487
0,0.024839
0,0.037865
0,0.024101
0,0.030080
0,0.041221
0,0.038979
0,0.038240
0,0.032772
0,0.040304
0,0.034318
0,0.046573
0,0.044485
0,0.035484
0,0.044900
0,0.022841
0,0.044718
0,0.044460
0,0.039481
0,0.034088
0,0.033871
0,0.045101
0,0.025293
0,0.032470
0,0.025081
0,0.040092
0,0.043366
0,0.045533
0,0.035380
0,0.037029
0,0.029360
0,0.042558
0,0.041578
0,0.040586
0,0.047493
0,0.029572
0,0.034334
0,0.019235
0,0.050452
0,0.039701
0,0.045597
0,0.038703
0,0.039407
0,0.031280
0,0.038177
0,0.040952
0,0.042850
0,0.031833
0,0.034568
0,0.025514
0,0.027975
0,0.040481
0,0.040093
0,0.030326
1,0.064807
1,0.061587
1,0.298210
1,0.476355
1,0.096355
1,0.690676
1,0.348219
1,0.123873
1,0.205654
1,0.152850
1,0.289418
1,0.106360
1,0.115709
1,0.850206
1,0.558561
1,0.798137
1,0.102631
1,0.112674
1,0.133188
1,0.121954
1,0.125162
1,0.072715
1,0.827709
1,0.062971
1,0.049494
1,0.038169
1,0.035062
1,0.033093
1,0.031704
1,0.029969
1,0.029294
1,0.058838
1,0.126440
1,0.155494
1,0.049720
1,0.041801
1,0.035480
1,0.035405
1,0.403841
1,0.162940
1,0.085187
1,0.133738
1,0.217882
1,0.288078
1,0.390765
1,0.107060
1,0.044196
1,0.049225
1,0.043663
1,0.042327
1,0.028927
1,0.030491
1,0.028638
1,0.023992
1,0.034147
1,0.041224
1,0.040233
1,0.036389
1,0.035583
1,0.033830
1,0.033649
1,0.049634
1,0.069027
1,0.079290
1,0.071728
1,0.098888
1,0.211935
1,0.081184
1,0.101194
1,0.148407
1,0.027301
1,0.038105
1,0.039438
1,0.042837
1,0.147851
1,0.138560
1,0.137580
1,0.038574
1,0.029388
1,0.039091
1,0.036649
1,0.044921
1,0.027553
1,0.034230
1,0.035778
1,0.661239
1,0.069184
1,0.044803
1,0.039683
1,0.084759
1,0.084297
1,0.083226
1,0.779460
1,0.052435
1,0.047673
1,0.074436
1,0.085080
1,0.119128
1,0.088315
1,0.125044
0,0.019402
0,0.026093
0,0.029057
0,0.027790
0,0.035883
0,0.028486
0,0.027155
0,0.018284
0,0.018741
0,0.022006
0,0.026152
0,0.024605
0,0.032383
0,0.025560
0,0.031588
0,0.026302
0,0.025490
0,0.023801
0,0.037358
0,0.027468
0,0.019060
0,0.031840
0,0.023888
0,0.021729
0,0.025585
0,0.026804
0,0.026773
0,0.034240
0,0.030257
0,0.026741
0,0.020290
0,0.031898
0,0.026788
0,0.024961
0,0.027154
0,0.025517
0,0.026772
0,0.032258
0,0.030099
0,0.036761
0,0.025096
0,0.029748
0,0.022442
0,0.021768
0,0.030095
0,0.021439
0,0.019429
0,0.025692
0,0.020433
0,0.019042
0,0.020524
0,0.028555
0,0.019991
0,0.026510
0,0.029580
0,0.026239
0,0.033880
0,0.034673
0,0.026014
0,0.038980
0,0.028172
0,0.029060
0,0.022962
0,0.024126
0,0.024634
0,0.027402
0,0.023070
0,0.016553
0,0.026269
0,0.022639
0,0.017261
0,0.018369
0,0.023072
0,0.022457
1,0.031614
1,0.035585
1,0.052916
1,0.052652
1,0.048961
1,0.057857
1,0.059770
1,0.052456
1,0.040130
1,0.047854
1,0.038980
1,0.039278
1,0.035258
1,0.046717
1,0.030121
1,0.055021
1,0.042904
1,0.044551
1,0.028196
1,0.049499
1,0.067923
1,0.030620
1,0.034292
1,0.032389
1,0.045081
1,0.051389
1,0.073172
1,0.034246
1,0.047949
1,0.051371
1,0.054564
1,0.041855
1,0.046454
1,0.026083
1,0.045732
1,0.040780
1,0.038856
1,0.037642
1,0.044998
1,0.040524
1,0.040710
1,0.042575
1,0.042428
1,0.035899
1,0.028739
1,0.021000
1,0.043382
1,0.036066
1,0.048854
1,0.050876
1,0.046957
1,0.035942
1,0.039954
1,0.069126
1,0.058433
1,0.062084
1,0.066713
1,0.065287
1,0.057253
1,0.045253
1,0.054830
1,0.033752
1,0.050548
1,0.059708
1,0.048854
1,0.082059
1,0.065281
1,0.074432
1,0.057160
1,0.037335
1,0.038958
1,0.038770
1,0.048634
1,0.062764
1,0.036874
1,0.027439
1,0.036142
1,0.025160
1,0.041565
1,0.030791
1,0.035290
1,0.028771
1,0.037193
1,0.036939
1,0.044819
1,0.025333
1,0.051435
1,0.038157
1,0.041319
1,0.034028
1,0.046155
1,0.048739
1,0.051009
1,0.043583
1,0.042830
1,0.038600
1,0.037858
1,0.037084
1,0.031859
1,0.030052
1,0.035349
1,0.028429
1,0.056359
1,0.033615
1,0.036975
1,0.050378
1,0.028664
1,0.052028
1,0.028551
1,0.032426
1,0.042358
1,0.042050
1,0.050480
1,0.032363
1,0.035727
1,0.013670
1,0.047833
1,0.023719
1,0.035595
1,0.038142
1,0.041006
1,0.033305
1,0.045388
1,0.039784
1,0.043687
1,0.035245
1,0.033279
1,0.030855
1,0.044401
1,0.035903
1,0.040765
1,0.041633
1,0.028327
1,0.035001
1,0.030933
1,0.028211
1,0.030058
1,0.052344
1,0.021094
1,0.053532
1,0.097179
1,0.021578
1,0.019810
1,0.040086
1,0.041667
1,0.031843
1,0.218066
1,0.055044
1,0.035698
1,0.033668
1,0.035123
1,0.028335
1,0.031245
1,0.046080
1,0.047550
1,0.036854
1,0.030913
1,0.035843
1,0.031282
1,0.038617
1,0.013606
1,0.021273
1,0.024385
1,0.026824
1,0.028539
1,0.033209
1,0.047521
1,0.027514
1,0.019322
1,0.034119
1,0.037904
1,0.037102
1,0.044152
1,0.043904
1,0.059463
1,0.083136
1,0.074580
1,0.031375
1,0.020823
1,0.034048
1,0.029834
1,0.038150
1,0.017793
1,0.021464
1,0.034568
1,0.047057
1,0.030768
1,0.026289
1,0.020442
1,0.034487
1,0.103729
1,0.036329
1,0.020636
1,0.022512
1,0.020440
1,0.032175
1,0.025967
1,0.018041
1,0.017100
1,0.077261
1,0.049155
1,0.041055
1,0.037066
1,0.055812
1,0.031553
1,0.020840
1,0.039879
1,0.021467
1,0.049054
1,0.035396
1,0.117691
1,0.028161
1,0.046733
1,0.065436
1,0.059037
1,0.037785
1,0.029626
1,0.028899
1,0.032638
1,0.028612
1,0.023433
1,0.029580
1,0.020287
1,0.024786
1,0.019012
1,0.027784
1,0.065865
1,0.066283
1,0.057341
1,0.019797
1,0.033241
1,0.025828
1,0.037335
1,0.024284
1,0.020865
1,0.021164
1,0.023435
1,0.027893
1,0.032504
1,0.031091
1,0.024335
1,0.081205
1,0.060307
1,0.029461
1,0.058565
1,0.053663
1,0.024599
1,0.029676
1,0.026258
1,0.037391
1,0.035807
1,0.023042
1,0.064696
1,0.039989
1,0.033123
1,0.067020
1,0.033294
1,0.031891
1,0.024295
1,0.023882
1,0.019034
1,0.025135
1,0.022049
1,0.031502
1,0.039261
1,0.032551
1,0.039775
1,0.020610
1,0.046794
1,0.048605
1,0.035517
1,0.037768
1,0.043241
1,0.020134
1,0.050128
1,0.013653
1,0.010616
1,0.011933
1,0.015174
1,0.027581
1,0.019466
1,0.022302
1,0.033781
1,0.029696
1,0.035329
1,0.027845
1,0.037927
1,0.024982
1,0.016673
1,0.020630
1,0.023330
1,0.012051
1,0.021336
1,0.014490
1,0.019949
1,0.020235
1,0.026396
1,0.038335
1,0.031424
1,0.021957
1,0.023545
1,0.017017
1,0.036807
1,0.030177
1,0.027187
1,0.022616
1,0.026430
1,0.030780
1,0.026994
1,0.014946
1,0.017093
1,0.028096
1,0.044587
1,0.035796
1,0.060426
1,0.023092
1,0.018314
1,0.021787
1,0.077290
1,0.115773
1,0.094614
1,0.277602
1,0.772651
1,0.120758
1,0.162130
1,0.122516
1,0.104798
1,0.228181
1,0.312097
1,0.292418
1,0.429730
1,0.091735
1,0.410184
1,0.301379
1,0.210729
1,0.296167
1,0.262326
1,0.214574
1,0.266858
1,0.345019
1,0.204718
1,0.063515
1,0.180913
1,0.120614
1,0.616450
1,0.495447
1,0.425289
1,0.388112
1,0.910098
1,0.631995
1,0.520044
1,0.356899
1,0.334979
1,0.704680
1,0.216715
1,0.173416
1,0.498787
1,0.514042
1,0.344150
1,0.057450
1,0.096376
1,0.486521
1,0.891926
1,0.735612
1,0.639573
1,0.097710
1,0.309374
1,0.521342
1,0.245282
1,0.136574
1,0.098187
1,0.087864
1,0.059582
1,0.090819
1,0.065238
1,0.290713
1,0.771070
1,0.903647
1,0.937941
1,0.891561
1,0.460345
1,0.420319
1,0.352318
1,0.271199
1,0.056889
1,0.237664
1,0.284520
1,0.266736
1,0.538641
1,0.812340
1,0.488071
1,0.644657
1,0.229417
1,0.193893
1,0.136106
1,0.199434
1,0.169524
1,0.129316
1,0.594753
1,0.650742
1,0.545561
1,0.037147
1,0.030299
1,0.033352
1,0.020480
1,0.034012
1,0.022097
1,0.017444
1,0.027319
1,0.025828
1,0.024742
1,0.016147
1,0.018799
1,0.022669
1,0.015691
1,0.020268
1,0.019199
1,0.025955
1,0.026967
1,0.026935
1,0.017915
1,0.014633
1,0.014567
1,0.020642
1,0.017558
1,0.015826
1,0.011597
1,0.024075
1,0.017303
1,0.020258
1,0.015635
1,0.018971
1,0.021864
1,0.020794
1,0.020387
1,0.023536
1,0.023125
1,0.018842
1,0.020771
1,0.018398
1,0.022381
1,0.035994
1,0.027401
1,0.025647
1,0.024348
1,0.023039
1,0.012912
1,0.016367
1,0.030141
1,0.027188
1,0.029514
1,0.022786
1,0.030758
1,0.029956
1,0.023278
1,0.033028
1,0.023736
1,0.024454
1,0.022598
1,0.026881
1,0.023686
1,0.028857
1,0.024229
1,0.018764
1,0.024234
1,0.022107
1,0.019001
1,0.020398
1,0.015429
1,0.021072
1,0.023255
1,0.022942
1,0.017867
1,0.023776
1,0.022968
1,0.022218
1,0.040821
1,0.026400
1,0.049808
1,0.041563
1,0.045364
1,0.032416
1,0.033605
1,0.040062
1,0.051722
1,0.030404
1,0.025180
1,0.029571
1,0.028788
1,0.041745
1,0.020231
1,0.025410
1,0.018949
1,0.028103
1,0.023829
1,0.020474
1,0.023663
1,0.023178
1,0.022781
1,0.033519
1,0.026549
1,0.019457
1,0.022297
1,0.035719
1,0.033907
1,0.030702
1,0.020890
1,0.027978
1,0.035942
1,0.028462
1,0.028711
1,0.020810
1,0.014807
1,0.018426
1,0.023690
1,0.025081
1,0.027437
1,0.025837
1,0.023707
1,0.046378
1,0.039835
1,0.047361
1,0.025223
1,0.022919
1,0.043205
1,0.029706
1,0.019118
1,0.024394
1,0.024584
1,0.026986
1,0.018335
0,0.055801
0,0.034491
0,0.039478
0,0.039394
0,0.037897
0,0.042600
0,0.039346
0,0.034022
0,0.034352
0,0.035299
0,0.032683
0,0.029850
0,0.035479
0,0.033687
0,0.038546
0,0.035519
0,0.028855
0,0.030837
0,0.028692
0,0.032497
0,0.054887
0,0.030909
0,0.031206
0,0.045117
0,0.038688
0,0.035604
0,0.031517
0,0.036819
0,0.040199
0,0.045581
0,0.040831
0,0.043642
0,0.051901
0,0.043398
0,0.037299
0,0.035071
0,0.034316
0,0.036690
0,0.030561
0,0.029639
0,0.038594
0,0.034703
0,0.032935
0,0.036745
0,0.039842
0,0.032769
0,0.047840
0,0.039122
0,0.036780
0,0.028918
0,0.028880
0,0.027306
0,0.028269
0,0.041628
0,0.044505
0,0.037389
0,0.041504
0,0.046100
0,0.034458
0,0.040146
0,0.045310
0,0.048186
0,0.032917
0,0.031427
0,0.028660
0,0.030804
0,0.024596
0,0.035720
0,0.038192
0,0.034479
0,0.038054
0,0.043905
0,0.032353
0,0.032886
0,0.040673
0,0.036494
0,0.044934
0,0.046549
0,0.047784
0,0.040600
0,0.029724
0,0.040089
0,0.040172
0,0.030187
0,0.053163
0,0.043513
0,0.051291
0,0.039854
0,0.026821
0,0.024583
0,0.035537
0,0.034904
0,0.053027
0,0.069801
0,0.026672
0,0.020524
0,0.034438
0,0.048934
0,0.036709
0,0.058383
0,0.060700
0,0.017959
0,0.043538
0,0.049600
0,0.059115
0,0.036802
0,0.018860
0,0.081279
0,0.035589
0,0.180441
0,0.087604
0,0.081458
0,0.051456
0,0.037282
0,0.430978
0,0.096533
0,0.091412
0,0.116047
0,0.041536
0,0.055579
0,0.056107
0,0.020037
0,0.111629
0,0.046706
0,0.073307
0,0.023464
0,0.048333
0,0.027398
0,0.015304
0,0.049609
0,0.029100
0,0.013054
0,0.021394
0,0.020932
0,0.028605
0,0.027840
0,0.049563
0,0.022772
0,0.023155
0,0.025371
0,0.024596
0,0.027970
0,0.017824
0,0.019693
0,0.024099
0,0.035757
0,0.035678
0,0.031841
0,0.023282
0,0.019431
0,0.031923
0,0.018735
0,0.027832
0,0.020804
0,0.117112
0,0.015396
0,0.039552
0,0.018023
0,0.027672
0,0.024601
0,0.059715
0,0.029006
0,0.024966
0,0.020522
0,0.021885
0,0.071884
0,0.022555
0,0.034560
0,0.031004
0,0.059079
0,0.136427
0,0.042616
0,0.059834
0,0.024216
0,0.028236
0,0.023084
0,0.038913
0,0.024227
0,0.022114
0,0.026518
0,0.019581
0,0.027891
0,0.024642
0,0.022656
0,0.024837
0,0.026990
0,0.023848
0,0.021713
0,0.042308
0,0.027074
0,0.022581
1,0.777955
1,0.810145
1,0.844594
1,0.301619
1,0.502069
1,0.546505
1,0.379348
1,0.473068
1,0.198733
1,0.746097
1,0.559009
1,0.428160
1,0.300162
1,0.316838
1,0.748496
1,0.872403
1,0.676986
1,0.845036
1,0.778219
1,0.774587
1,0.860155
1,0.762340
1,0.411601
1,0.568470
1,0.719320
1,0.639921
1,0.819049
1,0.841960
1,0.911667
1,0.936299
1,0.938037
1,0.878452
1,0.838015
1,0.905730
1,0.827385
1,0.935721
1,0.490036
1,0.762678
1,0.877232
1,0.833493
1,0.892787
1,0.588753
1,0.873654
1,0.650804
1,0.879530
1,0.417322
1,0.099555
1,0.701738
1,0.285813
1,0.880559
1,0.422226
1,0.649617
1,0.761352
1,0.741050
1,0.678412
1,0.850543
1,0.905613
1,0.829613
1,0.659351
1,0.804054
1,0.833584
1,0.025642
1,0.072554
1,0.573496
1,0.200413
1,0.270080
1,0.606305
1,0.636724
1,0.883513
1,0.938799
1,0.926535
1,0.953175
1,0.965066
1,0.960872
1,0.932950
1,0.871861
1,0.819599
1,0.787434
1,0.665356
1,0.096164
1,0.432471
1,0.854153
1,0.916514
1,0.903904
1,0.897261
1,0.921685
1,0.936443
1,0.910654
1,0.960571
1,0.880027
1,0.398233
1,0.432948
1,0.120085
1,0.093145
1,0.906233
1,0.567394
1,0.858869
1,0.818909
1,0.771507
1,0.865674
1,0.048961
1,0.063098
1,0.054941
1,0.066687
1,0.064576
1,0.079540
1,0.076746
1,0.152151
1,0.188350
1,0.061418
1,0.138775
1,0.093504
1,0.122616
1,0.080738
1,0.079613
1,0.095476
1,0.072735
1,0.096785
1,0.124986
1,0.184695
1,0.081733
1,0.061000
1,0.078365
1,0.086310
1,0.079710
1,0.117443
1,0.117143
1,0.124221
1,0.113682
1,0.132029
1,0.188833
1,0.231933
1,0.093449
1,0.126666
1,0.064747
1,0.066180
1,0.066414
1,0.057360
1,0.042781
1,0.087137
1,0.120876
1,0.197938
1,0.088557
1,0.091465
1,0.102398
1,0.113106
1,0.073605
1,0.106020
1,0.138312
1,0.170496
1,0.062736
1,0.072576
1,0.096458
1,0.116445
1,0.075464
1,0.095602
1,0.157229
1,0.140192
1,0.065477
1,0.083593
1,0.096330
1,0.115368
1,0.474648
1,0.291825
1,0.561139
1,0.624801
1,0.635620
1,0.683996
1,0.430283
1,0.270834
1,0.487853
1,0.115510
1,0.142407
1,0.097262
1,0.155152
1,0.537321
1,0.657333
1,0.495996
1,0.869574
1,0.784999
1,0.582388
1,0.731785
1,0.236599
1,0.443106
1,0.397864
1,0.319905
1,0.205175
1,0.155700
1,0.621323
1,0.800033
1,0.823637
1,0.741367
1,0.234484
1,0.416586
1,0.153788
1,0.356685
1,0.278316
1,0.075371
1,0.096771
1,0.065671
1,0.075727
1,0.035611
1,0.045525
1,0.053031
1,0.047034
1,0.471927
1,0.180032
1,0.203591
1,0.134624
1,0.091844
1,0.074525
1,0.124972
1,0.067314
1,0.072718
1,0.051284
1,0.041350
1,0.045101
1,0.050762
1,0.089213
1,0.174033
1,0.147992
1,0.172400
1,0.315813
1,0.900048
1,0.796081
1,0.247803
1,0.184853
1,0.272368
1,0.469261
1,0.150243
1,0.160045
1,0.188248
1,0.564894
1,0.708231
1,0.473535
1,0.803826
1,0.688317
1,0.675590
1,0.507019
1,0.065082
1,0.404603
1,0.199089
1,0.545563
1,0.639665
1,0.173570
1,0.187630
1,0.212932
1,0.079895
1,0.199365
1,0.820163
1,0.218686
1,0.043515
1,0.052902
1,0.049052
1,0.036201
1,0.036762
1,0.039992
1,0.042674
1,0.030872
1,0.042520
1,0.039883
1,0.048473
1,0.037886
1,0.032651
1,0.032792
1,0.049338
1,0.044305
1,0.034035
1,0.042469
1,0.040257
1,0.037726
1,0.030045
1,0.044345
1,0.046515
1,0.036215
1,0.035029
1,0.036414
1,0.037342
1,0.037711
1,0.037576
1,0.040572
1,0.030368
1,0.026747
1,0.032311
1,0.032070
1,0.040486
1,0.037963
1,0.033087
1,0.035204
1,0.034948
1,0.030966
1,0.020007
1,0.030186
1,0.048873
1,0.023412
1,0.027313
1,0.026237
1,0.054963
1,0.035624
1,0.057091
1,0.072218
1,0.048642
1,0.042235
1,0.048136
1,0.029432
1,0.026111
1,0.035723
1,0.019098
1,0.021331
1,0.020364
1,0.020181
1,0.029008
1,0.040218
1,0.027803
1,0.030631
1,0.023476
1,0.024619
1,0.040904
1,0.028608
1,0.034630
1,0.039024
1,0.044675
1,0.044374
1,0.031763
1,0.028080
1,0.026006
1,0.031374
1,0.036686
1,0.038886
1,0.028400
1,0.023893
1,0.024957
1,0.027041
1,0.025819
1,0.022519
1,0.027924
1,0.030468
1,0.042880
1,0.035796
1,0.036552
1,0.034917
1,0.055757
1,0.029768
1,0.051056
1,0.033843
1,0.043006
1,0.036376
1,0.044522
1,0.041010
1,0.043286
1,0.038556
1,0.047253
1,0.028972
1,0.039572
1,0.031987
1,0.042534
1,0.039182
1,0.032137
1,0.027173
1,0.036982
1,0.038772
1,0.039639
1,0.027615
1,0.027023
1,0.025505
1,0.030865
1,0.022155
1,0.024521
1,0.025481
1,0.024506
1,0.044351
1,0.046738
1,0.032917
1,0.033561
1,0.029536
1,0.044172
1,0.035851
1,0.030996
1,0.035955
1,0.037393
1,0.036917
1,0.032719
1,0.036271
1,0.039122
1,0.028999
1,0.029562
1,0.028291
1,0.032782
1,0.019850
1,0.037760
1,0.029554
1,0.031773
1,0.030410
1,0.028896
1,0.030553
1,0.032622
1,0.025286
1,0.027956
1,0.030440
1,0.041702
1,0.033314
1,0.034659
1,0.024949
1,0.027809
1,0.028146
1,0.024999
1,0.023796
1,0.024012
1,0.023575
1,0.024702
1,0.025066
1,0.026646
1,0.041634
1,0.030132
1,0.038193
1,0.058212
1,0.046085
1,0.039531
1,0.038428
1,0.050967
1,0.058860
1,0.077217
1,0.064427
1,0.058838
1,0.046916
1,0.038108
1,0.040542
1,0.042638
1,0.035819
1,0.027517
1,0.036902
1,0.023572
1,0.031252
1,0.029927
0,0.044985
0,0.040554
0,0.040602
0,0.043303
0,0.033598
0,0.033939
0,0.047154
0,0.035916
0,0.035011
0,0.042561
0,0.027168
0,0.032073
0,0.030222
0,0.031748
0,0.042894
0,0.035237
0,0.025433
0,0.037309
0,0.038499
0,0.035795
0,0.035132
0,0.044360
0,0.036541
0,0.031803
0,0.032103
0,0.041550
0,0.039299
0,0.026691
0,0.047134
0,0.045056
0,0.031536
0,0.041762
0,0.048586
0,0.022986
0,0.039191
0,0.043464
0,0.036708
0,0.033077
0,0.035985
0,0.035378
0,0.035680
0,0.031911
0,0.035918
0,0.029589
0,0.034282
0,0.031679
0,0.026109
0,0.037276
0,0.052760
0,0.037242
0,0.024024
0,0.041978
0,0.037921
0,0.029943
0,0.035182
0,0.026592
0,0.028398
0,0.030985
0,0.040772
0,0.041022
0,0.040247
0,0.024429
0,0.030092
0,0.033681
0,0.025674
0,0.037227
0,0.034399
0,0.049744
0,0.057140
0,0.043660
0,0.043199
0,0.056775
0,0.050732
0,0.032569
0,0.035438
0,0.039772
0,0.053804
0,0.041730
0,0.029763
0,0.044983
0,0.035098
0,0.048938
0,0.035488
0,0.035484
0,0.042564
0,0.036792
0,0.036890
0,0.042456
0,0.051548
0,0.035955
0,0.034541
0,0.035088
0,0.035953
0,0.034026
0,0.033853
0,0.033577
0,0.033452
0,0.047702
0,0.039829
0,0.029233
0,0.019245
0,0.031465
0,0.036446
0,0.034168
0,0.027211
0,0.019877
0,0.030490
0,0.026186
0,0.028351
0,0.020149
0,0.022638
0,0.024832
0,0.021458
0,0.024445
0,0.021888
0,0.013669
0,0.025055
0,0.026386
0,0.019250
0,0.024826
0,0.024167
0,0.021246
0,0.020892
0,0.027500
0,0.020601
0,0.031213
0,0.031433
0,0.023304
0,0.023406
0,0.021431
0,0.026368
0,0.027065
0,0.023977
0,0.018529
0,0.023782
0,0.029747
0,0.026684
0,0.028113
0,0.038864
0,0.022861
0,0.039016
0,0.035854
0,0.027697
0,0.022110
0,0.023320
0,0.030147
0,0.023186
0,0.023492
1,0.037863
1,0.030253
1,0.041261
1,0.052153
1,0.051381
1,0.033990
1,0.030376
1,0.022640
1,0.034842
1,0.030839
1,0.031918
1,0.020927
1,0.019078
1,0.018873
1,0.019428
1,0.015919
1,0.021908
1,0.018860
1,0.019468
1,0.024490
1,0.027918
1,0.022508
1,0.022214
1,0.028850
1,0.029080
1,0.028733
1,0.030720
1,0.028327
1,0.041917
1,0.027750
1,0.028606
1,0.024240
1,0.042136
1,0.023672
1,0.026385
1,0.027886
1,0.024377
1,0.024426
1,0.033282
1,0.031243
1,0.026159
1,0.029544
1,0.022117
1,0.018247
1,0.016163
1,0.023236
1,0.023069
1,0.040837
1,0.038375
1,0.021509
1,0.034182
1,0.014336
1,0.021703
1,0.020893
1,0.020082
1,0.022116
1,0.024610
1,0.021453
1,0.025030
1,0.023558
1,0.023212
1,0.025529
1,0.024907
1,0.028467
1,0.029709
1,0.038322
1,0.050857
1,0.029947
1,0.037617
1,0.039763
1,0.034801
1,0.040221
1,0.035883
1,0.055752
1,0.047461
1,0.025616
1,0.026860
1,0.032222
1,0.029578
1,0.027767
1,0.024705
1,0.027667
1,0.027134
1,0.030993
1,0.032241
1,0.023209
1,0.097269
1,0.047111
1,0.047013
1,0.031474
1,0.036820
1,0.049234
1,0.032662
1,0.051662
1,0.027637
1,0.045688
1,0.056332
1,0.084029
1,0.025156
1,0.031274
1,0.023419
1,0.029474
1,0.026175
1,0.026645
1,0.025001
1,0.044266
1,0.027616
1,0.033322
1,0.020638
1,0.035014
1,0.025449
1,0.030724
1,0.024297
1,0.036317
1,0.013437
1,0.034309
1,0.035859
1,0.045861
1,0.026690
1,0.034947
1,0.032338
1,0.033759
1,0.016793
1,0.030585
1,0.045592
1,0.036146
1,0.023664
1,0.016867
1,0.027018
1,0.029767
1,0.039901
1,0.033386
1,0.050939
1,0.063552
1,0.035282
1,0.035597
1,0.053492
1,0.051209
1,0.055193
1,0.034284
1,0.039021
1,0.043554
1,0.066666
1,0.065397
1,0.033513
1,0.015486
1,0.027365
1,0.014561
1,0.019867
1,0.048806
1,0.036091
1,0.062093
1,0.054523
1,0.056225
1,0.050326
1,0.050411
1,0.042088
1,0.046441
1,0.055755
1,0.052570
1,0.053336
1,0.045032
1,0.047910
1,0.047357
1,0.043045
1,0.041003
1,0.039276
1,0.038648
1,0.040535
1,0.062007
1,0.051293
1,0.063816
1,0.035421
1,0.047552
1,0.044672
1,0.035766
1,0.038684
1,0.043529
1,0.035101
1,0.046904
1,0.047929
1,0.038362
1,0.041800
1,0.047806
1,0.068497
1,0.077062
1,0.046902
1,0.041504
1,0.043686
1,0.067425
1,0.053494
1,0.058748
1,0.060824
1,0.038067
1,0.043678
1,0.040919
1,0.042879
1,0.049396
1,0.037934
1,0.050824
1,0.042649
1,0.035495
1,0.038793
1,0.041848
1,0.042654
1,0.034655
1,0.040612
1,0.038710
1,0.043936
1,0.040090
1,0.040518
1,0.034042
1,0.044575
1,0.050643
1,0.057809
1,0.051389
1,0.043243
1,0.050467
1,0.036508
1,0.049639
1,0.038593
1,0.036307
1,0.044309
1,0.042724
1,0.051218
1,0.037224
1,0.035135
1,0.048733
1,0.043748
1,0.045709
1,0.044059
1,0.041303
1,0.054803
1,0.056523
1,0.145999
1,0.102700
1,0.048411
1,0.046435
1,0.040632
1,0.072052
1,0.047154
1,0.046480
1,0.045730
1,0.044179
1,0.052204
0,0.020215
0,0.014313
0,0.023537
0,0.022072
0,0.012863
0,0.025846
0,0.028397
0,0.037142
0,0.024687
0,0.028537
0,0.029684
0,0.027743
0,0.018445
0,0.029623
0,0.026775
0,0.025228
0,0.023886
0,0.026404
0,0.019308
0,0.018559
0,0.021175
0,0.031005
0,0.023628
0,0.018697
0,0.016060
0,0.020221
0,0.023294
0,0.027235
0,0.021338
0,0.019506
0,0.018139
0,0.016285
0,0.038486
0,0.021515
0,0.012476
0,0.030046
0,0.020048
0,0.016143
0,0.015630
0,0.019220
0,0.023295
0,0.046566
0,0.038097
0,0.022015
0,0.021378
0,0.033311
0,0.057976
0,0.015126
0,0.028650
0,0.025082
0,0.021381
0,0.040474
0,0.020853
0,0.029190
0,0.028378
0,0.031418
0,0.029625
0,0.030887
0,0.036589
0,0.058153
0,0.041305
0,0.041023
0,0.028456
0,0.021651
0,0.036884
0,0.020030
0,0.039150
0,0.065632
0,0.028513
0,0.039914
0,0.036307
0,0.029281
0,0.029137
0,0.030069
0,0.091862
0,0.051206
0,0.040238
0,0.071084
0,0.045422
0,0.053929
0,0.044683
0,0.054013
0,0.040741
0,0.028569
0,0.040378
0,0.032344
0,0.037063
0,0.038755
0,0.035863
0,0.027274
0,0.028835
0,0.035832
0,0.047405
0,0.036063
0,0.042800
0,0.025807
0,0.069702
0,0.063227
0,0.038476
0,0.052776
0,0.037222
0,0.039091
0,0.041126
0,0.038265
0,0.031084
0,0.041420
0,0.031424
0,0.069052
0,0.045320
0,0.036609
0,0.040362
0,0.045159
0,0.028752
0,0.031074
0,0.038083
0,0.050621
0,0.043420
0,0.044329
0,0.029824
0,0.044002
0,0.027204
0,0.028371
0,0.030662
0,0.042979
0,0.062020
0,0.031987
0,0.030851
0,0.021539
0,0.017188
0,0.024693
0,0.040594
0,0.024251
0,0.043007
0,0.057343
0,0.036120
0,0.041117
0,0.028146
0,0.032817
0,0.054355
0,0.045946
0,0.124805
0,0.061200
0,0.056394
0,0.049663
0,0.044992
0,0.033650
0,0.053328
0,0.067778
0,0.061009
0,0.062259
0,0.076833
0,0.124369
0,0.253281
0,0.253565
0,0.050306
0,0.043592
0,0.042668
0,0.030908
0,0.022176
0,0.022013
0,0.030937
0,0.035000
0,0.023001
0,0.026887
0,0.021369
0,0.024650
0,0.037273
0,0.032786
0,0.042369
0,0.034947
0,0.032213
0,0.026537
0,0.035729
0,0.031941
0,0.063784
0,0.028794
0,0.017901
0,0.022336
0,0.038373
0,0.041648
0,0.032641
0,0.027643
0,0.026877
0,0.027167
0,0.021174
0,0.030475
0,0.032653
0,0.031778
0,0.028300
0,0.026421
0,0.034440
0,0.023469
0,0.047451
0,0.035583
0,0.031538
0,0.035678
0,0.027186
0,0.027845
0,0.021851
0,0.032327
0,0.029483
0,0.030557
0,0.026686
0,0.029468
0,0.033183
0,0.039219
0,0.037918
0,0.062373
0,0.096976
0,0.049144
0,0.045709
0,0.067448
0,0.049489
0,0.033904
0,0.030486
0,0.034328
0,0.025701
0,0.033402
0,0.039407
0,0.038941
0,0.047050
0,0.028510
0,0.035856
0,0.023690
0,0.028026
0,0.038222
0,0.042186
0,0.040073
0,0.031639
0,0.060677
0,0.036240
0,0.029406
0,0.040548
0,0.024492
0,0.027883
0,0.020569
0,0.027099
0,0.035029
0,0.030565
0,0.026742
0,0.025690
0,0.031952
0,0.031799
0,0.022922
0,0.035223
0,0.041314
0,0.026843
0,0.027710
0,0.047018
0,0.024579
0,0.037042
0,0.033282
0,0.020459
0,0.033855
0,0.018107
0,0.029895
0,0.020887
0,0.033922
0,0.036753
0,0.027657
0,0.016685
0,0.030325
0,0.022683
0,0.031295
0,0.038260
0,0.026996
0,0.030161
0,0.029052
0,0.023269
0,0.021265
0,0.025330
0,0.018179
0,0.019134
0,0.022856
0,0.025987
0,0.026798
0,0.020768
0,0.038008
0,0.033221
0,0.029413
0,0.030573
0,0.017439
0,0.022979
0,0.026939
0,0.019978
0,0.023455
0,0.025573
0,0.018903
0,0.022678
0,0.021794
0,0.031931
0,0.022645
0,0.019139
0,0.024488
0,0.026547
0,0.023402
0,0.031416
0,0.031856
0,0.023880
0,0.018594
0,0.019000
0,0.023969
0,0.016906
0,0.027444
0,0.025841
0,0.017748
0,0.024546
0,0.030911
0,0.023443
0,0.024030
0,0.020233
0,0.014640
0,0.013643
0,0.027430
0,0.018329
0,0.020121
0,0.015163
0,0.030222
0,0.025057
0,0.031866
0,0.020197
0,0.026229
0,0.019260
0,0.019163
0,0.017861
0,0.021769
0,0.019376
1,0.029765
1,0.025885
1,0.036552
1,0.021455
1,0.037233
1,0.049470
1,0.028365
1,0.048784
1,0.031114
1,0.014889
1,0.013631
1,0.017022
1,0.015401
1,0.022023
1,0.019857
1,0.026060
1,0.020459
1,0.019623
1,0.040440
1,0.035525
1,0.035179
1,0.028109
1,0.017706
1,0.039271
1,0.029610
1,0.025587
1,0.119516
1,0.018069
1,0.036733
1,0.096146
1,0.060048
1,0.028851
1,0.030902
1,0.040878
1,0.038204
1,0.024776
1,0.020209
1,0.019192
1,0.020890
1,0.018049
1,0.023256
1,0.029313
1,0.025544
1,0.021785
1,0.024078
1,0.017148
1,0.023608
1,0.025983
1,0.038407
1,0.017831
1,0.029416
1,0.022914
1,0.024580
1,0.019982
1,0.013366
1,0.019011
1,0.018956
1,0.017083
1,0.022556
1,0.028321
1,0.023427
1,0.017096
1,0.029527
1,0.019922
1,0.011948
1,0.014328
1,0.024718
1,0.020158
1,0.022531
1,0.031736
1,0.037091
1,0.030683
1,0.036155
1,0.025949
1,0.051845
1,0.057011
1,0.038105
1,0.032173
1,0.041828
1,0.025258
1,0.035978
1,0.035895
1,0.025095
1,0.028080
1,0.024245
1,0.032524
1,0.035866
1,0.025165
1,0.029780
1,0.038283
1,0.026487
1,0.034492
1,0.040946
1,0.034752
1,0.032338
1,0.032708
1,0.032540
1,0.036934
1,0.035133
1,0.026371
1,0.022156
1,0.016636
1,0.035429
1,0.039923
1,0.035421
1,0.028844
1,0.021171
1,0.022109
1,0.027380
1,0.024716
1,0.023743
1,0.026811
1,0.020047
1,0.027599
1,0.030115
1,0.034079
1,0.032470
1,0.027495
1,0.041733
1,0.020300
1,0.058295
1,0.041788
1,0.041765
1,0.033021
1,0.066387
1,0.045344
1,0.044259
1,0.045641
1,0.062422
1,0.033959
1,0.030642
1,0.045607
1,0.041582
1,0.028535
1,0.033838
1,0.035030
1,0.035972
1,0.037326
1,0.030743
1,0.048073
1,0.035974
1,0.050631
1,0.041183
1,0.045291
1,0.029928
1,0.045800
1,0.043951
1,0.038920
1,0.041221
1,0.036475
1,0.045799
1,0.036621
1,0.041942
1,0.040708
1,0.043427
1,0.032800
1,0.031146
1,0.030198
1,0.024827
1,0.032677
1,0.037230
1,0.034278
1,0.031528
1,0.028798
1,0.030806
1,0.039121
1,0.035112
1,0.028729
1,0.028594
1,0.035057
0,0.029260
0,0.035937
0,0.032788
0,0.028867
0,0.033296
0,0.027058
0,0.021014
0,0.043106
0,0.027318
0,0.038281
0,0.034229
0,0.029731
0,0.037588
0,0.072556
0,0.024329
0,0.025765
0,0.036270
0,0.039405
0,0.032338
0,0.051020
0,0.034648
0,0.033097
0,0.036033
0,0.052359
0,0.038578
0,0.034500
0,0.030596
0,0.027384
0,0.034306
0,0.055885
0,0.077716
0,0.029084
0,0.062369
0,0.032328
0,0.081626
0,0.368317
0,0.054357
0,0.075485
0,0.073958
0,0.031923
0,0.089735
0,0.044990
0,0.027553
0,0.025587
0,0.046058
0,0.041998
0,0.043645
0,0.039281
0,0.084092
0,0.031109
0,0.030986
0,0.045860
0,0.041648
0,0.034819
0,0.031468
0,0.043008
0,0.059248
0,0.030997
0,0.041332
0,0.056032
0,0.068207
0,0.065425
0,0.040613
0,0.055516
0,0.048177
0,0.091408
0,0.046245
0,0.072374
0,0.048914
0,0.047000
0,0.038490
0,0.029680
0,0.032843
0,0.029991
0,0.030042
0,0.043858
0,0.095549
0,0.032425
0,0.184065
0,0.053182
0,0.024170
0,0.026916
0,0.025380
0,0.022841
0,0.029405
0,0.029437
0,0.029277
0,0.019573
0,0.026811
1,0.079952
1,0.040162
1,0.043715
1,0.043103
1,0.045097
1,0.055217
1,0.043738
1,0.052418
1,0.052059
1,0.046710
1,0.044489
1,0.045111
1,0.078844
1,0.032521
1,0.035093
1,0.047211
1,0.033115
1,0.036145
1,0.039213
1,0.045810
1,0.041820
1,0.042180
1,0.039596
1,0.036859
1,0.060122
1,0.045651
1,0.049315
1,0.049841
1,0.043380
1,0.038514
1,0.040753
1,0.039381
1,0.034344
1,0.040646
1,0.041971
1,0.056621
1,0.052800
1,0.041070
1,0.041477
1,0.052307
1,0.058881
1,0.038661
1,0.058016
1,0.049283
1,0.067555
1,0.056072
1,0.054951
1,0.039475
1,0.045206
1,0.047607
1,0.049863
1,0.047610
1,0.048494
1,0.041565
1,0.049295
1,0.041050
1,0.047715
1,0.042580
1,0.047586
1,0.034556
1,0.047888
1,0.035672
1,0.039241
1,0.036680
1,0.036114
1,0.044036
1,0.035791
1,0.042470
1,0.040523
1,0.041613
1,0.034540
1,0.036261
1,0.037595
1,0.046359
1,0.042061
1,0.038038
1,0.032855
1,0.047060
1,0.039635
1,0.039594
1,0.059245
1,0.052607
1,0.052703
1,0.054531
1,0.079127
1,0.036988
1,0.024954
1,0.034092
1,0.040736
1,0.068153
1,0.050901
1,0.048064
1,0.115917
1,0.075485
1,0.037653
1,0.029113
1,0.045155
1,0.063858
1,0.015102
1,0.038682
1,0.086983
1,0.051161
1,0.034913
1,0.042862
1,0.039826
1,0.038655
1,0.060065
1,0.026750
1,0.045033
1,0.233969
1,0.064051
1,0.178350
1,0.025799
1,0.026924
1,0.030983
1,0.048910
1,0.041291
1,0.041366
1,0.025845
1,0.085157
1,0.051581
1,0.156918
1,0.040317
1,0.070204
1,0.184621
1,0.092615
1,0.043156
1,0.110749
1,0.068310
1,0.042386
1,0.049911
1,0.082045
1,0.054422
1,0.205351
1,0.046028
1,0.039869
1,0.078906
1,0.037828
1,0.052602
1,0.118546
1,0.115220
1,0.074277
1,0.029112
1,0.068321
1,0.036734
1,0.062775
1,0.028258
1,0.064207
1,0.122419
1,0.060659
1,0.082994
1,0.036442
1,0.033603
1,0.055100
1,0.069408
1,0.052578
1,0.035469
1,0.038833
1,0.040329
1,0.055870
1,0.034309
1,0.069878
1,0.053224
1,0.049634
1,0.082064
1,0.133559
1,0.027824
1,0.095672
1,0.144868
1,0.090000
1,0.047756
1,0.032695
1,0.035547
1,0.050421
1,0.065228
1,0.216206
1,0.139155
1,0.217539
1,0.051923
1,0.047091
1,0.183489
1,0.046202
1,0.023948
1,0.125070
1,0.056473
1,0.138748
1,0.059608
1,0.045245
1,0.241611
1,0.119762
1,0.172959
1,0.356973
1,0.588182
1,0.305255
1,0.304132
1,0.355120
1,0.363746
1,0.329634
1,0.506646
1,0.060472
1,0.499521
1,0.698568
1,0.400958
1,0.399929
1,0.582099
1,0.418784
1,0.127451
1,0.580154
1,0.463762
1,0.449744
1,0.194822
1,0.086624
1,0.226977
1,0.298196
1,0.562550
1,0.123332
1,0.135093
1,0.527530
1,0.188172
1,0.694863
1,0.480768
1,0.147562
1,0.153752
1,0.402380
1,0.542273
1,0.071942
1,0.383161
1,0.500768
1,0.546889
1,0.723416
1,0.170067
1,0.560118
1,0.125564
1,0.470526
1,0.379216
1,0.844738
1,0.369032
1,0.076662
1,0.044089
1,0.048124
1,0.201945
1,0.034395
1,0.024786
1,0.062582
1,0.049504
1,0.042528
1,0.032559
1,0.022949
1,0.053601
1,0.096748
1,0.060155
1,0.031394
1,0.124028
1,0.043096
1,0.058051
1,0.104958
1,0.127331
1,0.067590
1,0.445724
1,0.149689
1,0.491072
1,0.115502
1,0.842563
1,0.852142
1,0.036292
1,0.046731
1,0.025670
1,0.033117
1,0.048097
1,0.066836
1,0.029067
1,0.088585
1,0.065864
1,0.047718
1,0.055712
1,0.048626
1,0.047692
1,0.039704
1,0.054449
1,0.056676
1,0.063921
1,0.179315
1,0.039643
1,0.049457
1,0.037461
1,0.035312
1,0.020305
1,0.031915
1,0.019877
1,0.097523
1,0.039339
1,0.020123
1,0.017303
1,0.015865
1,0.016102
0,0.038157
0,0.038478
0,0.022384
0,0.020203
0,0.021892
0,0.019831
0,0.029022
0,0.023203
0,0.021328
0,0.019936
0,0.025651
0,0.029550
0,0.024910
0,0.026233
0,0.019551
0,0.023328
0,0.018963
0,0.021586
0,0.031674
0,0.028575
0,0.021159
0,0.021595
0,0.018077
0,0.018960
0,0.027360
0,0.019939
0,0.019380
0,0.025088
0,0.020085
0,0.021022
0,0.020727
0,0.022437
0,0.013794
0,0.030452
0,0.013634
0,0.031734
0,0.025700
0,0.044193
0,0.054089
0,0.020197
0,0.021134
0,0.020465
0,0.019282
0,0.016524
0,0.026830
0,0.031282
0,0.020136
0,0.029659
0,0.027825
0,0.027597
0,0.028665
0,0.023498
0,0.023908
0,0.022249
0,0.021144
0,0.020776
0,0.044922
0,0.039414
0,0.020281
0,0.028986
0,0.015982
0,0.029787
0,0.031293
0,0.031571
0,0.018035
0,0.025915
0,0.027586
0,0.022708
0,0.034954
0,0.023109
0,0.023657
0,0.025236
0,0.067049
0,0.037798
0,0.036134
0,0.049509
0,0.166040
0,0.063864
0,0.179289
0,0.038926
0,0.115248
0,0.259911
0,0.080549
0,0.091910
0,0.352607
0,0.116693
0,0.080054
0,0.050452
0,0.073204
0,0.080108
0,0.159319
0,0.164951
0,0.059615
0,0.057373
0,0.097645
0,0.084144
0,0.058891
0,0.102960
0,0.078999
0,0.082429
0,0.134667
0,0.055032
0,0.029285
0,0.109081
0,0.033080
0,0.114182
0,0.065890
0,0.049860
0,0.232048
0,0.050156
0,0.057042
0,0.047138
0,0.031676
0,0.206263
0,0.032293
0,0.036911
0,0.225564
0,0.054884
0,0.051512
0,0.060637
0,0.034911
0,0.064202
0,0.035939
0,0.084083
0,0.592408
0,0.116681
0,0.168777
0,0.091109
0,0.165137
0,0.091420
0,0.163350
0,0.235414
0,0.037385
0,0.051591
0,0.074744
0,0.075643
0,0.041062
0,0.035166
0,0.502154
0,0.330511
0,0.058807
0,0.155638
0,0.210268
0,0.092445
0,0.054496
0,0.067550
0,0.164682
0,0.144389
0,0.301684
0,0.035767
0,0.038373
0,0.060565
0,0.059070
0,0.032872
1,0.074670
1,0.041517
1,0.048363
1,0.097224
1,0.052775
1,0.027884
1,0.037440
1,0.038950
1,0.031417
1,0.029199
1,0.020535
1,0.063283
1,0.038219
1,0.065688
1,0.027818
1,0.027903
1,0.020445
1,0.027096
1,0.030255
1,0.026507
1,0.022234
1,0.074891
1,0.063293
1,0.040697
1,0.056873
1,0.069358
1,0.044767
1,0.031229
1,0.119120
1,0.030217
1,0.020739
1,0.023380
1,0.058574
1,0.069315
1,0.036140
1,0.091920
1,0.028969
1,0.049503
1,0.091411
1,0.028230
1,0.029963
1,0.049990
1,0.035676
1,0.042119
1,0.054868
1,0.045462
1,0.032566
1,0.038726
1,0.094181
1,0.040221
1,0.041087
1,0.045566
1,0.022076
1,0.027641
1,0.042015
1,0.143994
1,0.039297
1,0.025807
1,0.021268
1,0.090057
1,0.070857
1,0.044897
1,0.027995
1,0.027430
1,0.041348
1,0.068470
1,0.069008
1,0.030100
1,0.056777
1,0.032236
1,0.020739
1,0.023339
1,0.053569
1,0.019681
1,0.043970
1,0.043700
1,0.050868
1,0.037676
1,0.030797
1,0.032083
1,0.036244
1,0.034139
1,0.022793
1,0.028300
1,0.035744
1,0.060957
1,0.062245
1,0.043510
1,0.029402
1,0.032464
1,0.019380
1,0.021276
1,0.031241
1,0.047070
1,0.095600
1,0.055749
1,0.039455
1,0.075250
1,0.054873
1,0.033122
1,0.140622
1,0.169643
1,0.145515
1,0.073243
1,0.110554
1,0.061537
1,0.105051
1,0.123960
1,0.091691
1,0.090081
1,0.083041
1,0.116095
1,0.036457
1,0.076904
1,0.047349
1,0.034359
1,0.040728
1,0.047296
1,0.149771
1,0.050114
1,0.038294
1,0.033267
1,0.082476
1,0.037623
1,0.069027
1,0.066505
1,0.039705
1,0.056885
1,0.029834
1,0.041318
1,0.071024
1,0.056895
1,0.043308
1,0.046472
1,0.051356
1,0.060221
1,0.069871
1,0.271912
1,0.091739
1,0.092613
1,0.173100
1,0.113965
1,0.128048
1,0.174926
1,0.082800
1,0.146631
1,0.087160
1,0.053064
1,0.067809
1,0.048269
1,0.064462
1,0.047537
1,0.058522
1,0.049091
1,0.033999
1,0.048168
1,0.059327
1,0.056981
1,0.095695
1,0.066347
1,0.075898
1,0.065468
1,0.076349
1,0.041984
1,0.043090
1,0.154249
1,0.361566
1,0.163269
1,0.154011
1,0.193054
1,0.236203
1,0.047018
1,0.054808
1,0.045577
1,0.108854
1,0.118034
1,0.077220
1,0.059298
1,0.046925
1,0.100247
1,0.056346
1,0.096358
1,0.086240
1,0.220902
1,0.053817
1,0.043830
1,0.049040
1,0.033273
1,0.127231
1,0.070332
1,0.075794
1,0.081630
1,0.154841
1,0.059568
1,0.039863
1,0.059679
0,0.030001
0,0.027673
0,0.021518
0,0.034153
0,0.032233
0,0.041067
0,0.035876
0,0.029473
0,0.028793
0,0.023019
0,0.023198
0,0.038985
0,0.058205
0,0.036767
0,0.034932
0,0.032185
0,0.027241
0,0.019366
0,0.036259
0,0.023868
0,0.019757
0,0.025457
0,0.038198
0,0.028171
0,0.045634
0,0.045258
0,0.031139
0,0.029461
0,0.021548
0,0.014357
0,0.028752
0,0.018308
0,0.035183
0,0.032878
0,0.024496
0,0.034336
0,0.022627
0,0.017187
0,0.021854
0,0.022894
0,0.025653
0,0.020085
0,0.028500
0,0.022292
0,0.036450
0,0.021118
0,0.048746
0,0.042238
0,0.035500
0,0.020405
0,0.017026
0,0.020142
0,0.022586
0,0.017801
0,0.022995
0,0.028612
0,0.029393
0,0.024591
0,0.039213
0,0.019143
0,0.020479
0,0.010748
0,0.021931
0,0.027858
0,0.017935
0,0.022624
0,0.020442
1,0.027904
1,0.460532
1,0.344311
1,0.435001
1,0.374876
1,0.737589
1,0.382846
1,0.253313
1,0.194920
1,0.472088
1,0.418471
1,0.117729
1,0.255264
1,0.161316
1,0.179526
1,0.209585
1,0.309755
1,0.079494
1,0.122213
1,0.352586
1,0.124854
1,0.153009
1,0.041947
1,0.142748
1,0.114058
1,0.433860
1,0.405853
1,0.396133
1,0.304909
1,0.415752
1,0.802506
1,0.815897
1,0.818630
1,0.713322
1,0.426220
1,0.764156
1,0.591204
1,0.326309
1,0.654668
1,0.164249
1,0.148209
1,0.346335
1,0.292128
1,0.132537
1,0.345551
1,0.155449
1,0.461477
1,0.381487
1,0.189560
1,0.191912
1,0.568996
1,0.698500
1,0.261498
1,0.556979
1,0.325656
1,0.574760
1,0.022617
1,0.021573
1,0.020784
1,0.023460
1,0.021801
1,0.033213
1,0.018044
1,0.021056
1,0.026516
1,0.032302
1,0.039916
1,0.037913
1,0.024455
1,0.030791
1,0.029117
1,0.022904
1,0.021098
1,0.022704
1,0.021090
1,0.025196
1,0.022985
1,0.028070
1,0.028492
1,0.025849
1,0.019321
1,0.018571
1,0.016466
1,0.019636
1,0.021347
1,0.014614
1,0.018721
1,0.014911
1,0.012072
1,0.029578
1,0.022131
1,0.023629
1,0.026338
1,0.026805
1,0.021815
1,0.033391
1,0.031110
1,0.026234
1,0.029314
1,0.020266
1,0.012591
1,0.036709
1,0.031236
1,0.022182
1,0.029196
1,0.025579
1,0.011803
1,0.029924
1,0.024542
1,0.031237
1,0.027997
1,0.026101
1,0.020639
1,0.026435
1,0.012623
1,0.025998
1,0.026001
0,0.061687
0,0.041606
0,0.028855
0,0.051387
0,0.040360
0,0.041143
0,0.038388
0,0.045255
0,0.048574
0,0.048798
0,0.045836
0,0.051008
0,0.053971
0,0.057033
0,0.057638
0,0.039893
0,0.052550
0,0.058379
0,0.042976
0,0.049531
0,0.057654
0,0.038955
0,0.049071
0,0.053911
0,0.046644
0,0.040162
0,0.028809
0,0.033192
0,0.031644
0,0.024680
0,0.036464
0,0.031935
0,0.050800
0,0.033636
0,0.038881
0,0.049364
0,0.052823
0,0.037452
0,0.029738
0,0.055741
0,0.062553
0,0.069620
0,0.055098
0,0.044708
0,0.048678
0,0.037683
0,0.046698
0,0.039273
0,0.049018
0,0.042078
0,0.031595
0,0.045888
0,0.034463
0,0.026134
0,0.030053
0,0.030100
0,0.031584
0,0.037005
0,0.041722
0,0.038808
0,0.041304
0,0.032636
0,0.056374
0,0.036156
0,0.070238
0,0.053905
0,0.036750
0,0.034167
0,0.032958
0,0.047374
0,0.043865
0,0.034408
0,0.039899
0,0.047545
0,0.043679
0,0.037321
0,0.040768
0,0.050945
0,0.035884
0,0.048177
0,0.054231
0,0.052212
0,0.039321
0,0.050292
0,0.056896
0,0.039226
0,0.054276
0,0.056959
0,0.041994
0,0.057161
0,0.050534
0,0.048474
0,0.048043
0,0.055169
0,0.034378
0,0.025976
0,0.026262
0,0.040328
0,0.034133
0,0.045324
1,0.021855
1,0.017022
1,0.017046
1,0.024199
1,0.019583
1,0.024551
1,0.026715
1,0.020292
1,0.014386
1,0.045181
1,0.037545
1,0.030598
1,0.028069
1,0.037739
1,0.026165
1,0.022553
1,0.034917
1,0.028641
1,0.026852
1,0.030846
1,0.028065
1,0.029431
1,0.020229
1,0.042417
1,0.024195
1,0.017628
1,0.026592
1,0.017113
1,0.019903
1,0.027721
1,0.029723
1,0.022417
1,0.020279
1,0.022674
1,0.017027
1,0.025693
1,0.021391
1,0.020615
1,0.026827
1,0.018346
1,0.018753
1,0.019269
1,0.014710
1,0.014932
1,0.013193
1,0.015812
1,0.019085
1,0.018888
1,0.023197
1,0.021469
1,0.015657
1,0.016544
1,0.024993
1,0.024759
1,0.018464
1,0.026210
1,0.020697
1,0.017800
1,0.019429
1,0.024994
1,0.022711
1,0.024860
1,0.022303
1,0.019834
1,0.013539
1,0.013435
1,0.016114
1,0.012895
1,0.014914
1,0.027255
1,0.024513
1,0.022645
1,0.023193
1,0.020914
1,0.026308
1,0.019721
1,0.020604
1,0.019390
1,0.025949
1,0.018866
1,0.023657
1,0.018629
1,0.025128
1,0.022642
1,0.028112
1,0.018727
1,0.030311
1,0.022606
1,0.027402
1,0.030887
1,0.027945
1,0.029647
1,0.043174
1,0.024299
1,0.037898
1,0.020360
1,0.029272
1,0.028827
1,0.024522
1,0.027433
1,0.049716
1,0.033091
1,0.031327
1,0.043172
1,0.063091
1,0.040418
1,0.058280
1,0.061516
1,0.057489
1,0.055003
1,0.039228
1,0.057006
1,0.063934
1,0.049976
1,0.048092
1,0.055326
1,0.052414
1,0.049539
1,0.041523
1,0.049418
1,0.044474
1,0.022954
1,0.048611
1,0.026252
1,0.040263
1,0.041382
1,0.045748
1,0.036130
1,0.040299
1,0.045713
1,0.048580
1,0.063327
1,0.076964
1,0.049064
1,0.046601
1,0.052708
1,0.049297
1,0.059537
1,0.051833
1,0.060641
1,0.054082
1,0.043316
1,0.047421
1,0.050226
1,0.032393
1,0.047972
1,0.049937
1,0.036551
1,0.043433
1,0.049515
1,0.071354
1,0.041910
1,0.032545
1,0.064126
1,0.034860
1,0.049506
1,0.066012
1,0.053133
1,0.044617
1,0.050332
1,0.045008
1,0.077724
1,0.049619
1,0.045545
1,0.050044
1,0.057018
1,0.039694
1,0.040452
1,0.055588
1,0.084194
1,0.039476
1,0.038056
1,0.045398
1,0.045438
1,0.043261
1,0.048398
1,0.034171
1,0.049761
1,0.063045
1,0.047823
1,0.028740
1,0.046766
1,0.045130
1,0.047553
1,0.052836
1,0.036568
1,0.030100
1,0.037861
1,0.036911
1,0.039473
1,0.029412
1,0.043964
1,0.036430
1,0.027214
1,0.064157
1,0.048347
1,0.043898
1,0.039354
1,0.036984
1,0.058894
0,0.025394
0,0.061978
0,0.044216
0,0.022364
0,0.035449
0,0.039981
0,0.032706
0,0.038899
0,0.028060
0,0.032428
0,0.020937
0,0.019077
0,0.045457
0,0.058045
0,0.022191
0,0.105890
0,0.033966
0,0.348291
0,0.042162
0,0.020581
0,0.017952
0,0.025471
0,0.022048
0,0.027247
0,0.024412
0,0.038355
0,0.040983
0,0.023624
0,0.026056
0,0.074015
0,0.062975
0,0.028621
0,0.022086
0,0.043934
0,0.018356
0,0.025737
0,0.037443
0,0.029529
0,0.358385
0,0.027460
0,0.031802
0,0.036089
0,0.020519
0,0.017914
0,0.022993
0,0.023007
0,0.037934
0,0.024516
0,0.018648
0,0.020495
0,0.031273
0,0.022733
0,0.024992
0,0.032303
0,0.025904
0,0.024378
0,0.047606
0,0.029474
0,0.029160
0,0.021356
0,0.032963
0,0.162575
0,0.024627
0,0.026027
0,0.021207
0,0.090107
0,0.074160
0,0.057665
0,0.028669
0,0.106099
0,0.059028
0,0.027689
0,0.029147
0,0.104012
0,0.062325
0,0.067845
0,0.066709
0,0.153461
0,0.048228
0,0.031809
0,0.057746
0,0.040288
0,0.057852
0,0.052234
0,0.046048
0,0.034097
0,0.046027
0,0.048748
0,0.040143
0,0.078565
0,0.045125
0,0.048829
0,0.023112
0,0.076616
0,0.020547
0,0.023200
0,0.038441
0,0.018464
0,0.018438
0,0.021190
0,0.023339
0,0.019227
0,0.024949
0,0.023952
0,0.024197
0,0.023160
0,0.019951
0,0.021465
0,0.012795
0,0.017779
0,0.013569
0,0.015863
0,0.019222
0,0.018095
0,0.017805
0,0.019624
0,0.028982
0,0.029678
0,0.029989
0,0.025835
0,0.012763
0,0.023739
0,0.021552
0,0.017191
0,0.040100
0,0.028327
0,0.036182
0,0.030643
0,0.029106
0,0.029613
0,0.029328
0,0.020894
0,0.022139
0,0.024634
0,0.018139
0,0.028288
0,0.032110
0,0.041560
0,0.032401
0,0.023826
0,0.044414
0,0.029482
0,0.013934
0,0.015839
0,0.024745
0,0.019965
0,0.025220
0,0.014878
0,0.019071
0,0.019167
0,0.022225
0,0.019555
0,0.029088
0,0.025304
0,0.020190
0,0.023274
0,0.012794
0,0.030125
0,0.015268
0,0.017606
0,0.013077
0,0.014185
0,0.011090
0,0.018455
0,0.016621
0,0.026108
0,0.024633
0,0.021621
0,0.013149
0,0.022738
0,0.023579
0,0.015418
0,0.016738
0,0.018700
0,0.023436
0,0.015265
0,0.010802
0,0.022444
0,0.030527
0,0.018871
0,0.021750
0,0.021003
0,0.020029
1,0.022147
1,0.015928
1,0.017033
1,0.028506
1,0.030723
1,0.015731
1,0.010431
1,0.015436
1,0.017715
1,0.010057
1,0.016866
1,0.013714
1,0.015641
1,0.025093
1,0.020727
1,0.022471
1,0.024824
1,0.026388
1,0.016207
1,0.018959
1,0.023903
1,0.022601
1,0.007786
1,0.013314
1,0.016568
1,0.012876
1,0.012552
1,0.010326
1,0.013567
1,0.010745
1,0.013925
1,0.023175
1,0.010872
1,0.014867
1,0.038642
1,0.017484
1,0.011692
1,0.027835
1,0.027192
1,0.014330
1,0.031526
1,0.018493
1,0.015427
1,0.021483
1,0.018263
1,0.038937
1,0.014467
1,0.016286
1,0.012868
1,0.012908
1,0.029906
1,0.013598
1,0.012253
1,0.030918
1,0.012936
1,0.027256
1,0.009958
1,0.018865
1,0.014801
1,0.018660
1,0.018010
1,0.022949
1,0.013710
1,0.010793
1,0.085186
1,0.023813
1,0.023783
1,0.027558
1,0.027158
1,0.024950
1,0.027157
1,0.012201
1,0.025511
0,0.049179
0,0.052145
0,0.038144
0,0.040035
0,0.049144
0,0.018938
0,0.038097
0,0.030225
0,0.036831
0,0.017325
0,0.050833
0,0.042676
0,0.029256
0,0.027984
0,0.021584
0,0.020759
0,0.097823
0,0.094117
0,0.025865
0,0.024632
0,0.022702
0,0.021582
0,0.039608
0,0.038606
0,0.034742
0,0.034947
0,0.037682
0,0.033012
0,0.187583
0,0.035267
0,0.022298
0,0.026974
0,0.038404
0,0.049966
0,0.049451
0,0.022379
0,0.034437
0,0.050153
0,0.019576
0,0.020152
0,0.016870
0,0.047707
0,0.024065
0,0.038061
0,0.045804
0,0.028918
0,0.033516
0,0.046627
0,0.050531
0,0.042803
0,0.082197
0,0.045652
0,0.029062
0,0.030315
0,0.031733
0,0.044615
0,0.025833
0,0.034285
0,0.036252
0,0.027212
0,0.026635
0,0.022593
0,0.019282
0,0.040534
0,0.033786
0,0.032917
0,0.029349
0,0.020550
0,0.022882
0,0.039860
0,0.047060
0,0.045509
0,0.285252
0,0.033014
0,0.097549
0,0.548503
0,0.746675
0,0.262967
0,0.951285
0,0.026770
0,0.030989
0,0.019279
0,0.020534
0,0.018700
0,0.037868
0,0.019447
0,0.028034
0,0.024660
0,0.042297
0,0.046653
0,0.025827
0,0.043158
0,0.028415
0,0.025459
0,0.022765
0,0.035798
0,0.028853
0,0.030153
0,0.022064
0,0.035832
1,0.079511
1,0.133227
1,0.096217
1,0.087340
1,0.032701
1,0.039899
1,0.083389
1,0.061265
1,0.045023
1,0.075474
1,0.061993
1,0.284821
1,0.095687
1,0.035871
1,0.029009
1,0.129778
1,0.069638
1,0.057718
1,0.031159
1,0.023411
1,0.394991
1,0.034963
1,0.021988
1,0.015679
1,0.028939
1,0.128634
1,0.035411
1,0.052560
1,0.042995
1,0.102328
1,0.094813
1,0.028406
1,0.087855
1,0.038008
1,0.034565
1,0.126660
1,0.106581
1,0.037075
1,0.027883
1,0.072120
1,0.055126
1,0.029268
1,0.074672
1,0.433414
1,0.254302
1,0.186170
1,0.069184
1,0.137317
1,0.082510
0,0.017992
0,0.017882
0,0.017882
0,0.017882
0,0.019490
0,0.020626
0,0.014524
0,0.026885
0,0.026470
0,0.035497
0,0.044787
0,0.029391
0,0.037186
0,0.042201
0,0.045319
0,0.057473
0,0.030623
0,0.018909
0,0.037041
0,0.032087
0,0.028650
0,0.045482
0,0.027326
0,0.017940
0,0.025337
0,0.026726
0,0.025137
0,0.048320
0,0.030071
0,0.043518
0,0.024994
0,0.031559
0,0.023110
0,0.024652
0,0.036404
0,0.032964
0,0.034910
0,0.019669
0,0.024055
0,0.021516
0,0.026143
0,0.028365
0,0.021673
0,0.019301
0,0.023950
0,0.035303
0,0.032414
0,0.018876
0,0.028399
0,0.027467
0,0.026977
0,0.020572
0,0.022043
0,0.017443
0,0.021626
0,0.023583
0,0.023196
0,0.031162
0,0.016118
0,0.025099
0,0.023291
0,0.021618
0,0.040157
0,0.038874
0,0.027982
0,0.044195
0,0.021070
0,0.026840
0,0.012858
0,0.006399
0,0.009543
0,0.008714
0,0.012310
0,0.020539
0,0.017389
0,0.016795
0,0.021856
0,0.019986
0,0.024588
0,0.032534
0,0.020297
0,0.014678
0,0.015999
0,0.022260
0,0.019004
0,0.021327
0,0.024070
0,0.028876
0,0.018544
0,0.021784
0,0.027802
0,0.015563
0,0.027501
0,0.026590
0,0.030908
0,0.019953
0,0.015928
0,0.015810
0,0.013162
0,0.027458
0,0.030483
0,0.032393
0,0.038345
0,0.042370
0,0.018738
0,0.035954
0,0.037654
0,0.048720
0,0.045318
0,0.034954
0,0.038869
0,0.057741
0,0.041487
0,0.039639
0,0.030979
0,0.049129
0,0.034635
0,0.034669
0,0.034089
0,0.043622
0,0.028981
0,0.035109
0,0.032187
0,0.040359
0,0.040317
0,0.043635
0,0.040711
0,0.030815
0,0.028366
0,0.031266
0,0.038365
0,0.042622
0,0.037551
0,0.039616
0,0.035340
0,0.039455
0,0.054280
0,0.041493
0,0.040291
0,0.042325
0,0.050512
0,0.047714
0,0.048857
0,0.040909
0,0.043530
0,0.052191
0,0.048790
0,0.030645
0,0.027844
0,0.056393
0,0.044440
0,0.034345
0,0.032581
0,0.042493
0,0.039964
0,0.052697
0,0.044289
0,0.023968
0,0.041070
0,0.027390
0,0.021130
0,0.026116
0,0.025265
0,0.037836
0,0.027778
0,0.013383
0,0.011474
0,0.008147
0,0.022617
0,0.017926
0,0.004418
0,0.012285
0,0.019590
0,0.020357
0,0.048240
0,0.017332
0,0.014737
0,0.008799
0,0.014609
0,0.003660
0,0.010235
0,0.006646
0,0.005340
0,0.011951
0,0.007956
0,0.008378
0,0.012999
0,0.020083
0,0.013717
0,0.010586
0,0.009531
0,0.010967
0,0.008316
0,0.012319
0,0.009855
0,0.007019
0,0.003537
0,0.016856
0,0.004057
0,0.007234
0,0.009231
0,0.005548
0,0.007285
0,0.012042
0,0.006314
0,0.010923
0,0.007666
0,0.011361
0,0.003923
0,0.007189
0,0.010801
0,0.010428
0,0.013228
0,0.006224
0,0.015925
0,0.019559
0,0.009514
0,0.010899
0,0.013018
0,0.009587
0,0.009652
0,0.008012
0,0.007835
0,0.011847
0,0.007365
0,0.006506
0,0.004677
0,0.011706
0,0.012909
0,0.007974
0,0.011763
0,0.003258
0,0.003187
0,0.004586
0,0.004020
0,0.006824
0,0.011120
0,0.012076
0,0.092490
0,0.007189
0,0.013080
0,0.010429
0,0.008936
0,0.015546
0,0.006361
0,0.008292
0,0.012792
0,0.010154
0,0.024793
0,0.005567
0,0.009975
0,0.011255
0,0.025905
0,0.008704
0,0.012286
0,0.009481
0,0.011571
0,0.005831
0,0.004603
0,0.005034
0,0.008346
0,0.006790
0,0.010794
0,0.007927
0,0.003041
1,0.030915
1,0.029957
1,0.028015
1,0.030674
1,0.015885
1,0.025069
1,0.022970
1,0.008622
1,0.026319
1,0.015176
1,0.032292
1,0.023807
1,0.027994
1,0.031844
1,0.017464
1,0.017915
1,0.033556
1,0.053884
1,0.025617
1,0.058233
1,0.024121
1,0.044470
1,0.032334
1,0.023464
1,0.045792
1,0.019345
1,0.038113
1,0.049706
1,0.025914
1,0.024735
1,0.024765
1,0.041343
1,0.031128
1,0.025722
1,0.023222
1,0.018195
1,0.016196
1,0.035178
1,0.037229
1,0.039357
1,0.056883
1,0.019203
1,0.032034
1,0.033599
1,0.073367
1,0.044094
1,0.047015
1,0.119459
1,0.023120
1,0.042431
1,0.023315
1,0.037599
1,0.022231
1,0.020187
1,0.026434
1,0.022805
1,0.038173
1,0.020427
1,0.027741
1,0.012311
1,0.011782
1,0.030842
1,0.018122
1,0.015388
1,0.016664
1,0.019999
1,0.018539
1,0.041351
1,0.015913
1,0.019894
1,0.013881
1,0.013457
1,0.041860
1,0.032294
1,0.020758
1,0.016558
1,0.025594
1,0.023861
1,0.254115
1,0.098556
1,0.168204
1,0.113544
1,0.180307
1,0.108564
1,0.114133
1,0.315439
1,0.157002
1,0.208972
1,0.118030
1,0.126107
1,0.058184
1,0.088200
1,0.158521
1,0.113089
1,0.189327
1,0.277339
1,0.081237
1,0.086514
1,0.066953
1,0.108253
1,0.112563
1,0.130436
1,0.200972
1,0.117804
1,0.181009
1,0.115422
1,0.150237
1,0.155147
1,0.117955
1,0.115603
1,0.086436
1,0.170938
1,0.147985
1,0.167389
1,0.418822
1,0.253048
1,0.291384
1,0.255823
1,0.255049
1,0.191909
1,0.382178
1,0.313758
1,0.600581
1,0.131918
1,0.328947
1,0.168104
1,0.410207
1,0.125660
1,0.146789
1,0.081493
0,0.048103
0,0.036424
0,0.027813
0,0.081595
0,0.036995
0,0.048700
0,0.033152
0,0.025544
0,0.030059
0,0.019453
0,0.029317
0,0.020978
0,0.035879
0,0.029524
0,0.034591
0,0.035178
0,0.024263
0,0.033243
0,0.042708
0,0.047891
0,0.042334
0,0.042389
0,0.026872
0,0.028598
0,0.035725
0,0.023392
0,0.056339
0,0.034749
0,0.025611
0,0.049047
0,0.064846
0,0.049016
0,0.040623
0,0.035269
0,0.039825
0,0.053546
0,0.098000
0,0.030031
0,0.048878
0,0.041420
0,0.034673
0,0.040336
0,0.042950
0,0.027057
0,0.031905
0,0.032995
0,0.019439
0,0.028828
0,0.030665
0,0.029301
0,0.036768
0,0.036401
0,0.031966
0,0.038034
0,0.043100
0,0.028605
0,0.030160
0,0.047574
0,0.059200
0,0.042226
0,0.036716
0,0.036912
0,0.027045
0,0.026809
0,0.039398
0,0.046301
0,0.036419
0,0.018517
0,0.030318
0,0.020066
0,0.022364
0,0.050061
0,0.034896
0,0.025215
0,0.028604
0,0.021173
0,0.061253
0,0.021410
0,0.022085
0,0.022688
0,0.022666
0,0.024141
0,0.024012
0,0.034877
0,0.022524
0,0.020427
0,0.016910
0,0.015210
0,0.012501
0,0.020506
0,0.021589
0,0.025202
0,0.016936
0,0.013757
0,0.019243
0,0.023908
0,0.031250
0,0.010298
0,0.019545
0,0.023621
0,0.022990
0,0.026044
0,0.030255
0,0.024843
0,0.020529
0,0.023259
0,0.014832
0,0.026510
0,0.028209
0,0.022565
0,0.018651
0,0.029686
0,0.026661
0,0.025120
0,0.029514
0,0.023088
0,0.012898
0,0.017711
0,0.022186
0,0.013880
0,0.016464
0,0.016063
0,0.014788
0,0.014088
1,0.027896
1,0.032403
1,0.039211
1,0.029935
1,0.020139
1,0.029233
1,0.028050
1,0.038160
1,0.024457
1,0.023360
1,0.017244
1,0.018820
1,0.017894
1,0.018375
1,0.013443
1,0.029487
1,0.043078
1,0.018441
1,0.041750
1,0.028452
1,0.044754
1,0.028936
1,0.021603
1,0.026267
1,0.033106
1,0.033488
1,0.042899
1,0.040009
1,0.039756
1,0.034275
1,0.022538
1,0.023202
1,0.019361
1,0.022235
1,0.027587
1,0.031501
1,0.033896
1,0.027013
1,0.044083
1,0.026160
1,0.028361
1,0.020131
1,0.030453
1,0.031630
1,0.030017
1,0.040051
1,0.033672
1,0.035075
1,0.030325
1,0.024954
1,0.048592
1,0.032933
1,0.037679
1,0.020325
1,0.023372
1,0.022943
1,0.016696
1,0.016048
1,0.021908
1,0.022081
0,0.088830
0,0.081574
0,0.036757
0,0.044242
0,0.056684
0,0.044398
0,0.043539
0,0.026008
0,0.041574
0,0.055934
0,0.055488
0,0.034367
0,0.043001
0,0.069442
0,0.081515
0,0.069685
0,0.063653
0,0.083506
0,0.058530
0,0.049381
0,0.088802
0,0.063203
0,0.056772
0,0.078012
0,0.033534
0,0.057710
0,0.043211
0,0.051304
0,0.078259
0,0.042867
0,0.028622
0,0.059830
0,0.014886
0,0.034598
0,0.021536
0,0.046945
0,0.027594
0,0.075882
0,0.056911
0,0.087219
0,0.055240
0,0.056896
0,0.057416
0,0.039260
0,0.042857
0,0.040615
0,0.040968
0,0.048567
0,0.030736
0,0.019775
0,0.026691
0,0.122945
0,0.054008
0,0.037390
0,0.040822
0,0.035599
0,0.057484
0,0.058211
0,0.063951
0,0.081141
0,0.031100
0,0.027239
0,0.037446
0,0.028122
0,0.074717
0,0.036321
0,0.046422
0,0.070950
0,0.051454
0,0.044340
0,0.093754
0,0.034298
0,0.050780
0,0.088269
0,0.043156
0,0.036726
0,0.022458
0,0.030429
0,0.041171
0,0.070057
0,0.068342
0,0.106198
0,0.070685
0,0.028470
0,0.042755
0,0.053375
0,0.061147
0,0.047818
0,0.040541
0,0.048786
0,0.055403
0,0.019647
0,0.070339
0,0.011425
0,0.026401
0,0.025481
0,0.025197
0,0.015529
0,0.013524
0,0.031133
1,0.015890
1,0.033313
1,0.032070
1,0.034198
1,0.025030
1,0.052953
1,0.030125
1,0.029886
1,0.035161
1,0.027457
1,0.023800
1,0.029990
1,0.041888
1,0.037848
1,0.027242
1,0.033407
1,0.036946
1,0.033853
1,0.020191
1,0.084866
1,0.038159
1,0.032201
1,0.034532
1,0.042745
1,0.029640
1,0.021530
1,0.032375
1,0.030301
1,0.023955
1,0.028110
1,0.060682
1,0.023104
1,0.021289
1,0.024233
1,0.020778
1,0.021324
1,0.015064
1,0.018454
1,0.018317
1,0.018650
1,0.030382
1,0.032158
1,0.044084
1,0.054927
1,0.038833
1,0.028423
1,0.044481
1,0.044095
1,0.055812
1,0.051927
1,0.025023
1,0.046683
1,0.035587
1,0.013372
1,0.025204
1,0.022930
1,0.029714
1,0.022283
1,0.021924
1,0.016801
1,0.018129
1,0.024757
1,0.016753
1,0.020814
1,0.028106
1,0.045815
1,0.054034
1,0.059748
1,0.057691
1,0.059816
1,0.045060
1,0.041384
1,0.047952
1,0.034524
1,0.032955
1,0.033695
1,0.030166
1,0.035774
1,0.039897
1,0.037191
1,0.025735
1,0.038740
1,0.056460
1,0.048950
1,0.034833
1,0.053921
1,0.049476
1,0.057438
1,0.051511
1,0.044763
1,0.044496
1,0.036066
1,0.047009
1,0.050704
1,0.022470
1,0.042508
1,0.053005
1,0.035957
1,0.051225
1,0.059012
1,0.138826
1,0.067002
1,0.041704
1,0.034233
1,0.040575
1,0.039654
1,0.027382
1,0.046341
1,0.052165
1,0.056417
1,0.047243
1,0.029817
1,0.029133
1,0.041713
1,0.179550
1,0.188045
0,0.042246
0,0.069659
0,0.043318
0,0.082915
0,0.072226
0,0.078480
0,0.070125
0,0.051554
0,0.031286
0,0.037599
0,0.026985
0,0.051611
0,0.098749
0,0.045181
0,0.049538
0,0.080606
0,0.041688
0,0.073422
0,0.054459
0,0.077168
0,0.069040
0,0.039895
0,0.070972
0,0.045606
0,0.058593
0,0.035009
0,0.049360
0,0.083737
0,0.042804
0,0.040382
0,0.024499
0,0.038783
0,0.032405
0,0.027516
0,0.036849
0,0.040268
0,0.052195
0,0.102432
0,0.020929
0,0.036246
0,0.049437
0,0.064394
0,0.037851
0,0.032946
0,0.027877
0,0.037855
0,0.090038
0,0.071468
0,0.048688
0,0.037098
0,0.024432
0,0.030044
0,0.041485
0,0.086915
0,0.043488
0,0.069832
0,0.027421
0,0.039318
0,0.048827
0,0.048728
0,0.100915
0,0.046797
0,0.038331
0,0.041483
0,0.035134
0,0.058516
0,0.047881
0,0.028741
0,0.029874
0,0.027918
0,0.046580
0,0.039974
0,0.038258
0,0.040741
0,0.046871
0,0.045635
0,0.028616
0,0.026068
0,0.029429
0,0.016119
0,0.018639
0,0.017563
0,0.030442
0,0.029352
0,0.029386
0,0.025103
0,0.040662
0,0.051248
0,0.020746
0,0.031428
0,0.038944
0,0.054124
0,0.045882
0,0.040036
0,0.027587
0,0.028514
0,0.019692
0,0.027099
0,0.025955
0,0.023852
0,0.024327
0,0.025766
0,0.030501
0,0.020933
0,0.031872
0,0.027574
0,0.032972
0,0.050910
0,0.026090
0,0.039401
0,0.020839
0,0.023508
0,0.023331
0,0.020266
0,0.021941
0,0.025799
0,0.023080
0,0.027244
0,0.018301
0,0.040282
0,0.027944
0,0.021173
0,0.053895
0,0.020746
0,0.018361
0,0.025527
0,0.037665
0,0.023498
0,0.023532
0,0.032111
0,0.025305
0,0.026833
0,0.031184
0,0.025559
0,0.036857
0,0.023114
0,0.025111
0,0.032009
0,0.034148
0,0.040878
0,0.023847
0,0.027367
0,0.024395
0,0.022184
0,0.034183
0,0.027442
0,0.029702
0,0.033655
0,0.020654
0,0.020943
0,0.032892
0,0.008663
0,0.054951
0,0.083573
0,0.058928
0,0.045755
0,0.041470
0,0.034502
0,0.079866
0,0.039675
0,0.039101
0,0.048271
0,0.053736
0,0.036207
0,0.021985
0,0.022586
0,0.017678
0,0.028259
0,0.043170
0,0.045083
0,0.030643
0,0.029161
0,0.046030
0,0.062347
0,0.065892
0,0.039870
0,0.075528
0,0.037846
0,0.027350
0,0.049153
0,0.031331
0,0.024976
0,0.070261
0,0.031621
0,0.065602
0,0.039211
0,0.037677
0,0.036179
0,0.033165
0,0.405257
0,0.087520
0,0.129460
0,0.073474
0,0.051261
0,0.512016
0,0.056658
0,0.052416
0,0.047966
0,0.041696
0,0.071093
0,0.044556
0,0.051856
0,0.095406
0,0.079099
0,0.058160
0,0.074660
0,0.061491
0,0.026017
0,0.035286
0,0.038682
0,0.040729
0,0.044860
0,0.025107
0,0.025355
0,0.025930
0,0.026526
0,0.026707
0,0.035067
0,0.056348
0,0.059187
0,0.059819
0,0.048212
0,0.096082
0,0.063098
0,0.088636
0,0.093309
0,0.064375
0,0.036970
0,0.039745
0,0.061374
0,0.050407
0,0.022747
0,0.040198
0,0.055776
0,0.044991
0,0.065056
0,0.042928
0,0.054872
0,0.127122
0,0.076313
0,0.023408
0,0.020417
0,0.068550
0,0.041140
0,0.042051
0,0.024521
0,0.028930
0,0.035666
0,0.031229
0,0.069937
0,0.070727
0,0.102745
0,0.042522
0,0.039146
0,0.025174
0,0.079602
0,0.044436
0,0.031550
0,0.048863
0,0.033745
0,0.039664
0,0.040179
0,0.033847
0,0.044563
0,0.026826
0,0.021106
0,0.028355
0,0.026252
0,0.037791
0,0.047609
0,0.050186
0,0.033534
0,0.033072
0,0.024519
0,0.033893
0,0.038588
0,0.029489
0,0.026140
0,0.022418
0,0.021415
0,0.041335
0,0.022197
0,0.036791
0,0.030349
0,0.025774
0,0.023408
0,0.029656
0,0.035485
0,0.037230
0,0.046645
0,0.040962
0,0.026382
0,0.048743
0,0.039191
0,0.036613
0,0.041478
0,0.027287
0,0.046557
0,0.026903
0,0.050249
0,0.040705
0,0.025632
0,0.024257
0,0.033449
0,0.020199
0,0.032526
0,0.038656
0,0.029196
0,0.025259
0,0.019178
0,0.017795
0,0.020107
0,0.018578
0,0.022494
0,0.024266
0,0.028882
0,0.050935
0,0.030330
0,0.034751
0,0.052893
0,0.038011
0,0.038905
0,0.043566
0,0.040567
0,0.039410
0,0.037117
0,0.044439
0,0.032778
0,0.030414
0,0.042518
0,0.023863
0,0.026834
0,0.043074
0,0.054984
0,0.039630
0,0.036964
0,0.033811
0,0.043548
0,0.026400
0,0.029291
0,0.029037
0,0.047763
0,0.055730
0,0.036928
0,0.041323
0,0.026029
0,0.034673
0,0.047574
0,0.050864
0,0.029182
0,0.048055
0,0.026574
0,0.041220
0,0.030597
0,0.028196
0,0.038208
0,0.025374
0,0.163919
0,0.059926
0,0.046068
0,0.108581
0,0.048816
0,0.057909
0,0.063510
0,0.072964
0,0.099793
0,0.134170
0,0.096046
0,0.033193
0,0.089330
0,0.026333
0,0.027118
0,0.033482
0,0.025440
0,0.051633
0,0.102103
0,0.064551
0,0.102272
0,0.127666
0,0.035528
0,0.062536
0,0.076560
0,0.032590
0,0.125368
0,0.265510
0,0.285225
0,0.076955
0,0.052639
0,0.258528
0,0.026835
0,0.044671
0,0.090487
0,0.042618
0,0.049728
0,0.035948
0,0.046092
0,0.094522
0,0.033565
0,0.092727
0,0.185011
0,0.062953
0,0.043243
0,0.055626
0,0.125503
0,0.081830
0,0.031084
0,0.028838
0,0.044216
0,0.085919
0,0.062251
0,0.043938
0,0.062814
0,0.049200
0,0.032492
0,0.050702
0,0.047814
0,0.106895
0,0.068799
0,0.055709
0,0.112751
0,0.062599
0,0.473833
0,0.124744
0,0.460806
0,0.048913
0,0.034947
0,0.169465
0,0.068210
0,0.024693
0,0.042115
0,0.056196
0,0.070127
0,0.038428
0,0.055483
0,0.042261
0,0.054678
0,0.043858
0,0.030968
0,0.085949
0,0.064660
0,0.371395
0,0.530598
0,0.065781
0,0.041908
0,0.060141
0,0.098913
0,0.056103
0,0.036707
0,0.130517
0,0.395381
0,0.486053
0,0.156401
0,0.036347
0,0.040921
0,0.204146
0,0.062249
0,0.053554
0,0.206550
0,0.057400
0,0.031572
0,0.030827
0,0.023597
0,0.284792
0,0.017051
0,0.012631
0,0.023394
0,0.051593
0,0.051240
0,0.023335
0,0.023855
0,0.054072
0,0.022070
0,0.024297
0,0.022247
0,0.064483
0,0.037963
0,0.041002
0,0.020495
0,0.072778
0,0.027571
0,0.146334
0,0.251013
0,0.335202
0,0.056092
0,0.027236
0,0.034921
0,0.028508
0,0.029986
0,0.037224
0,0.018963
0,0.054788
0,0.026096
0,0.086703
0,0.113213
0,0.029525
0,0.044576
0,0.058422
0,0.073002
0,0.035651
0,0.032352
0,0.032919
0,0.033628
0,0.067986
0,0.055913
0,0.619173
0,0.169600
0,0.050623
0,0.053129
0,0.034776
0,0.119725
0,0.120391
0,0.020404
0,0.027862
0,0.179303
0,0.115361
0,0.057446
0,0.662342
0,0.142333
0,0.026882
0,0.012738
0,0.049857
0,0.049493
0,0.043978
0,0.068866
0,0.017979
0,0.035731
0,0.017198
0,0.040697
0,0.022448
0,0.355078
0,0.030699
0,0.516558
0,0.142759
0,0.064305
0,0.375822
0,0.211804
0,0.086276
0,0.132316
0,0.021980
0,0.036477
0,0.036796
0,0.050219
0,0.039183
0,0.047917
0,0.030472
0,0.029580
0,0.025856
0,0.022208
0,0.017525
0,0.077305
0,0.023364
0,0.033556
0,0.038310
0,0.037270
0,0.066725
0,0.098381
0,0.021336
1,0.038546
1,0.031913
1,0.041756
1,0.044233
1,0.042762
1,0.047207
1,0.033751
1,0.034193
1,0.046986
1,0.039716
1,0.029004
1,0.042070
1,0.035558
1,0.046060
1,0.032711
1,0.046863
1,0.031435
1,0.031664
1,0.038547
1,0.034809
1,0.043459
1,0.049527
1,0.043445
1,0.052235
1,0.047050
1,0.049991
1,0.035334
1,0.033695
1,0.035840
1,0.034390
1,0.035382
1,0.037205
1,0.043720
1,0.031240
1,0.045415
1,0.046247
1,0.043110
1,0.043136
1,0.039213
1,0.037916
1,0.041210
1,0.031980
1,0.038540
1,0.052991
1,0.035254
1,0.055494
1,0.053666
1,0.037599
1,0.040406
1,0.039486
1,0.032761
1,0.031068
1,0.036301
1,0.053179
1,0.061031
1,0.041050
1,0.041673
1,0.038218
1,0.036666
1,0.040393
1,0.040376
1,0.048434
1,0.048114
1,0.057567
1,0.033580
1,0.043630
1,0.050323
1,0.051130
1,0.054267
1,0.039313
1,0.042964
1,0.047362
1,0.043297
1,0.037582
1,0.038095
1,0.030784
1,0.044944
1,0.033552
1,0.032214
1,0.033775
1,0.030262
1,0.028900
1,0.030339
1,0.043703
1,0.035299
1,0.031184
1,0.031748
1,0.040620
1,0.034872
1,0.043110
1,0.027508
1,0.048380
1,0.032882
1,0.034473
1,0.047145
0,0.025724
0,0.035584
0,0.025989
0,0.024672
0,0.017690
0,0.020607
0,0.034586
0,0.034107
0,0.045544
0,0.034527
0,0.021575
0,0.031681
0,0.027701
0,0.029806
0,0.030095
0,0.036689
0,0.018463
0,0.024334
0,0.030537
0,0.040436
0,0.026359
0,0.028548
0,0.029388
0,0.015840
0,0.027729
0,0.025889
0,0.036385
0,0.045018
0,0.046977
0,0.303356
0,0.035560
0,0.057258
0,0.034697
0,0.025904
0,0.034036
0,0.036159
0,0.015719
0,0.028123
0,0.013980
0,0.028283
0,0.025683
0,0.027026
0,0.019336
0,0.032471
0,0.032486
0,0.020153
0,0.070163
0,0.027487
0,0.048023
0,0.028649
0,0.057376
0,0.046741
0,0.044906
0,0.022462
0,0.023255
0,0.035879
0,0.033740
0,0.034995
0,0.031258
0,0.031420
0,0.046222
0,0.028310
0,0.039891
0,0.026243
0,0.034177
0,0.029365
0,0.041981
0,0.035286
0,0.025303
0,0.030372
0,0.029862
0,0.032580
0,0.036539
0,0.031236
0,0.031753
0,0.034139
0,0.025743
0,0.028115
0,0.029966
0,0.032433
0,0.033840
0,0.031680
0,0.026441
0,0.027108
0,0.016909
0,0.037700
0,0.026937
0,0.035957
0,0.025105
0,0.035052
0,0.037034
0,0.023151
0,0.039196
0,0.020306
0,0.030466
0,0.030292
0,0.027701
0,0.022701
0,0.033570
0,0.022901
0,0.023454
0,0.028113
0,0.026113
0,0.019701
0,0.022049
0,0.016758
0,0.026531
0,0.022222
0,0.019692
0,0.024669
0,0.019324
0,0.031361
0,0.026181
0,0.018514
0,0.026114
0,0.017706
0,0.039693
0,0.030662
0,0.048609
0,0.028092
0,0.032698
0,0.028411
0,0.028697
0,0.018608
0,0.027134
0,0.030676
0,0.024540
0,0.026442
0,0.027872
0,0.027718
0,0.034250
0,0.025455
0,0.029352
0,0.031064
0,0.026311
0,0.023255
0,0.029477
0,0.039043
0,0.024484
0,0.040660
0,0.020693
0,0.018857
0,0.016026
0,0.027891
0,0.033198
0,0.037787
0,0.033817
0,0.026566
0,0.026435
0,0.027041
0,0.017492
0,0.025865
0,0.026724
1,0.080208
1,0.038274
1,0.076995
1,0.050933
1,0.056652
1,0.092808
1,0.057518
1,0.161626
1,0.193370
1,0.069715
1,0.056111
1,0.038438
1,0.042202
1,0.079176
1,0.058289
1,0.053332
1,0.048965
1,0.096195
1,0.047769
1,0.030500
1,0.038931
1,0.027678
1,0.093863
1,0.064364
1,0.068312
1,0.037707
1,0.052046
1,0.037404
1,0.045198
1,0.039110
1,0.046474
1,0.055990
1,0.029649
1,0.031420
1,0.075964
1,0.049970
1,0.028284
1,0.033084
1,0.043608
1,0.053428
1,0.045561
1,0.036442
1,0.034391
1,0.061463
1,0.063775
1,0.062953
1,0.052638
1,0.041578
1,0.047998
1,0.058657
1,0.049695
1,0.062747
1,0.071788
1,0.037790
1,0.027882
1,0.036817
1,0.032219
1,0.043020
1,0.032704
1,0.039431
1,0.026960
1,0.028007
1,0.048978
1,0.022173
1,0.065341
1,0.054220
1,0.092147
1,0.052896
1,0.224575
1,0.043074
1,0.039414
1,0.045378
1,0.033564
1,0.036322
1,0.048182
1,0.034526
1,0.041667
1,0.055349
1,0.044882
1,0.068893
1,0.230020
1,0.069526
1,0.056785
1,0.042174
1,0.084821
1,0.040760
1,0.032290
1,0.045679
1,0.220426
1,0.087799
1,0.073602
1,0.041918
1,0.039624
1,0.051025
1,0.034789
1,0.038431
1,0.037672
1,0.037902
1,0.031525
1,0.070680
1,0.047221
1,0.041102
1,0.046734
1,0.046221
1,0.055469
1,0.064323
1,0.090589
1,0.040456
1,0.047473
1,0.046108
1,0.043764
1,0.035197
1,0.065234
1,0.085789
1,0.038240
1,0.099810
1,0.030009
1,0.091701
1,0.049496
1,0.113670
1,0.049384
1,0.076717
1,0.126653
1,0.046033
1,0.032630
1,0.050456
1,0.034714
1,0.027975
1,0.038625
1,0.043031
1,0.030789
1,0.028172
1,0.042779
1,0.031645
1,0.032105
1,0.033799
1,0.034231
1,0.033612
1,0.042153
1,0.027152
1,0.036593
1,0.023408
1,0.227023
1,0.020998
1,0.059084
1,0.056967
1,0.058781
1,0.035793
1,0.039455
1,0.060947
1,0.066510
1,0.029671
1,0.035145
1,0.034634
1,0.044181
1,0.098554
1,0.039666
1,0.037371
1,0.032379
1,0.025685
1,0.021648
1,0.037692
1,0.069800
1,0.034635
1,0.031206
1,0.053987
1,0.058236
1,0.043962
1,0.027056
1,0.047939
1,0.037326
1,0.058607
1,0.027765
1,0.033101
1,0.050912
1,0.087602
1,0.065795
1,0.032688
1,0.039891
1,0.029014
1,0.028503
1,0.043078
1,0.032614
1,0.029964
1,0.028276
1,0.037785
1,0.045266
1,0.015138
1,0.101891
1,0.020323
1,0.162835
1,0.106289
1,0.427573
1,0.820593
1,0.329489
1,0.292496
1,0.237963
0,0.031150
0,0.045934
0,0.043707
0,0.070937
0,0.068434
0,0.088250
0,0.037051
0,0.040402
0,0.040993
0,0.055622
0,0.081200
0,0.086482
0,0.137290
0,0.050116
0,0.056659
0,0.035748
0,0.030519
0,0.031451
0,0.039542
0,0.041871
0,0.034492
0,0.032443
0,0.034772
0,0.057863
0,0.058818
0,0.048604
0,0.039203
0,0.029997
0,0.040224
0,0.050834
0,0.038163
0,0.045910
0,0.036806
0,0.077170
0,0.114269
0,0.063153
0,0.043307
0,0.076362
0,0.043672
0,0.032413
0,0.190505
0,0.025565
0,0.046627
0,0.043918
0,0.077843
0,0.038490
0,0.029745
0,0.032856
0,0.049757
0,0.055679
0,0.048189
0,0.061707
0,0.047747
0,0.027701
0,0.040753
0,0.044942
0,0.048342
0,0.045554
0,0.201232
0,0.034002
0,0.076263
0,0.030393
0,0.038905
0,0.041983
0,0.044180
0,0.028830
0,0.033095
0,0.040406
0,0.032462
0,0.090945
0,0.049252
0,0.037180
0,0.040760
0,0.034199
0,0.011382
0,0.037646
0,0.093377
0,0.064399
0,0.039602
0,0.143457
0,0.094325
0,0.037482
0,0.027166
0,0.057568
0,0.082447
0,0.033414
0,0.072451
0,0.022309
0,0.031598
0,0.021090
0,0.050644
0,0.032992
0,0.179272
0,0.218860
0,0.711577
0,0.392788
0,0.059790
0,0.017656
0,0.046942
0,0.037580
0,0.031411
0,0.023018
0,0.024864
0,0.025645
0,0.031529
0,0.032964
0,0.021590
0,0.027444
0,0.030894
0,0.046510
0,0.039115
0,0.043807
0,0.032519
0,0.026714
0,0.015597
0,0.040843
0,0.121054
0,0.619483
0,0.722396
0,0.746888
0,0.075324
0,0.703116
0,0.082956
0,0.066169
0,0.154703
0,0.031809
0,0.076411
0,0.141429
0,0.038510
0,0.140015
0,0.084283
0,0.026151
0,0.067568
0,0.033634
0,0.171958
0,0.064551
0,0.937390
0,0.746682
0,0.021963
0,0.023308
0,0.038086
0,0.036323
0,0.042117
0,0.037446
0,0.028996
0,0.055920
0,0.050740
0,0.068190
0,0.043374
0,0.079555
0,0.043568
0,0.069729
0,0.081720
0,0.065203
0,0.025541
0,0.055540
0,0.914294
1,0.128003
1,0.071236
1,0.063631
1,0.073653
1,0.146258
1,0.075621
1,0.167852
1,0.105382
1,0.121982
1,0.081572
1,0.129432
1,0.283976
1,0.219565
1,0.232818
1,0.196381
1,0.070152
1,0.179013
1,0.064637
1,0.208187
1,0.063791
1,0.353188
1,0.075726
1,0.102505
1,0.180009
1,0.122124
1,0.054370
1,0.063612
1,0.060161
1,0.140665
1,0.129045
1,0.168046
1,0.169135
1,0.083490
1,0.392939
1,0.174745
1,0.102115
1,0.040840
1,0.133380
1,0.085792
1,0.232877
1,0.108721
1,0.097030
1,0.190110
1,0.046071
1,0.110910
1,0.217179
1,0.280310
1,0.137203
1,0.104063
1,0.107068
1,0.113561
1,0.115852
1,0.095145
1,0.141625
1,0.154240
1,0.154051
1,0.168418
1,0.118797
1,0.054034
1,0.054615
1,0.242908
1,0.112419
1,0.222081
1,0.128301
1,0.127009
1,0.315800
1,0.201186
1,0.188831
1,0.491861
1,0.174448
1,0.070710
1,0.194590
1,0.144572
1,0.059793
1,0.036668
1,0.029481
1,0.057737
1,0.135341
1,0.262896
1,0.107797
1,0.068277
1,0.175917
1,0.151487
1,0.242470
1,0.091368
1,0.078010
1,0.088338
1,0.095170
1,0.096121
1,0.075237
1,0.102776
1,0.092272
1,0.169188
1,0.248030
1,0.296913
1,0.175258
1,0.117589
1,0.055980
1,0.041797
1,0.039975
1,0.156298
1,0.079127
1,0.039062
1,0.046030
1,0.026383
1,0.035529
1,0.030722
1,0.043375
1,0.024852
1,0.202181
1,0.017919
1,0.015882
1,0.033076
1,0.106341
1,0.214445
1,0.168863
1,0.248603
1,0.438125
1,0.277114
1,0.027328
1,0.036997
1,0.035871
1,0.316279
1,0.066059
1,0.062877
1,0.030264
1,0.055087
1,0.064505
1,0.027761
1,0.062151
1,0.023520
1,0.019454
1,0.066027
1,0.024938
1,0.026046
1,0.033159
1,0.022575
1,0.018811
1,0.020339
1,0.026705
1,0.181689
1,0.084188
1,0.144503
1,0.128271
1,0.026530
1,0.053372
1,0.383660
1,0.108356
1,0.131879
1,0.210445
1,0.029773
1,0.111707
1,0.164073
1,0.307773
1,0.020626
1,0.603622
1,0.121984
1,0.256784
1,0.081634
1,0.049682
1,0.104005
1,0.121976
1,0.034596
1,0.023957
1,0.026407
1,0.040902
1,0.633401
1,0.047755
1,0.071828
1,0.061689
1,0.035124
1,0.032680
1,0.018610
1,0.020504
1,0.025283
1,0.019193
1,0.033489
1,0.051418
1,0.257050
1,0.155994
1,0.064549
1,0.413008
1,0.249231
1,0.164499
1,0.185172
1,0.059623
1,0.504926
1,0.089577
1,0.051818
1,0.027073
1,0.386782
1,0.065051
1,0.097152
1,0.048445
1,0.030021
1,0.107143
1,0.031349
1,0.042624
1,0.027329
1,0.024699
1,0.019265
1,0.015933
1,0.041470
1,0.029681
1,0.022433
1,0.016841
1,0.035021
1,0.021559
1,0.026059
1,0.019858
1,0.028825
1,0.028841
1,0.022328
1,0.022572
1,0.022766
1,0.103156
1,0.031782
1,0.024316
1,0.324063
1,0.396539
1,0.023348
1,0.329570
1,0.296768
1,0.033290
1,0.030083
1,0.048635
1,0.020423
1,0.029985
1,0.040387
1,0.028899
1,0.029762
1,0.038811
1,0.031919
1,0.034233
1,0.029724
1,0.039661
1,0.037798
1,0.038197
1,0.029447
1,0.042852
1,0.027549
1,0.027283
1,0.028757
1,0.026802
1,0.026217
1,0.030161
1,0.020523
1,0.018370
1,0.024583
1,0.027760
1,0.028319
0,0.044633
0,0.023241
0,0.024575
0,0.023274
0,0.035297
0,0.026461
0,0.025400
0,0.031539
0,0.027093
0,0.037609
0,0.019095
0,0.030714
0,0.030037
0,0.027409
0,0.026855
0,0.027724
0,0.034206
0,0.028605
0,0.032851
0,0.040712
0,0.026778
0,0.110251
0,0.042041
0,0.035860
0,0.036833
0,0.042894
0,0.032899
0,0.043406
0,0.029164
0,0.032954
0,0.043922
0,0.050601
0,0.048431
0,0.040053
0,0.022084
0,0.026841
0,0.024973
0,0.030293
0,0.027829
0,0.026231
0,0.027942
0,0.028189
0,0.034387
0,0.038952
0,0.041945
0,0.026883
0,0.033307
0,0.034157
0,0.048231
0,0.034790
0,0.040384
0,0.035062
0,0.028088
0,0.027435
0,0.029842
0,0.033861
0,0.034937
0,0.028287
0,0.037221
0,0.045047
0,0.033336
0,0.023075
0,0.048869
0,0.035649
0,0.025540
0,0.027512
0,0.031410
0,0.038627
0,0.034724
0,0.032151
0,0.033670
0,0.023891
0,0.037925
0,0.032892
0,0.042005
0,0.035191
0,0.031105
0,0.030683
0,0.040372
0,0.032002
0,0.036011
0,0.028192
0,0.034309
0,0.025600
0,0.035589
0,0.024228
0,0.025885
0,0.023470
0,0.026837
0,0.051999
0,0.045172
0,0.041978
0,0.038759
0,0.035820
0,0.032355
0,0.040930
0,0.027822
0,0.030641
0,0.028570
0,0.022426
0,0.040321
0,0.057864
0,0.060028
0,0.072308
0,0.157739
0,0.048410
0,0.050974
0,0.061695
0,0.080054
0,0.049651
0,0.066647
0,0.808492
0,0.054741
0,0.052285
0,0.046182
0,0.052380
0,0.036627
0,0.043432
0,0.056306
0,0.057891
0,0.087813
0,0.077327
0,0.085077
0,0.079685
0,0.068136
0,0.098397
0,0.091739
0,0.087987
0,0.099992
0,0.082263
0,0.112132
0,0.087381
0,0.141588
0,0.073360
0,0.049585
0,0.041340
0,0.066303
0,0.060861
0,0.067175
0,0.066659
0,0.334562
0,0.060079
0,0.040873
0,0.069898
0,0.174913
0,0.603739
0,0.087790
0,0.086738
0,0.092052
0,0.088820
0,0.031883
0,0.036408
0,0.274393
0,0.083896
0,0.083326
0,0.074708
0,0.210377
0,0.039352
0,0.058461
0,0.069717
0,0.040271
0,0.053636
1,0.015121
1,0.010292
1,0.017513
1,0.016378
1,0.075202
1,0.029763
1,0.034081
1,0.018931
1,0.092854
1,0.031662
1,0.050754
1,0.027003
1,0.021248
1,0.041229
1,0.011563
1,0.013724
1,0.010451
1,0.015236
1,0.017472
1,0.019216
1,0.014867
1,0.008346
1,0.019303
1,0.013336
1,0.046857
1,0.062809
1,0.031994
1,0.015373
1,0.018871
1,0.027501
1,0.035151
1,0.031420
1,0.013247
1,0.019960
1,0.023935
1,0.022636
1,0.031859
1,0.142582
1,0.019900
1,0.021277
1,0.012235
1,0.015260
1,0.021373
1,0.012224
1,0.015152
1,0.017816
1,0.022785
1,0.033271
1,0.045822
1,0.055296
1,0.019074
1,0.014773
1,0.114753
1,0.134662
1,0.016505
1,0.053266
1,0.021862
1,0.019411
1,0.252051
1,0.038730
1,0.023061
1,0.031836
1,0.055477
1,0.034519
1,0.036777
1,0.029984
1,0.066867
1,0.056750
1,0.047381
1,0.057906
1,0.043080
1,0.035580
1,0.020913
1,0.035219
1,0.047472
1,0.042468
1,0.021391
1,0.019799
1,0.044639
1,0.029084
1,0.021690
1,0.048250
1,0.013531
1,0.029576
1,0.026019
1,0.087149
1,0.039980
1,0.029848
1,0.024347
1,0.029994
1,0.038480
1,0.027994
1,0.030300
1,0.045940
1,0.041297
1,0.030388
1,0.028647
1,0.025561
1,0.026623
1,0.028276
1,0.061257
1,0.043922
1,0.038592
1,0.033055
1,0.021054
1,0.031229
1,0.020955
1,0.025766
1,0.032350
1,0.028261
1,0.069713
1,0.034207
1,0.045264
1,0.023833
1,0.021709
1,0.029342
1,0.024760
1,0.057537
1,0.044751
1,0.047926
1,0.025866
1,0.048182
1,0.031998
1,0.038740
1,0.184115
1,0.027065
1,0.029708
1,0.040319
1,0.034547
1,0.029623
1,0.020334
1,0.029248
1,0.023495
1,0.032797
1,0.032859
1,0.021850
1,0.032298
1,0.061241
1,0.024675
1,0.017075
1,0.029963
1,0.300891
1,0.031706
1,0.032049
1,0.015991
1,0.015352
0,0.042531
0,0.046925
0,0.029342
0,0.029416
0,0.023612
0,0.026263
0,0.039063
0,0.040288
0,0.026336
0,0.028192
0,0.023030
0,0.040684
0,0.037480
0,0.030821
0,0.041096
0,0.040598
0,0.040726
0,0.048860
0,0.040905
0,0.027232
0,0.018759
0,0.019896
0,0.025323
0,0.021201
0,0.021542
0,0.017314
0,0.038304
0,0.027180
0,0.014845
0,0.017328
0,0.025168
0,0.022827
0,0.019939
0,0.023482
0,0.028217
0,0.021485
0,0.023728
0,0.022877
0,0.025244
0,0.027045
0,0.038817
0,0.122202
0,0.026578
0,0.028870
0,0.047638
0,0.029346
0,0.050624
0,0.032157
0,0.024432
0,0.031287
0,0.035611
0,0.028041
0,0.023870
0,0.029864
0,0.035410
0,0.028763
0,0.033107
0,0.025728
0,0.038487
0,0.030877
0,0.043583
0,0.031459
0,0.017933
0,0.035217
0,0.028255
0,0.016746
0,0.021194
0,0.018901
0,0.015720
0,0.026902
0,0.028862
0,0.015919
0,0.019515
0,0.022561
0,0.051057
0,0.032389
0,0.034356
0,0.030122
0,0.026542
0,0.044035
0,0.021848
0,0.026263
0,0.032361
0,0.045557
0,0.040668
0,0.022268
0,0.034526
0,0.034021
0,0.037849
0,0.030376
0,0.026088
0,0.035188
0,0.023064
0,0.027228
0,0.024929
0,0.024644
0,0.032227
0,0.053810
0,0.038789
0,0.031975
0,0.055898
0,0.051811
0,0.068143
0,0.037900
0,0.025852
0,0.026868
0,0.036758
0,0.034197
0,0.042420
0,0.039762
0,0.032052
0,0.031080
0,0.032528
0,0.022423
0,0.033397
0,0.032022
0,0.021919
0,0.025034
0,0.027897
0,0.034405
0,0.026343
0,0.054255
0,0.026404
0,0.041714
0,0.026653
0,0.025172
0,0.033477
0,0.029646
0,0.025426
0,0.028136
0,0.049378
0,0.037257
0,0.036223
0,0.029277
0,0.039803
0,0.031231
0,0.042510
0,0.034829
0,0.042856
0,0.029232
0,0.048336
0,0.045120
0,0.032740
0,0.025079
0,0.041769
0,0.034258
0,0.039218
0,0.045151
0,0.040335
0,0.041603
0,0.026308
0,0.033100
0,0.037511
0,0.027314
0,0.018033
0,0.022137
0,0.017311
0,0.042652
0,0.033295
0,0.036064
0,0.057449
0,0.039487
0,0.027744
0,0.035686
0,0.028867
0,0.031150
0,0.051120
0,0.030688
0,0.031613
0,0.047448
0,0.043320
0,0.033553
0,0.035863
0,0.025036
0,0.036398
0,0.055741
0,0.047956
0,0.031361
0,0.042739
0,0.037741
0,0.046420
0,0.027550
0,0.042568
0,0.039194
0,0.042181
0,0.034628
0,0.031091
0,0.027237
0,0.030366
0,0.031852
0,0.022313
0,0.035704
0,0.034065
0,0.036447
0,0.033955
0,0.029270
0,0.029800
1,0.028450
1,0.052174
1,0.048036
1,0.038421
1,0.039863
1,0.042740
1,0.041480
1,0.049767
1,0.079890
1,0.031938
1,0.023947
1,0.039846
1,0.022536
1,0.028716
1,0.031996
1,0.035983
1,0.030502
1,0.032910
1,0.027222
1,0.038334
1,0.036891
1,0.031581
1,0.040050
1,0.028923
1,0.032085
1,0.036385
1,0.029083
1,0.025337
1,0.027213
1,0.037859
1,0.021725
1,0.032798
1,0.029144
1,0.025194
1,0.033435
1,0.025115
1,0.035815
1,0.035447
1,0.027696
1,0.037992
1,0.028880
1,0.030634
1,0.037483
1,0.035857
1,0.028672
1,0.026780
1,0.026139
1,0.029348
1,0.030064
1,0.036599
1,0.054054
1,0.045544
1,0.039061
1,0.028463
1,0.038264
1,0.028090
1,0.044522
1,0.043041
1,0.035803
1,0.042222
1,0.042292
1,0.038803
1,0.043622
1,0.025590
1,0.033137
1,0.029436
1,0.041769
1,0.030966
1,0.034141
1,0.035578
1,0.025643
1,0.034961
1,0.031126
1,0.045558
1,0.037111
1,0.031092
1,0.027917
1,0.032049
1,0.047655
1,0.027194
1,0.036774
1,0.033921
1,0.038749
1,0.025592
1,0.031527
1,0.023007
1,0.033305
1,0.027117
1,0.021585
1,0.025154
1,0.042242
1,0.036383
1,0.028921
1,0.030984
1,0.035804
1,0.036870
1,0.046377
1,0.038029
1,0.044275
1,0.029466
1,0.031756
1,0.026597
1,0.029279
1,0.099083
1,0.040739
1,0.041233
1,0.042008
1,0.111739
1,0.036278
1,0.033015
1,0.145250
1,0.034946
1,0.041454
1,0.024598
1,0.028306
1,0.026302
1,0.054406
1,0.021104
1,0.070102
1,0.041310
1,0.050762
1,0.055599
1,0.046630
1,0.047058
1,0.042460
1,0.030751
1,0.062365
1,0.020468
1,0.026249
1,0.058878
1,0.047830
1,0.045489
1,0.029484
1,0.038501
1,0.026966
1,0.025826
1,0.049549
1,0.016414
1,0.030204
1,0.037222
1,0.027776
1,0.038975
1,0.087038
1,0.024409
1,0.030353
1,0.034368
1,0.046626
1,0.031854
1,0.037599
1,0.029777
1,0.035844
1,0.031693
1,0.034469
1,0.028191
1,0.023182
1,0.053024
1,0.169551
1,0.053908
1,0.460378
1,0.040655
1,0.029567
1,0.034512
1,0.025597
1,0.041384
1,0.035629
1,0.031406
1,0.067921
1,0.046594
1,0.026164
1,0.030724
1,0.059331
1,0.104575
1,0.027624
1,0.031869
1,0.037378
1,0.027936
1,0.033125
1,0.030156
1,0.044193
1,0.036772
1,0.055242
1,0.022505
1,0.023698
1,0.034197
1,0.047790
1,0.033324
1,0.024635
1,0.037330
1,0.049034
1,0.036834
1,0.039040
1,0.062718
1,0.027466
1,0.026991
1,0.031101
1,0.040766
1,0.050306
1,0.024705
1,0.035327
1,0.038244
1,0.031509
1,0.026750
1,0.044549
1,0.043822
1,0.041146
1,0.037179
1,0.033514
1,0.043485
1,0.035352
1,0.038625
1,0.036093
1,0.032560
1,0.043685
1,0.039574
1,0.037126
1,0.050402
1,0.043681
1,0.045104
1,0.041084
1,0.048544
1,0.027112
1,0.042872
1,0.031093
1,0.042350
1,0.042993
1,0.034841
1,0.037139
1,0.031622
1,0.033550
1,0.041792
1,0.042415
1,0.040630
1,0.042179
1,0.051711
1,0.058136
1,0.040171
1,0.045736
1,0.048271
1,0.041604
1,0.060970
1,0.037333
1,0.044944
1,0.042059
1,0.040575
1,0.044506
1,0.038492
1,0.037388
1,0.040936
1,0.034834
1,0.042777
1,0.034027
1,0.044761
1,0.045952
1,0.052219
1,0.036164
1,0.053368
1,0.043977
1,0.034316
1,0.036346
1,0.035994
1,0.034150
1,0.052669
1,0.034424
1,0.049183
1,0.051471
1,0.052468
1,0.044646
1,0.049120
1,0.035735
1,0.042137
1,0.038852
1,0.053891
1,0.041837
1,0.025415
1,0.022295
1,0.043620
1,0.060117
1,0.036760
1,0.032258
1,0.045473
1,0.047532
1,0.029513
1,0.032260
1,0.040403
1,0.030711
1,0.032347
1,0.035970
1,0.028370
1,0.026676
1,0.024350
1,0.020743
1,0.039387
1,0.024006
1,0.027359
0,0.022347
0,0.030593
0,0.031403
0,0.022131
0,0.029605
0,0.035190
0,0.027099
0,0.013389
0,0.022199
0,0.019000
0,0.015679
0,0.012790
0,0.030733
0,0.012412
0,0.013404
0,0.010528
0,0.018087
0,0.027553
0,0.017748
0,0.010254
0,0.024772
0,0.019544
0,0.021367
0,0.018506
0,0.016829
0,0.031687
0,0.024726
0,0.016392
0,0.020449
0,0.015945
0,0.024417
0,0.027612
0,0.017358
0,0.017748
0,0.019212
0,0.029236
0,0.023670
0,0.025770
0,0.027824
0,0.021665
0,0.017580
0,0.016917
0,0.018096
0,0.021994
0,0.013192
0,0.018256
0,0.020212
0,0.023363
0,0.014346
0,0.018755
0,0.019212
0,0.031307
0,0.016917
0,0.013029
0,0.008780
0,0.028155
0,0.021883
0,0.025692
0,0.032192
0,0.036990
0,0.011271
0,0.022273
0,0.031717
0,0.027062
0,0.018362
0,0.023947
0,0.027388
0,0.026852
0,0.042787
0,0.074877
0,0.030375
0,0.032872
0,0.016826
0,0.031295
0,0.047667
0,0.060247
0,0.049473
0,0.073030
0,0.058683
0,0.049887
0,0.032970
0,0.035325
0,0.037070
0,0.040944
0,0.036712
0,0.044092
0,0.044089
0,0.048449
0,0.048085
0,0.028714
0,0.052829
0,0.044526
0,0.035761
0,0.037750
0,0.031717
0,0.057471
0,0.053900
0,0.071424
0,0.047666
0,0.037686
0,0.032115
0,0.034174
0,0.059783
0,0.066794
0,0.194285
0,0.044588
0,0.045416
0,0.175465
0,0.032717
0,0.044526
0,0.039373
0,0.052937
0,0.058857
0,0.041375
0,0.057682
0,0.068297
0,0.051160
0,0.032827
0,0.037276
0,0.036004
0,0.035862
0,0.040216
0,0.024470
0,0.031642
0,0.057890
0,0.028226
0,0.039795
0,0.057765
0,0.044190
0,0.049199
0,0.057657
0,0.046473
0,0.065968
0,0.046870
0,0.043800
0,0.048261
0,0.044605
0,0.045294
0,0.034576
0,0.058090
0,0.058719
0,0.071695
1,0.072844
1,0.014446
1,0.042873
1,0.032948
1,0.034253
1,0.036459
1,0.030317
1,0.043698
1,0.059427
1,0.085440
1,0.077538
1,0.064889
1,0.039912
1,0.028534
1,0.032483
1,0.057735
1,0.034810
1,0.022708
1,0.033743
1,0.031893
1,0.035570
1,0.034148
1,0.031828
1,0.029104
1,0.025469
1,0.042321
1,0.045331
1,0.058624
1,0.025975
1,0.046742
1,0.055658
1,0.035543
1,0.042155
1,0.032626
1,0.071750
1,0.075334
1,0.025091
1,0.037459
1,0.046058
1,0.043845
1,0.084813
1,0.041964
1,0.040089
1,0.029278
1,0.019638
1,0.030608
1,0.028325
1,0.025990
1,0.033018
1,0.043310
1,0.016150
1,0.024547
1,0.021797
1,0.020698
1,0.035520
1,0.035766
1,0.042225
1,0.032194
1,0.028784
1,0.026088
1,0.035577
1,0.030548
1,0.038853
1,0.025084
1,0.032532
1,0.059077
1,0.043021
1,0.033573
1,0.046892
1,0.033348
1,0.042617
1,0.046559
1,0.058654
1,0.043609
1,0.059038
1,0.041893
1,0.052859
1,0.048204
1,0.054552
1,0.028902
1,0.021806
1,0.020249
1,0.031309
1,0.026382
1,0.027256
1,0.022195
1,0.020358
1,0.023241
1,0.061322
1,0.015710
1,0.034997
1,0.034495
1,0.040758
1,0.029347
1,0.031315
1,0.061764
1,0.066282
1,0.034180
1,0.042336
1,0.029280
0,0.051279
0,0.030957
0,0.032272
0,0.019640
0,0.020302
0,0.025151
0,0.016321
0,0.030446
0,0.031065
0,0.024947
0,0.020324
0,0.028438
0,0.015204
0,0.023682
0,0.027097
0,0.018423
0,0.028096
0,0.043906
0,0.024058
0,0.027579
0,0.039398
0,0.029174
0,0.024857
0,0.023108
0,0.037050
0,0.034769
0,0.038794
0,0.048451
0,0.041082
0,0.025006
0,0.038895
0,0.044458
0,0.037827
0,0.033076
0,0.035331
0,0.035823
0,0.032014
0,0.033061
0,0.020081
0,0.013683
0,0.017365
0,0.026202
0,0.038318
0,0.029330
0,0.019938
0,0.036815
0,0.028412
0,0.035085
0,0.025228
0,0.017250
0,0.019997
0,0.013856
0,0.024526
0,0.037446
0,0.024487
0,0.025996
0,0.028264
0,0.019315
0,0.024875
0,0.024043
0,0.025747
0,0.026842
0,0.021800
0,0.021232
0,0.025353
0,0.024789
0,0.031018
0,0.029196
0,0.030278
0,0.028764
0,0.036083
0,0.025622
0,0.027326
0,0.027787
0,0.025602
0,0.016687
0,0.022829
0,0.035436
0,0.024989
0,0.030046
0,0.028857
0,0.022046
0,0.026923
0,0.028985
0,0.016736
0,0.021965
0,0.026139
0,0.023660
0,0.025206
0,0.030198
0,0.023791
0,0.024901
0,0.025153
0,0.019916
0,0.025207
0,0.027949
0,0.034387
0,0.024917
0,0.019116
0,0.021043
0,0.025670
0,0.021732
0,0.027826
0,0.019149
0,0.018082
0,0.016665
0,0.016812
0,0.015928
0,0.022878
0,0.018719
0,0.019428
0,0.015162
0,0.018306
0,0.015898
0,0.014360
0,0.021362
0,0.015236
0,0.020987
0,0.012769
0,0.027425
0,0.029588
0,0.021504
0,0.021862
0,0.017695
0,0.020043
0,0.022401
0,0.026137
0,0.022801
0,0.017286
0,0.019111
0,0.016902
0,0.021332
0,0.030641
0,0.023415
0,0.021295
0,0.022614
0,0.020757
0,0.020196
0,0.019783
0,0.017002
0,0.024172
0,0.019885
0,0.017300
0,0.016056
0,0.019126
0,0.017239
0,0.024923
0,0.016747
0,0.015848
0,0.031067
0,0.017203
0,0.021660
0,0.033118
0,0.027464
0,0.021235
0,0.020429
0,0.019270
0,0.030235
0,0.029954
0,0.034406
0,0.029172
0,0.046474
0,0.046684
0,0.041372
0,0.050957
0,0.056658
0,0.046224
0,0.019233
0,0.017433
0,0.026796
0,0.024438
0,0.019895
0,0.032421
0,0.017966
0,0.019079
0,0.021361
0,0.026531
0,0.039127
0,0.023511
0,0.029175
0,0.022742
0,0.022098
0,0.017619
0,0.028440
0,0.036738
0,0.035316
0,0.058906
0,0.034752
0,0.028739
0,0.087632
0,0.038359
0,0.027677
0,0.032195
0,0.023609
0,0.014831
0,0.099492
0,0.052154
0,0.019185
0,0.032821
0,0.042774
0,0.072712
0,0.028567
0,0.015886
0,0.030829
0,0.022723
0,0.030912
0,0.031650
0,0.024290
0,0.019078
0,0.032617
0,0.059649
0,0.049549
0,0.050566
0,0.014792
0,0.019948
0,0.030493
0,0.027341
0,0.021253
0,0.026949
0,0.023569
0,0.016876
0,0.023298
0,0.031142
0,0.036125
0,0.021293
0,0.042231
0,0.020521
0,0.021354
0,0.031049
0,0.040563
0,0.067338
0,0.039219
0,0.350944
0,0.024417
0,0.023720
0,0.026940
0,0.019919
0,0.022319
0,0.009545
0,0.030749
0,0.012846
0,0.111357
0,0.568957
0,0.022881
0,0.041462
0,0.038709
0,0.049945
0,0.080700
0,0.019783
0,0.024255
0,0.038972
0,0.044990
0,0.021548
0,0.035960
0,0.074991
0,0.189800
0,0.040121
0,0.054583
0,0.043707
0,0.044957
0,0.044880
0,0.036340
0,0.037039
0,0.033948
0,0.054773
0,0.051566
0,0.055308
0,0.050560
0,0.042877
0,0.045546
0,0.051697
0,0.049916
0,0.037575
0,0.044130
0,0.042445
0,0.034245
0,0.036785
0,0.044284
0,0.047439
0,0.051872
0,0.048218
0,0.043249
0,0.052063
0,0.041361
0,0.045207
0,0.047062
0,0.035495
0,0.043229
0,0.041466
0,0.029495
0,0.046855
0,0.047480
0,0.044137
0,0.039220
0,0.039948
0,0.060592
0,0.040634
0,0.051958
0,0.051995
0,0.047006
0,0.048718
0,0.046547
0,0.045039
0,0.046186
0,0.026168
0,0.037834
0,0.040850
0,0.040300
0,0.041367
0,0.038861
0,0.043720
0,0.040266
0,0.057071
0,0.041047
0,0.040552
0,0.046747
0,0.048592
0,0.035117
0,0.040612
0,0.028133
0,0.038634
0,0.032692
0,0.041217
0,0.049091
0,0.050395
0,0.036589
0,0.041753
0,0.036426
0,0.044740
0,0.039143
0,0.039694
0,0.040166
0,0.039234
0,0.040916
0,0.039956
0,0.044316
0,0.036769
0,0.032783
0,0.042087
0,0.037796
0,0.033440
0,0.040317
0,0.034943
1,0.950631
1,0.986270
1,0.952909
1,0.943483
1,0.955789
1,0.968396
1,0.977967
1,0.962722
1,0.911410
1,0.975214
1,0.954594
1,0.944540
1,0.970836
1,0.979326
1,0.980511
1,0.974357
1,0.898907
1,0.953069
1,0.958907
1,0.951023
1,0.953633
1,0.970662
1,0.972332
1,0.955354
1,0.951677
1,0.976630
1,0.962547
1,0.906446
1,0.958421
1,0.947881
1,0.958974
1,0.010975
1,0.020591
1,0.013369
1,0.015717
1,0.017605
1,0.024508
1,0.011643
1,0.013319
1,0.018301
1,0.025426
1,0.017663
1,0.024164
1,0.016817
1,0.028915
1,0.024214
1,0.020659
1,0.020635
1,0.017283
1,0.019341
1,0.040081
1,0.046405
1,0.019200
1,0.020897
1,0.062395
1,0.032212
1,0.029511
1,0.042360
1,0.040902
1,0.031667
1,0.032650
1,0.039206
1,0.039808
1,0.030172
1,0.017521
1,0.021491
1,0.021283
1,0.024977
1,0.014643
1,0.028456
1,0.017112
1,0.025777
1,0.019471
1,0.026808
1,0.021252
1,0.027544
1,0.028370
1,0.034818
1,0.025272
1,0.018319
1,0.019912
1,0.027854
1,0.013689
1,0.029709
1,0.015027
1,0.041032
1,0.019503
1,0.022823
1,0.022343
1,0.020427
1,0.027906
1,0.015976
1,0.016304
1,0.023752
1,0.029524
1,0.024716
1,0.020137
1,0.035459
1,0.019752
1,0.020760
1,0.021653
1,0.015116
1,0.018487
1,0.019878
0,0.031936
0,0.038910
0,0.045966
0,0.049794
0,0.056640
0,0.052278
0,0.031809
0,0.025163
0,0.031546
0,0.021071
0,0.022731
0,0.040796
0,0.032640
0,0.028711
0,0.037113
0,0.025528
0,0.031675
0,0.027273
0,0.038471
0,0.023745
0,0.036367
0,0.035927
0,0.029285
0,0.027514
0,0.048391
0,0.031536
0,0.039336
0,0.026516
0,0.046445
0,0.047169
0,0.042463
0,0.052510
0,0.052679
0,0.035621
0,0.029456
0,0.029811
0,0.036500
0,0.040001
0,0.031704
0,0.028386
0,0.021269
0,0.038480
0,0.047011
0,0.037846
0,0.057718
0,0.034178
0,0.042829
0,0.029080
0,0.032618
0,0.028779
0,0.038534
0,0.044096
0,0.056008
0,0.034633
1,0.036390
1,0.047556
1,0.033396
1,0.031977
1,0.093746
1,0.108808
1,0.068933
1,0.117826
1,0.108784
1,0.065877
1,0.075448
1,0.063708
1,0.061699
1,0.055535
1,0.053106
1,0.076875
1,0.080138
1,0.106161
1,0.078202
1,0.111897
1,0.130160
1,0.040863
1,0.067403
1,0.189630
1,0.061022
1,0.095478
1,0.060453
1,0.085065
1,0.072696
1,0.079617
1,0.043516
1,0.048341
1,0.047924
1,0.068002
1,0.078186
1,0.100206
1,0.081728
1,0.190634
1,0.074787
1,0.066970
1,0.031027
1,0.034067
1,0.019584
1,0.020940
1,0.024292
1,0.035209
1,0.022160
1,0.041179
1,0.060948
1,0.062453
1,0.052400
1,0.054001
1,0.061715
1,0.062395
1,0.054049
1,0.072719
1,0.040533
1,0.054580
1,0.071966
1,0.073798
1,0.066052
1,0.050655
1,0.064185
1,0.044285
1,0.051075
1,0.042388
1,0.086093
1,0.046226
1,0.063285
1,0.034808
1,0.085521
1,0.056415
1,0.058575
1,0.060344
1,0.078602
1,0.071338
1,0.065802
1,0.060307
1,0.061906
1,0.038252
1,0.045501
1,0.058589
1,0.049878
1,0.102852
1,0.028282
1,0.056519
1,0.037384
1,0.028189
1,0.056434
1,0.043962
1,0.047188
1,0.034146
1,0.045027
1,0.034662
1,0.044188
1,0.039341
1,0.039423
1,0.036684
0,0.025916
0,0.025893
0,0.022025
0,0.020595
0,0.020270
0,0.019445
0,0.020450
0,0.019945
0,0.018742
0,0.014790
0,0.019255
0,0.017019
0,0.019200
0,0.022774
0,0.025543
0,0.026770
0,0.027314
0,0.020499
0,0.024964
0,0.016590
0,0.013240
0,0.018400
0,0.022883
0,0.022932
0,0.026800
0,0.022685
0,0.022023
0,0.021639
0,0.018555
0,0.020543
0,0.020647
0,0.019939
0,0.018731
0,0.020141
0,0.026853
0,0.024506
0,0.021054
0,0.015232
0,0.020398
0,0.016073
0,0.021048
0,0.023528
0,0.025948
0,0.018408
0,0.018032
0,0.018705
0,0.020059
0,0.014043
0,0.014987
0,0.019753
0,0.019323
0,0.017832
0,0.015809
0,0.018640
0,0.020034
0,0.018469
0,0.023292
0,0.025296
0,0.020677
0,0.024188
0,0.020731
0,0.013014
0,0.015557
0,0.019571
0,0.017557
0,0.018887
0,0.020874
0,0.018874
0,0.017307
0,0.021525
0,0.018646
0,0.028773
0,0.028105
0,0.023063
0,0.020406
0,0.012770
0,0.019937
0,0.019720
0,0.019018
0,0.023570
0,0.020350
0,0.018852
0,0.021336
0,0.035114
0,0.041458
0,0.026966
0,0.032894
0,0.032731
0,0.033054
0,0.025957
0,0.027229
0,0.041972
0,0.036546
0,0.044498
0,0.048230
0,0.031039
0,0.034944
0,0.023680
0,0.022600
0,0.025992
0,0.034605
0,0.046002
0,0.033819
0,0.039575
0,0.038355
0,0.029161
0,0.040972
0,0.041631
0,0.031730
0,0.027043
0,0.040121
0,0.051586
0,0.049274
0,0.055874
0,0.036072
0,0.029160
0,0.045992
0,0.029171
0,0.028720
0,0.031682
0,0.034450
0,0.030036
0,0.039300
0,0.022953
0,0.035289
0,0.044666
0,0.033685
0,0.046291
0,0.025494
0,0.042013
0,0.040242
0,0.020435
0,0.021136
1,0.648632
1,0.775144
1,0.313280
1,0.331972
1,0.493620
1,0.715944
1,0.923578
1,0.932170
1,0.896037
1,0.954832
1,0.964052
1,0.940613
1,0.735260
1,0.752862
1,0.835325
1,0.776322
1,0.855975
1,0.854673
1,0.920043
1,0.335503
1,0.713560
1,0.845761
1,0.844989
1,0.536388
1,0.830423
1,0.834931
1,0.864183
1,0.449760
1,0.790457
1,0.690717
1,0.912392
1,0.928090
1,0.911373
1,0.934417
1,0.891605
1,0.871388
1,0.355025
1,0.705619
1,0.592603
1,0.271670
1,0.826779
1,0.386369
1,0.767897
1,0.780487
1,0.713953
1,0.801830
1,0.924285
1,0.911612
1,0.947457
1,0.775391
1,0.849530
1,0.684483
1,0.820418
1,0.740733
1,0.425066
1,0.788508
1,0.760792
1,0.872722
1,0.865818
1,0.846653
1,0.849472
1,0.922028
1,0.859828
1,0.901730
1,0.864803
1,0.762016
1,0.924004
1,0.852248
1,0.627350
1,0.877115
1,0.943985
1,0.880507
1,0.922163
1,0.911340
1,0.854179
1,0.879791
1,0.781636
1,0.889461
1,0.792975
1,0.794994
1,0.653477
1,0.616339
1,0.926523
1,0.697151
1,0.880555
1,0.913273
1,0.787299
1,0.809907
1,0.846070
1,0.456614
1,0.808803
1,0.625552
1,0.581204
1,0.649350
1,0.197965
1,0.890847
1,0.842082
1,0.806970
1,0.909244
1,0.281741
1,0.022954
1,0.022512
1,0.025652
1,0.041779
1,0.033031
1,0.058455
1,0.060157
1,0.033784
1,0.021883
1,0.044615
1,0.042196
1,0.094916
1,0.064765
1,0.033807
1,0.033272
1,0.023083
1,0.070930
1,0.048504
1,0.061287
1,0.037456
1,0.033228
1,0.045836
1,0.021323
1,0.027718
1,0.032525
1,0.023137
1,0.022078
1,0.013043
1,0.032685
1,0.037945
1,0.039365
1,0.026217
1,0.019166
1,0.036460
1,0.030883
1,0.028871
1,0.058812
1,0.027279
1,0.039736
1,0.039410
1,0.027830
1,0.057854
1,0.025007
1,0.047213
1,0.046680
1,0.073591
1,0.027210
1,0.034063
1,0.047234
1,0.021205
1,0.026574
1,0.180583
1,0.095121
1,0.055745
1,0.064834
1,0.025484
1,0.046436
1,0.029323
1,0.018035
1,0.034481
1,0.018569
1,0.271158
1,0.032797
1,0.078659
1,0.235715
1,0.042716
1,0.026714
1,0.026047
1,0.027534
1,0.106431
1,0.020140
1,0.034920
1,0.033825
1,0.044480
1,0.039443
1,0.060995
1,0.032480
1,0.033254
1,0.022606
1,0.031918
1,0.122992
1,0.026895
1,0.034434
1,0.020183
0,0.023549
0,0.021475
0,0.050723
0,0.023203
0,0.059068
0,0.034996
0,0.018161
0,0.026924
0,0.020784
0,0.023845
0,0.028427
0,0.030158
0,0.020807
0,0.013917
0,0.016960
0,0.020193
0,0.019949
0,0.024299
0,0.018486
0,0.021051
0,0.017956
0,0.022355
0,0.023369
0,0.021027
0,0.015813
0,0.024634
0,0.019271
0,0.028842
0,0.023922
0,0.028670
0,0.026725
0,0.027721
0,0.023915
0,0.022137
0,0.036478
0,0.018320
0,0.029548
0,0.028434
0,0.021218
0,0.027865
0,0.047914
0,0.029788
0,0.023877
0,0.017837
0,0.017751
0,0.018202
0,0.016559
0,0.017542
0,0.017207
0,0.017660
0,0.016710
0,0.019924
0,0.020510
0,0.021388
0,0.018720
0,0.030686
0,0.024238
0,0.026066
0,0.017931
0,0.020159
0,0.030972
0,0.029438
0,0.022449
0,0.016158
0,0.024880
0,0.022085
0,0.029963
0,0.021149
0,0.022296
0,0.019601
