y_true,y_prob
1,0.511419
1,0.485491
1,0.493563
1,0.505482
1,0.433610
1,0.528677
1,0.488909
1,0.537166
1,0.520150
1,0.511927
1,0.497602
1,0.437452
1,0.426815
1,0.504277
1,0.408637
1,0.433585
1,0.469787
1,0.446443
1,0.482401
1,0.469314
1,0.495666
1,0.548220
1,0.519331
1,0.439802
1,0.527181
1,0.518375
1,0.553549
1,0.483703
1,0.476696
1,0.474708
1,0.500233
1,0.502588
1,0.480004
1,0.534358
1,0.531172
1,0.499406
1,0.468800
1,0.524766
1,0.511200
1,0.504984
1,0.562721
1,0.516902
1,0.543512
1,0.506375
1,0.486498
1,0.496947
1,0.424637
1,0.457425
1,0.427385
1,0.452325
1,0.485606
1,0.518374
1,0.494822
1,0.588650
1,0.463841
1,0.586459
1,0.557373
1,0.579464
1,0.479645
1,0.561521
1,0.551605
1,0.553487
1,0.503832
1,0.580356
1,0.489947
1,0.514634
1,0.527150
1,0.520445
1,0.563941
0,0.407367
0,0.368845
0,0.384314
0,0.393456
0,0.373786
0,0.341063
0,0.329530
0,0.371126
0,0.334871
0,0.365111
0,0.375883
0,0.392242
0,0.409900
0,0.386485
0,0.371357
0,0.367210
0,0.420448
0,0.401223
0,0.406171
0,0.420018
0,0.418388
0,0.409803
0,0.421432
0,0.414566
0,0.430644
0,0.395631
0,0.415233
0,0.395305
0,0.373475
0,0.356640
0,0.358374
0,0.355063
0,0.375674
0,0.351323
0,0.433344
0,0.374981
0,0.364379
0,0.336446
0,0.369783
0,0.346681
0,0.362591
0,0.409460
0,0.353824
0,0.401609
0,0.357639
0,0.326717
0,0.314353
0,0.402056
0,0.369129
0,0.394327
0,0.425916
0,0.424239
0,0.422712
0,0.431292
0,0.480480
0,0.418859
0,0.484857
0,0.450710
0,0.386766
0,0.427886
0,0.442710
0,0.491368
0,0.407730
0,0.369533
0,0.379523
0,0.422230
0,0.410826
0,0.399541
0,0.418839
0,0.444184
0,0.468859
0,0.361374
0,0.358247
0,0.392772
0,0.408136
0,0.348592
0,0.418745
0,0.381113
0,0.428200
0,0.409791
0,0.430685
0,0.400306
0,0.416405
0,0.387147
0,0.407580
0,0.393832
0,0.378284
0,0.373895
0,0.378593
0,0.345577
0,0.315191
0,0.343304
0,0.387398
0,0.374632
0,0.341061
0,0.341998
0,0.382540
0,0.389790
0,0.366234
0,0.331186
0,0.395261
0,0.404782
0,0.405790
0,0.403287
0,0.378301
0,0.375207
0,0.381724
0,0.369328
0,0.378246
0,0.388647
0,0.403726
0,0.384245
0,0.367319
0,0.353689
0,0.349303
0,0.374197
0,0.332907
0,0.342691
0,0.304050
0,0.310970
0,0.321239
0,0.294653
0,0.288939
0,0.306740
0,0.346291
0,0.352081
0,0.324790
0,0.324842
0,0.357728
0,0.361772
0,0.347110
0,0.340936
0,0.374444
0,0.348177
0,0.352482
0,0.324871
0,0.339897
0,0.372400
0,0.396780
0,0.418907
0,0.337979
0,0.389579
0,0.415460
0,0.381982
0,0.398992
0,0.419088
0,0.414253
0,0.457523
0,0.402851
0,0.357769
0,0.409117
0,0.386763
0,0.372496
0,0.387597
0,0.388360
0,0.452468
0,0.370058
0,0.359460
0,0.391502
0,0.347558
0,0.362819
0,0.404787
0,0.401279
0,0.378484
0,0.336958
0,0.367744
0,0.318418
0,0.360731
0,0.349206
0,0.373987
0,0.346776
0,0.357254
0,0.322885
0,0.354245
0,0.352424
0,0.363345
0,0.410240
0,0.389966
0,0.389409
0,0.401816
0,0.375549
0,0.385410
0,0.420004
0,0.392874
0,0.375262
0,0.415163
0,0.385647
0,0.371251
0,0.395543
0,0.365585
0,0.363048
0,0.388137
0,0.382914
0,0.395231
0,0.401956
0,0.427709
0,0.432765
0,0.373227
0,0.432147
0,0.379596
1,0.298090
1,0.324201
1,0.299816
1,0.351247
1,0.312720
1,0.309362
1,0.357431
1,0.325281
1,0.309398
1,0.353962
1,0.357468
1,0.341683
1,0.350842
1,0.366706
1,0.341923
1,0.312402
1,0.344790
1,0.315483
1,0.327063
1,0.306304
1,0.327925
1,0.329562
1,0.308381
1,0.301241
1,0.338922
1,0.336369
1,0.337642
1,0.329759
1,0.358997
1,0.324179
1,0.299111
1,0.367083
1,0.357579
1,0.307207
1,0.349448
1,0.303289
1,0.340889
1,0.342217
1,0.383406
1,0.279888
1,0.335084
1,0.396327
1,0.375156
1,0.405169
1,0.365350
1,0.385693
1,0.342980
1,0.343345
1,0.348153
1,0.382669
1,0.355744
1,0.339392
1,0.319627
1,0.347777
1,0.367507
1,0.408426
1,0.330210
1,0.349872
1,0.388389
1,0.338681
1,0.323251
1,0.329555
0,0.456864
0,0.433075
0,0.524602
0,0.559110
0,0.539833
0,0.507060
0,0.546150
0,0.570725
0,0.538032
0,0.538755
0,0.535711
0,0.521568
0,0.514400
0,0.514768
0,0.504249
0,0.489320
0,0.489352
0,0.600289
0,0.559633
0,0.511779
0,0.521550
0,0.519275
0,0.506520
0,0.511571
0,0.595475
0,0.557583
0,0.561579
0,0.577983
0,0.533713
0,0.525988
0,0.530698
0,0.541636
0,0.538915
0,0.499799
0,0.520321
0,0.528313
0,0.606890
0,0.612401
0,0.628800
0,0.593946
0,0.560672
0,0.549349
0,0.551286
0,0.561961
0,0.604048
0,0.553294
0,0.614880
0,0.587860
0,0.585662
0,0.588011
0,0.592708
0,0.567378
0,0.580220
0,0.598692
0,0.634794
0,0.564423
0,0.574728
0,0.591767
0,0.591366
0,0.626737
0,0.569365
0,0.546851
0,0.577441
0,0.600614
0,0.637633
0,0.640526
0,0.579316
0,0.607025
0,0.605163
0,0.726431
0,0.555525
0,0.644145
0,0.664179
0,0.689716
0,0.600294
0,0.570334
0,0.602622
0,0.586585
0,0.614407
0,0.574024
0,0.569120
0,0.637684
0,0.570934
0,0.692294
0,0.631326
0,0.576951
0,0.661697
0,0.718149
0,0.691274
0,0.735903
0,0.633544
0,0.705492
0,0.710932
0,0.651781
0,0.664836
0,0.633016
0,0.689618
0,0.660688
0,0.609531
0,0.625308
0,0.629736
0,0.703853
0,0.658111
0,0.660466
0,0.635002
0,0.700060
0,0.682978
0,0.617476
0,0.602409
0,0.602805
0,0.635041
0,0.588676
0,0.560525
0,0.649601
0,0.709526
0,0.636434
0,0.630950
0,0.682956
0,0.478003
0,0.500704
0,0.514925
0,0.466066
0,0.557812
0,0.499882
0,0.422675
0,0.545739
0,0.500851
0,0.527906
0,0.488863
0,0.542160
0,0.550509
0,0.575580
0,0.421709
0,0.532331
0,0.526478
0,0.456072
0,0.518382
0,0.525148
0,0.487856
0,0.510333
0,0.560374
0,0.489373
0,0.561339
0,0.441635
0,0.460944
0,0.573045
0,0.528207
0,0.549762
0,0.449436
0,0.520849
0,0.520516
0,0.610838
0,0.504761
0,0.442601
0,0.527921
0,0.606102
0,0.458019
0,0.543675
0,0.560272
0,0.509220
0,0.568704
0,0.577900
0,0.613551
0,0.622422
0,0.523861
0,0.619291
0,0.538056
0,0.536092
0,0.512876
0,0.555265
0,0.634145
0,0.578793
0,0.478378
0,0.526186
0,0.585578
0,0.572913
0,0.458084
0,0.575059
0,0.518544
0,0.589514
0,0.494761
0,0.549019
0,0.507500
0,0.540035
0,0.511969
0,0.594542
0,0.523028
0,0.557037
0,0.539555
0,0.583762
0,0.537074
0,0.577282
0,0.532292
0,0.536133
0,0.567770
0,0.527599
0,0.531753
0,0.576322
0,0.647742
0,0.554122
0,0.591166
0,0.569543
0,0.571155
0,0.545358
0,0.580299
0,0.628800
0,0.566114
0,0.515382
0,0.548682
0,0.583686
0,0.629169
0,0.490546
0,0.573180
0,0.612205
0,0.577491
0,0.579652
0,0.584100
0,0.601984
0,0.570543
0,0.545539
0,0.551776
0,0.661750
0,0.511679
0,0.596289
0,0.631645
0,0.531515
0,0.577933
0,0.516482
0,0.606776
0,0.658866
0,0.607435
0,0.618690
0,0.580760
0,0.556135
0,0.580376
0,0.602202
0,0.632518
0,0.565491
0,0.549686
0,0.641270
0,0.637749
0,0.599088
0,0.595917
0,0.633987
0,0.695535
0,0.637524
0,0.658910
0,0.476948
0,0.526393
0,0.574442
0,0.564783
0,0.584184
0,0.617929
0,0.536754
0,0.501786
0,0.479354
0,0.462334
0,0.384161
0,0.508571
0,0.480721
0,0.479217
0,0.426859
0,0.517049
0,0.512031
0,0.448348
0,0.440970
0,0.440707
0,0.506412
0,0.442197
0,0.426146
0,0.462774
0,0.433410
0,0.502692
0,0.391524
0,0.445201
0,0.475707
0,0.510277
0,0.547072
0,0.470707
0,0.533394
0,0.545790
0,0.576356
0,0.554672
0,0.537757
0,0.518717
0,0.543005
0,0.526148
0,0.588300
0,0.546037
0,0.544337
0,0.541041
0,0.587012
0,0.558989
0,0.532204
0,0.597361
0,0.596671
0,0.556104
0,0.558728
0,0.618670
0,0.480980
0,0.599204
0,0.505450
0,0.572321
0,0.621543
0,0.615114
0,0.629159
0,0.644858
0,0.677700
0,0.715560
0,0.668243
0,0.475800
0,0.667168
0,0.636941
0,0.643577
0,0.666316
0,0.578469
0,0.657580
0,0.634421
1,0.491226
1,0.562040
1,0.527524
1,0.595522
1,0.535263
1,0.577638
1,0.536325
1,0.496669
1,0.458803
1,0.486537
1,0.484448
1,0.479126
1,0.467924
1,0.428246
1,0.448205
1,0.430922
1,0.495254
1,0.518135
1,0.544540
1,0.530742
1,0.508255
1,0.484235
1,0.448844
1,0.444795
1,0.594030
1,0.591555
1,0.509581
1,0.373398
1,0.446879
1,0.501468
1,0.530627
1,0.454663
1,0.494113
1,0.488564
1,0.524491
1,0.448138
1,0.441617
1,0.426781
1,0.522173
1,0.603619
1,0.462814
1,0.483045
1,0.500517
1,0.427428
1,0.456411
1,0.484408
1,0.479698
1,0.513952
1,0.545381
1,0.460487
1,0.527540
1,0.504218
1,0.458452
1,0.526030
1,0.512655
1,0.493359
1,0.471434
1,0.467239
1,0.468044
1,0.506542
1,0.418711
1,0.499190
1,0.518584
1,0.480382
1,0.390629
1,0.445233
1,0.411829
1,0.467693
1,0.490246
1,0.534388
1,0.520332
1,0.521575
1,0.610283
1,0.474630
1,0.500918
1,0.422443
1,0.429890
1,0.445285
1,0.443869
1,0.396867
1,0.430071
1,0.497039
1,0.490802
1,0.543938
1,0.480603
1,0.478666
1,0.444935
1,0.450901
1,0.454595
1,0.479660
1,0.644425
1,0.558568
1,0.496158
1,0.493446
1,0.489819
1,0.428328
1,0.477735
1,0.395813
1,0.466732
1,0.507297
0,0.557163
0,0.635333
0,0.514887
0,0.461716
0,0.506373
0,0.542901
0,0.503109
0,0.509338
0,0.568137
0,0.471506
0,0.561598
0,0.538406
0,0.550399
0,0.551581
0,0.460034
0,0.544700
0,0.629654
0,0.511288
0,0.576536
0,0.552311
0,0.636067
0,0.625666
0,0.668307
0,0.607823
0,0.598431
0,0.541145
0,0.662639
0,0.546540
0,0.488691
0,0.556325
0,0.562277
0,0.519843
0,0.414690
0,0.496034
0,0.414449
0,0.560357
0,0.644216
0,0.619530
0,0.590499
0,0.590764
0,0.520199
0,0.601375
0,0.605813
0,0.575739
0,0.548340
0,0.554336
0,0.553351
0,0.549671
0,0.526254
0,0.537838
0,0.642174
0,0.667091
0,0.656386
0,0.624671
0,0.539121
0,0.572845
0,0.607246
0,0.583943
0,0.480833
0,0.534662
0,0.540872
0,0.584675
0,0.542039
0,0.586688
0,0.485163
0,0.618661
0,0.571517
0,0.548141
0,0.576490
0,0.617689
0,0.602200
0,0.521291
0,0.542057
0,0.662944
0,0.560454
0,0.585187
0,0.622152
0,0.595555
0,0.529135
0,0.577500
0,0.572721
0,0.600208
0,0.620075
0,0.584771
0,0.627297
0,0.572236
0,0.563673
0,0.614394
0,0.507119
0,0.537940
0,0.571744
0,0.539212
0,0.585644
0,0.564181
0,0.554601
0,0.577426
0,0.629452
0,0.587247
0,0.613538
0,0.542990
0,0.638746
0,0.676332
0,0.751189
0,0.705714
0,0.612141
0,0.662355
0,0.639813
0,0.627668
0,0.669402
0,0.729348
0,0.711649
0,0.732362
0,0.731384
0,0.695301
0,0.669788
0,0.697719
0,0.590182
0,0.643237
0,0.620378
0,0.586419
0,0.609213
0,0.622949
0,0.656651
0,0.581627
0,0.666026
0,0.624597
0,0.684420
0,0.720479
0,0.589058
0,0.571420
0,0.639303
0,0.600734
0,0.607924
0,0.560892
0,0.659832
0,0.704900
0,0.674363
0,0.593645
0,0.590593
0,0.600245
0,0.636883
0,0.630980
0,0.618939
0,0.654017
0,0.622347
0,0.587251
0,0.611047
0,0.674824
0,0.616611
0,0.642128
0,0.641738
0,0.648268
0,0.601173
0,0.692366
0,0.633422
0,0.654179
0,0.685309
0,0.682444
0,0.707841
0,0.544387
0,0.620636
0,0.670467
0,0.678251
0,0.630847
0,0.687812
0,0.702332
0,0.672860
0,0.622144
0,0.703000
0,0.609688
0,0.650222
0,0.559425
0,0.603202
0,0.563141
0,0.641363
0,0.687432
0,0.622550
0,0.731417
0,0.683910
0,0.691521
0,0.675476
0,0.721067
0,0.686704
0,0.646435
0,0.633128
0,0.696405
0,0.626866
0,0.742414
0,0.704291
0,0.726570
0,0.606294
0,0.677746
0,0.617732
0,0.601010
0,0.626614
0,0.644846
0,0.676202
0,0.697021
0,0.672092
0,0.751246
0,0.637002
0,0.708202
0,0.623603
0,0.611368
0,0.607082
0,0.638360
0,0.602022
0,0.662054
0,0.586239
0,0.528807
0,0.514869
0,0.620550
0,0.612262
0,0.676220
0,0.550228
0,0.535861
0,0.495148
0,0.518868
0,0.450860
0,0.579730
0,0.599287
0,0.421454
0,0.596303
0,0.558071
0,0.594027
0,0.570836
0,0.642626
0,0.568052
0,0.651692
0,0.615115
0,0.569665
0,0.568938
0,0.517475
0,0.558086
0,0.506233
0,0.524012
0,0.602042
0,0.541171
0,0.495147
0,0.696344
0,0.580262
0,0.590402
0,0.675492
0,0.572794
0,0.568337
0,0.646457
0,0.407091
0,0.575549
0,0.592194
0,0.586319
0,0.423622
0,0.598820
0,0.538659
0,0.574170
0,0.613398
0,0.649144
0,0.637752
0,0.527485
0,0.634752
0,0.443740
0,0.476755
0,0.494931
0,0.555910
0,0.595866
0,0.625615
0,0.621064
0,0.618545
0,0.595460
0,0.618622
0,0.597153
0,0.613693
0,0.547667
0,0.616275
0,0.563869
0,0.673793
0,0.522508
0,0.607056
0,0.537010
0,0.519974
0,0.556379
0,0.555273
0,0.640584
0,0.682225
0,0.523507
0,0.635380
0,0.561178
0,0.623602
0,0.480720
0,0.559049
0,0.485068
0,0.447842
0,0.523981
0,0.575042
0,0.599069
0,0.568645
0,0.624047
0,0.576187
0,0.583786
0,0.697818
0,0.588562
0,0.523871
0,0.564148
0,0.525544
0,0.701646
0,0.645385
0,0.565001
0,0.566805
0,0.570605
0,0.536138
0,0.600034
0,0.737103
0,0.589429
0,0.526866
0,0.532274
0,0.530283
0,0.541207
0,0.560606
0,0.650037
0,0.565761
0,0.593428
0,0.577241
0,0.537455
0,0.555841
0,0.646472
0,0.579905
0,0.608320
0,0.593982
0,0.729676
0,0.641696
0,0.561558
0,0.549193
0,0.575654
0,0.579579
0,0.586747
0,0.590813
0,0.756922
0,0.598234
0,0.581978
0,0.710405
0,0.610626
0,0.575383
0,0.599488
0,0.757012
0,0.645190
0,0.599728
0,0.636512
0,0.592462
0,0.594958
0,0.556352
0,0.674149
0,0.578395
0,0.588855
0,0.577246
0,0.526395
0,0.578030
0,0.597503
0,0.604149
0,0.715411
0,0.595937
0,0.582387
0,0.589764
0,0.602947
0,0.541294
0,0.570716
0,0.587341
0,0.520237
0,0.630431
0,0.606362
0,0.543037
0,0.578493
0,0.603549
0,0.680709
0,0.668962
0,0.605804
0,0.602464
0,0.595553
0,0.612392
0,0.584253
0,0.597227
0,0.720506
0,0.634602
0,0.555563
0,0.548928
0,0.581141
0,0.586295
0,0.594406
0,0.597611
0,0.711644
0,0.591344
0,0.586154
0,0.613766
0,0.743244
0,0.637797
0,0.564281
0,0.621127
0,0.559359
1,0.592672
1,0.555800
1,0.561706
1,0.559057
1,0.564050
1,0.560366
1,0.524202
1,0.544131
1,0.474329
1,0.484447
1,0.514646
1,0.556794
1,0.530980
1,0.606968
1,0.574028
1,0.580065
1,0.507062
1,0.531725
1,0.512721
1,0.482161
1,0.529391
1,0.535020
1,0.588667
1,0.528526
1,0.523198
1,0.486770
1,0.468513
1,0.502261
1,0.518075
1,0.502213
1,0.512784
1,0.579592
1,0.547249
1,0.597061
1,0.546290
1,0.480817
1,0.511595
1,0.493635
1,0.593267
1,0.540250
1,0.528826
1,0.548621
1,0.507761
1,0.540903
1,0.522212
1,0.613842
1,0.578989
1,0.559548
1,0.537474
1,0.561989
1,0.549895
1,0.526019
1,0.547887
1,0.565503
1,0.563654
1,0.487398
1,0.564924
1,0.534830
1,0.561250
1,0.524647
1,0.533900
1,0.498509
1,0.593181
1,0.549967
1,0.532235
1,0.541631
1,0.545346
1,0.530772
1,0.502840
1,0.578491
1,0.483156
1,0.517607
1,0.535274
1,0.552077
1,0.582807
1,0.583311
1,0.584587
1,0.482729
1,0.503217
1,0.447452
1,0.501707
1,0.473515
1,0.476698
1,0.502896
1,0.489866
1,0.575800
1,0.506639
1,0.520217
1,0.510388
1,0.535751
1,0.518669
1,0.505541
1,0.573076
1,0.560815
1,0.524352
1,0.520413
1,0.540392
1,0.539755
1,0.511996
1,0.508055
0,0.538535
0,0.472117
0,0.486255
0,0.520284
0,0.553074
0,0.480349
0,0.466534
0,0.481526
0,0.502599
0,0.462703
0,0.492579
0,0.486663
0,0.490465
0,0.535111
0,0.504822
0,0.515228
0,0.495322
0,0.541210
0,0.534147
0,0.483623
0,0.441707
0,0.454155
0,0.410101
0,0.517889
0,0.536764
0,0.479280
0,0.526123
0,0.443506
0,0.476305
0,0.511357
0,0.474011
0,0.455959
0,0.480506
0,0.510473
0,0.530721
0,0.562155
0,0.518599
0,0.552480
0,0.461113
0,0.498867
0,0.487057
0,0.464524
0,0.531365
0,0.454071
0,0.516863
0,0.501301
0,0.561712
0,0.506771
0,0.492994
0,0.529936
0,0.445050
0,0.520827
0,0.556187
0,0.491443
0,0.520571
0,0.479350
0,0.441564
0,0.482056
0,0.467023
0,0.422989
0,0.471764
0,0.498041
0,0.451569
0,0.443291
0,0.552406
0,0.533308
0,0.471731
0,0.497208
0,0.529267
0,0.510840
0,0.446744
0,0.510393
0,0.518218
0,0.553088
1,0.526629
1,0.648361
1,0.502160
1,0.481970
1,0.618894
1,0.602688
1,0.597637
1,0.629032
1,0.599798
1,0.650128
1,0.527214
1,0.489152
1,0.584085
1,0.594161
1,0.610755
1,0.516313
1,0.553328
1,0.492825
1,0.648487
1,0.577676
1,0.570215
1,0.521707
1,0.566817
1,0.594359
1,0.591258
1,0.592393
1,0.613012
1,0.458186
1,0.631705
1,0.537970
1,0.630448
1,0.663716
1,0.636703
1,0.597905
1,0.593980
1,0.609974
1,0.655322
1,0.652203
1,0.652461
1,0.563493
1,0.552930
1,0.612435
1,0.563596
1,0.606501
1,0.549968
1,0.568199
1,0.576490
1,0.600437
1,0.569797
1,0.479623
1,0.453984
1,0.588006
1,0.519047
1,0.568453
1,0.546056
1,0.600254
1,0.584377
1,0.587705
1,0.590764
1,0.670322
1,0.656400
1,0.572558
1,0.560623
1,0.532207
1,0.588850
1,0.598132
1,0.604559
1,0.580767
1,0.550549
1,0.571195
1,0.598897
1,0.545036
1,0.501055
1,0.549904
1,0.554889
1,0.585450
1,0.590906
1,0.608546
1,0.547750
1,0.562541
1,0.533365
1,0.582743
1,0.601525
1,0.638034
1,0.532577
1,0.543739
1,0.568370
1,0.607423
1,0.550292
1,0.565313
1,0.611784
1,0.617623
1,0.566630
1,0.578991
1,0.526955
1,0.513516
1,0.555316
1,0.571762
1,0.554381
1,0.613130
1,0.575335
1,0.589748
1,0.572606
1,0.585193
1,0.626364
1,0.631471
1,0.613103
1,0.601136
1,0.557700
1,0.581163
1,0.567124
1,0.544151
1,0.596628
1,0.534070
1,0.533636
1,0.469247
1,0.591737
1,0.542051
1,0.511656
1,0.523077
1,0.507090
1,0.603279
1,0.601331
1,0.541607
1,0.564032
1,0.582730
1,0.573041
1,0.527913
1,0.550538
1,0.602212
1,0.579274
1,0.606918
1,0.579160
1,0.571424
1,0.554936
1,0.516663
1,0.544802
1,0.487854
1,0.534498
1,0.533629
1,0.539987
1,0.494312
1,0.573231
1,0.552327
1,0.507683
1,0.556472
1,0.473883
1,0.518077
1,0.504357
1,0.520154
1,0.548862
1,0.549888
1,0.494066
1,0.550980
1,0.506317
1,0.615986
1,0.576248
1,0.589170
1,0.546049
1,0.557531
1,0.575150
1,0.593198
1,0.555543
1,0.567521
1,0.545441
1,0.545367
1,0.541120
1,0.553095
1,0.567619
1,0.594087
1,0.554569
1,0.570228
1,0.587307
1,0.551890
1,0.605295
1,0.581845
1,0.514985
1,0.582633
1,0.497968
1,0.481829
1,0.600937
1,0.582568
1,0.569755
1,0.552412
1,0.534810
1,0.485836
1,0.590755
1,0.523685
1,0.557241
1,0.521015
1,0.537355
1,0.555587
1,0.566307
1,0.557855
1,0.541152
1,0.511417
1,0.564226
1,0.539217
1,0.555803
1,0.540202
1,0.525411
1,0.547672
1,0.595983
1,0.522635
1,0.593429
1,0.548960
1,0.536975
1,0.556602
1,0.533413
1,0.539337
1,0.582518
1,0.560305
1,0.574866
1,0.585344
1,0.557492
1,0.530334
1,0.527603
1,0.543175
1,0.559340
1,0.612281
1,0.567054
1,0.606960
1,0.610379
1,0.531046
1,0.579971
1,0.535454
1,0.499876
1,0.571361
1,0.512143
1,0.563566
1,0.570002
1,0.610353
1,0.541910
1,0.569906
1,0.542675
1,0.557218
1,0.555181
1,0.553171
1,0.599349
1,0.605131
1,0.546307
1,0.571032
1,0.576958
1,0.585345
1,0.520487
1,0.528607
1,0.517134
1,0.543407
1,0.565493
1,0.603586
1,0.576424
1,0.574080
1,0.578196
1,0.556885
1,0.584731
1,0.506581
1,0.533607
1,0.498617
1,0.393867
1,0.344591
1,0.393389
1,0.384344
1,0.419303
1,0.383599
1,0.392707
1,0.425698
1,0.396165
1,0.404361
1,0.379718
1,0.385421
1,0.399290
1,0.386989
1,0.384204
1,0.382982
1,0.383245
1,0.363638
1,0.392160
1,0.375433
1,0.371331
1,0.370169
1,0.398636
1,0.404032
1,0.402182
1,0.414525
1,0.361455
1,0.388714
1,0.396566
1,0.378665
1,0.388909
1,0.389351
1,0.417103
1,0.390914
1,0.367232
1,0.402530
1,0.381205
1,0.403183
1,0.385027
1,0.387113
1,0.371871
1,0.371286
1,0.343913
1,0.375923
1,0.339509
1,0.355118
1,0.441782
1,0.370716
1,0.362432
1,0.365476
1,0.367824
1,0.358130
1,0.384514
1,0.400611
1,0.393744
1,0.417318
1,0.410014
1,0.419570
1,0.434057
1,0.465130
1,0.401966
1,0.397945
1,0.440186
1,0.421086
1,0.436205
1,0.420392
1,0.407556
1,0.400922
1,0.416050
1,0.415082
1,0.403015
1,0.386108
1,0.411938
1,0.427293
1,0.417343
1,0.419506
1,0.388099
1,0.393437
1,0.403143
1,0.401599
1,0.393063
1,0.409594
1,0.388269
1,0.416721
1,0.416205
1,0.403609
1,0.419317
1,0.381412
1,0.406081
1,0.398005
1,0.401389
1,0.425062
1,0.418948
1,0.396113
1,0.391697
1,0.434389
1,0.412461
1,0.404016
1,0.411012
1,0.395313
1,0.410270
1,0.401387
1,0.421791
1,0.410843
1,0.407734
1,0.399290
1,0.423236
1,0.404164
1,0.429569
1,0.388693
1,0.390515
1,0.411019
1,0.392199
1,0.403367
1,0.386312
1,0.386327
1,0.425161
1,0.407481
1,0.410020
1,0.391279
1,0.417768
1,0.435216
1,0.412081
1,0.416054
1,0.428305
1,0.406269
1,0.384049
1,0.392011
1,0.398205
1,0.392697
1,0.397725
1,0.388433
1,0.413902
1,0.414938
1,0.412947
1,0.405884
1,0.397560
1,0.400521
1,0.393392
1,0.408219
1,0.412943
1,0.395568
1,0.491782
1,0.422778
1,0.374211
1,0.406562
1,0.375709
1,0.494371
1,0.344326
1,0.514292
1,0.435660
1,0.423402
1,0.400694
1,0.433504
1,0.437246
1,0.434940
1,0.362404
1,0.480821
1,0.433916
1,0.420368
1,0.441388
1,0.409010
1,0.409947
1,0.428518
1,0.417741
1,0.357624
1,0.350039
1,0.387103
1,0.393211
1,0.366427
1,0.506621
1,0.358027
1,0.461590
1,0.400591
1,0.343856
1,0.323969
1,0.412457
1,0.291783
1,0.362630
1,0.450002
1,0.322643
1,0.387762
1,0.393086
1,0.369474
1,0.341612
1,0.341500
1,0.374535
1,0.369590
1,0.361029
1,0.374888
1,0.392548
1,0.376612
1,0.369371
1,0.393310
1,0.344245
1,0.348075
1,0.327616
1,0.356709
1,0.392631
1,0.393117
1,0.402146
1,0.402898
1,0.362439
1,0.388712
1,0.358181
1,0.338855
1,0.359836
1,0.370412
1,0.341189
1,0.388926
1,0.359005
1,0.372040
1,0.347928
1,0.357098
1,0.349562
1,0.321799
1,0.378260
1,0.354821
1,0.612274
1,0.641672
1,0.650704
1,0.632813
1,0.586862
1,0.572653
1,0.572688
1,0.565665
1,0.603249
1,0.647703
1,0.652600
1,0.584001
1,0.561927
1,0.614620
1,0.581089
1,0.623328
1,0.600343
1,0.596487
1,0.634257
1,0.666455
1,0.647183
1,0.626027
1,0.717577
1,0.603591
1,0.604049
1,0.697591
1,0.625721
1,0.570838
1,0.605613
1,0.592280
1,0.619137
1,0.624701
1,0.636207
1,0.651031
1,0.766747
1,0.676481
1,0.669829
1,0.626567
1,0.655220
1,0.634654
1,0.668674
1,0.656989
1,0.669505
1,0.666104
1,0.632375
1,0.612507
1,0.648416
1,0.613400
1,0.557556
1,0.600715
1,0.684851
1,0.610303
1,0.565451
1,0.598558
1,0.537503
0,0.446099
0,0.458962
0,0.468805
0,0.483005
0,0.448935
0,0.492261
0,0.462195
0,0.445757
0,0.462980
0,0.453037
0,0.450404
0,0.464626
0,0.452646
0,0.445842
0,0.459317
0,0.467580
0,0.462262
0,0.445477
0,0.437196
0,0.438017
0,0.478593
0,0.485168
0,0.473153
0,0.477733
0,0.442030
0,0.507075
0,0.483444
0,0.478683
0,0.457409
0,0.473025
0,0.488209
0,0.494388
0,0.489484
0,0.470390
0,0.448605
0,0.456810
0,0.456695
0,0.456254
0,0.455993
0,0.457161
0,0.494732
0,0.492825
0,0.488260
0,0.455424
0,0.478660
0,0.483991
0,0.464876
0,0.483931
0,0.458391
0,0.446962
0,0.424393
0,0.466572
0,0.449868
0,0.490496
0,0.461748
0,0.445854
0,0.437861
0,0.457684
0,0.507019
0,0.487044
0,0.494170
0,0.474919
0,0.475686
0,0.476383
0,0.427913
0,0.456603
0,0.470830
0,0.458222
0,0.458990
0,0.484193
0,0.457904
0,0.499973
0,0.465268
0,0.462592
0,0.481330
0,0.474781
0,0.448674
0,0.461907
0,0.502023
0,0.455458
0,0.460355
0,0.457537
0,0.443217
0,0.453463
0,0.474930
0,0.453425
0,0.455641
0,0.499144
0,0.482459
0,0.488718
0,0.466495
0,0.564718
0,0.570778
0,0.580002
0,0.517511
0,0.466558
0,0.569309
0,0.570917
0,0.398537
0,0.540952
0,0.578131
0,0.550039
0,0.394053
0,0.388607
0,0.417733
0,0.405963
0,0.580112
0,0.576694
0,0.594850
0,0.610760
0,0.557305
0,0.579265
0,0.560649
0,0.459896
0,0.602129
0,0.587945
0,0.582128
0,0.585360
0,0.565459
0,0.385200
0,0.534682
0,0.403051
0,0.594984
0,0.446498
0,0.446831
0,0.528750
0,0.433362
0,0.462336
0,0.407436
0,0.496233
0,0.493544
0,0.489414
0,0.481898
0,0.451580
0,0.509921
0,0.550168
0,0.518559
0,0.538649
0,0.545108
0,0.551394
0,0.541625
0,0.435514
0,0.516103
0,0.458693
0,0.464613
0,0.563493
0,0.544803
0,0.557790
0,0.514846
0,0.485687
0,0.537988
0,0.497360
0,0.525705
0,0.426776
0,0.494386
0,0.463289
0,0.505142
0,0.509050
0,0.559435
0,0.485543
0,0.525145
0,0.612522
0,0.474741
0,0.449748
0,0.503759
0,0.510713
0,0.506829
0,0.523895
0,0.552782
0,0.484925
0,0.599133
0,0.447802
0,0.446035
0,0.501316
0,0.468177
0,0.548886
0,0.535171
0,0.512573
0,0.536852
0,0.566357
0,0.532713
0,0.507004
0,0.513603
0,0.505506
0,0.480845
0,0.518131
0,0.487148
0,0.495056
0,0.518070
0,0.459089
0,0.497478
1,0.436897
1,0.396864
1,0.492991
1,0.430994
1,0.462307
1,0.481731
1,0.434630
1,0.521844
1,0.446413
1,0.516206
1,0.471480
1,0.512657
1,0.493103
1,0.512676
1,0.479954
1,0.515268
1,0.421321
1,0.455906
1,0.491621
1,0.554623
1,0.490965
1,0.505617
1,0.482274
1,0.557512
1,0.512239
1,0.504806
1,0.516622
1,0.553074
1,0.520284
1,0.538996
1,0.520421
1,0.527869
1,0.524501
1,0.554617
1,0.494387
1,0.520264
1,0.460976
1,0.466421
1,0.498359
1,0.512433
1,0.534675
1,0.528350
1,0.496393
1,0.524467
1,0.520506
1,0.502151
1,0.445363
1,0.481069
1,0.528925
1,0.528897
1,0.515256
1,0.473337
1,0.517457
1,0.488497
1,0.469538
1,0.483498
1,0.489093
1,0.505691
1,0.483859
1,0.516416
1,0.537674
1,0.516589
1,0.508379
1,0.534478
1,0.498095
1,0.504348
1,0.496105
1,0.455719
1,0.530046
1,0.552131
1,0.503492
1,0.539763
1,0.485053
1,0.505920
1,0.556040
1,0.537484
1,0.526210
1,0.564557
1,0.475412
1,0.459031
1,0.487208
1,0.532603
1,0.562800
1,0.567203
1,0.514959
1,0.566831
1,0.585649
1,0.550893
1,0.537816
1,0.528427
1,0.530728
1,0.566585
1,0.584458
1,0.563960
1,0.542077
1,0.540329
1,0.555413
1,0.538883
1,0.608881
1,0.581241
1,0.631518
1,0.651435
1,0.618210
1,0.682388
1,0.618816
1,0.666835
1,0.688438
1,0.628752
1,0.654177
1,0.657431
1,0.650776
1,0.609262
1,0.655911
1,0.674817
1,0.644806
1,0.671156
1,0.657065
1,0.634250
1,0.669501
1,0.675873
1,0.636153
1,0.663957
1,0.647807
1,0.645307
1,0.630419
1,0.688735
1,0.649184
1,0.648942
1,0.613532
1,0.642443
1,0.622073
1,0.640480
1,0.619470
1,0.624116
1,0.649226
1,0.621225
1,0.615197
1,0.641191
1,0.659561
1,0.663104
1,0.635249
1,0.706243
1,0.659473
1,0.672283
1,0.646062
1,0.661922
1,0.663789
1,0.660886
1,0.618189
1,0.643957
1,0.676116
1,0.652221
1,0.649728
1,0.603517
1,0.688219
1,0.667697
1,0.687375
1,0.655896
1,0.624546
1,0.703677
1,0.656037
1,0.685509
1,0.561564
1,0.521041
1,0.539395
1,0.522343
1,0.532152
1,0.538925
1,0.489818
1,0.506644
1,0.519777
1,0.534471
1,0.496955
1,0.527878
1,0.543192
1,0.533406
1,0.550968
1,0.559287
1,0.527488
1,0.535029
1,0.528433
1,0.533150
1,0.522580
1,0.528232
1,0.533430
1,0.539113
1,0.559242
1,0.551298
1,0.572581
1,0.586206
1,0.547116
1,0.565430
1,0.550083
1,0.544718
1,0.523923
1,0.542395
1,0.551354
1,0.582078
1,0.562480
1,0.585447
1,0.609412
1,0.537363
1,0.584048
1,0.531848
1,0.583696
1,0.501794
1,0.485417
1,0.491488
1,0.480890
1,0.543879
1,0.512471
1,0.507006
1,0.512887
1,0.523963
1,0.546183
1,0.536785
1,0.551376
1,0.519323
1,0.536566
1,0.537057
1,0.515635
1,0.479544
1,0.610916
1,0.595151
1,0.544871
1,0.541964
1,0.543841
1,0.558601
1,0.591283
1,0.523938
1,0.546861
1,0.552391
1,0.549728
1,0.589877
1,0.516121
1,0.541139
1,0.541347
1,0.539444
1,0.544481
1,0.494506
1,0.499575
1,0.554415
1,0.551459
1,0.547729
1,0.560936
1,0.590152
1,0.573725
1,0.504616
1,0.533588
1,0.574680
1,0.631136
1,0.369958
1,0.466071
1,0.572411
1,0.485108
1,0.464696
1,0.492536
1,0.499728
1,0.557872
1,0.540523
1,0.520557
1,0.484075
1,0.526645
1,0.493035
1,0.445404
1,0.514113
1,0.416660
1,0.540457
1,0.434576
1,0.524975
1,0.411449
1,0.499004
1,0.510005
1,0.517774
1,0.480310
1,0.539024
1,0.493311
1,0.470713
1,0.558310
1,0.531172
1,0.494859
1,0.482214
1,0.509100
1,0.522491
1,0.555627
1,0.515979
1,0.510194
1,0.426301
1,0.495687
1,0.458368
1,0.494311
1,0.453955
1,0.468268
1,0.402044
1,0.461455
1,0.395896
1,0.425155
1,0.465593
1,0.475034
1,0.416473
1,0.393911
1,0.360518
1,0.523467
1,0.530197
1,0.496621
1,0.452465
1,0.504060
1,0.444930
1,0.404276
1,0.419420
1,0.435868
1,0.465121
1,0.477902
1,0.541056
1,0.412973
1,0.485061
1,0.372427
1,0.557157
1,0.367869
1,0.482895
1,0.549340
1,0.397108
1,0.558693
1,0.550155
1,0.519301
1,0.468724
1,0.432553
1,0.435695
1,0.379785
1,0.442731
1,0.405627
1,0.385898
1,0.462483
1,0.373479
1,0.372701
1,0.403096
1,0.573323
1,0.610403
1,0.589394
1,0.413396
1,0.485978
1,0.441409
1,0.512826
1,0.433447
1,0.579525
1,0.532237
1,0.458901
1,0.539855
1,0.416316
1,0.403168
1,0.454803
1,0.614563
1,0.608764
1,0.608474
1,0.653745
1,0.611262
1,0.648728
1,0.587614
1,0.608843
1,0.632394
1,0.630310
1,0.634429
1,0.582448
1,0.627559
1,0.634059
1,0.628829
1,0.606308
1,0.634500
1,0.639975
1,0.607902
1,0.692112
1,0.685053
1,0.680845
1,0.725348
1,0.649482
1,0.686626
1,0.680551
1,0.638099
1,0.653031
1,0.640656
1,0.647216
1,0.644599
1,0.631618
1,0.654874
1,0.646983
1,0.649347
1,0.617298
1,0.653332
1,0.624725
1,0.676604
1,0.631441
1,0.624838
1,0.620497
1,0.621460
1,0.608242
1,0.592511
1,0.582092
1,0.613800
1,0.684781
1,0.758024
1,0.700007
1,0.711800
1,0.627564
1,0.647715
1,0.622550
1,0.600288
1,0.574263
1,0.608061
1,0.617027
1,0.639258
1,0.634402
1,0.634352
1,0.685893
1,0.672433
1,0.693889
1,0.702181
1,0.781373
1,0.772336
1,0.715541
1,0.737557
1,0.723740
1,0.719552
1,0.718820
1,0.729454
1,0.720408
1,0.685198
1,0.686947
1,0.743886
1,0.606908
1,0.645639
1,0.601334
1,0.632230
1,0.605869
1,0.619819
0,0.487902
0,0.551398
0,0.477215
0,0.524622
0,0.446035
0,0.518619
0,0.467617
0,0.494296
0,0.450598
0,0.447533
0,0.515951
0,0.455278
0,0.487003
0,0.479915
0,0.446389
0,0.449399
0,0.436877
0,0.520456
0,0.497709
0,0.488694
0,0.496345
0,0.544679
0,0.513023
0,0.471576
0,0.519486
0,0.397212
0,0.462848
0,0.530370
0,0.456593
0,0.488766
0,0.473501
0,0.536991
0,0.504090
0,0.524966
0,0.479563
0,0.499279
0,0.445329
0,0.491616
0,0.481776
0,0.483370
0,0.485087
0,0.503671
0,0.447101
0,0.542865
0,0.473238
0,0.446842
0,0.515016
0,0.524103
0,0.573153
0,0.474055
0,0.475080
0,0.525153
0,0.459070
0,0.506814
0,0.514574
0,0.469089
0,0.415441
0,0.491070
0,0.446345
0,0.515116
0,0.459568
0,0.475132
0,0.484574
0,0.453852
0,0.546207
0,0.526386
0,0.520971
0,0.475970
0,0.472240
0,0.483123
0,0.501981
0,0.506539
0,0.490125
0,0.483883
0,0.465527
0,0.494478
0,0.478665
0,0.526586
0,0.520256
0,0.534752
0,0.517471
0,0.501128
0,0.434257
0,0.480600
0,0.464784
0,0.408877
0,0.469635
0,0.509314
0,0.522455
0,0.436410
0,0.492003
0,0.474542
0,0.420054
0,0.409310
0,0.480426
0,0.487788
0,0.448012
0,0.486276
0,0.458171
0,0.427907
0,0.484406
0,0.426144
0,0.466968
0,0.446293
0,0.461523
0,0.469342
0,0.461938
0,0.460756
0,0.469306
0,0.459247
0,0.467903
0,0.489109
0,0.492755
0,0.490136
0,0.495361
0,0.480858
0,0.484424
0,0.486134
0,0.476694
0,0.492590
0,0.479450
0,0.467793
0,0.484306
0,0.489374
0,0.520423
0,0.485265
0,0.473101
0,0.435302
0,0.442586
0,0.453510
0,0.434494
0,0.508988
0,0.482142
0,0.431306
0,0.465941
0,0.475197
0,0.457464
0,0.446744
0,0.487473
0,0.437728
0,0.484589
0,0.459202
0,0.503516
0,0.467593
0,0.445386
0,0.464531
0,0.445410
0,0.480122
1,0.692501
1,0.661113
1,0.659763
1,0.667744
1,0.649363
1,0.663452
1,0.629270
1,0.647775
1,0.685172
1,0.668035
1,0.617845
1,0.627849
1,0.674169
1,0.702835
1,0.713861
1,0.657629
1,0.643480
1,0.674664
1,0.642502
1,0.708696
1,0.715136
1,0.696483
1,0.752238
1,0.645894
1,0.686710
1,0.712318
1,0.680493
1,0.727450
1,0.704918
1,0.689658
1,0.707489
1,0.709400
1,0.713575
1,0.682087
1,0.690809
1,0.696317
1,0.702218
1,0.690345
1,0.722306
1,0.680751
1,0.678283
1,0.646080
1,0.672629
1,0.636209
1,0.677845
1,0.682183
1,0.642424
1,0.607031
1,0.693744
1,0.701946
1,0.719850
1,0.709382
1,0.684324
1,0.666137
1,0.696960
1,0.658255
1,0.670025
1,0.647337
1,0.700557
1,0.686810
1,0.580684
1,0.695952
1,0.734774
1,0.697260
1,0.715588
1,0.753152
1,0.738934
1,0.715160
1,0.754846
1,0.734076
1,0.714990
1,0.677401
1,0.682417
1,0.722796
1,0.710283
1,0.732302
1,0.634863
1,0.672476
1,0.693297
1,0.655053
1,0.606143
1,0.683651
1,0.672236
1,0.383443
1,0.527842
1,0.542722
1,0.503426
1,0.402501
1,0.598797
1,0.452855
1,0.511157
1,0.431907
1,0.500316
1,0.483705
1,0.516577
1,0.465871
1,0.540782
1,0.545792
1,0.500244
1,0.490073
1,0.556402
1,0.563469
1,0.482306
1,0.494350
1,0.566450
1,0.562374
1,0.481721
1,0.509706
1,0.491063
1,0.535781
1,0.420031
1,0.541816
1,0.518172
1,0.504037
1,0.432398
1,0.530706
1,0.417315
1,0.541010
1,0.472644
1,0.530557
1,0.505318
1,0.495907
1,0.514908
1,0.499737
1,0.488344
1,0.606173
1,0.537962
1,0.546102
1,0.604831
1,0.582390
1,0.437397
1,0.503710
1,0.524337
1,0.471794
1,0.524378
1,0.561161
1,0.547103
1,0.517326
1,0.549885
1,0.567575
1,0.508384
1,0.536670
1,0.491231
1,0.590112
1,0.503914
1,0.443228
1,0.574244
1,0.498264
1,0.498112
1,0.531702
1,0.535969
1,0.487063
1,0.471958
1,0.486063
1,0.537097
1,0.441048
1,0.403426
1,0.457727
1,0.469363
1,0.487150
1,0.430050
1,0.466761
1,0.488553
1,0.411901
1,0.483606
1,0.453138
1,0.442393
1,0.445253
1,0.424301
1,0.430270
1,0.491122
1,0.465479
1,0.451452
1,0.367449
1,0.405169
1,0.429701
1,0.450664
1,0.502179
1,0.495192
1,0.406921
1,0.365646
1,0.417278
1,0.483151
1,0.405234
1,0.493957
1,0.441751
1,0.486264
1,0.475436
1,0.495792
1,0.396734
1,0.408053
1,0.421295
1,0.467147
1,0.449166
1,0.444096
1,0.500358
1,0.450104
1,0.460464
1,0.435810
1,0.428224
1,0.438958
1,0.453943
1,0.435622
1,0.499901
1,0.496937
1,0.474407
1,0.464745
1,0.476551
1,0.454234
1,0.528864
1,0.442118
1,0.439846
1,0.474618
1,0.498241
1,0.473752
1,0.492092
1,0.502420
1,0.472631
1,0.442918
1,0.484992
1,0.484293
1,0.459387
1,0.415294
1,0.367011
1,0.395979
1,0.448108
1,0.444857
1,0.436487
1,0.395771
1,0.412389
1,0.475630
1,0.444255
1,0.485581
1,0.445818
1,0.460388
1,0.430671
1,0.434033
1,0.458058
1,0.485139
1,0.438086
1,0.428720
1,0.451596
1,0.445541
1,0.418566
1,0.469204
0,0.648457
0,0.695525
0,0.609986
0,0.689890
0,0.646166
0,0.665099
0,0.655301
0,0.546730
0,0.626466
0,0.575275
0,0.514999
0,0.541494
0,0.480646
0,0.467842
0,0.477592
0,0.536788
0,0.478674
0,0.466937
0,0.488355
0,0.473257
0,0.545195
0,0.574458
0,0.492366
0,0.522267
0,0.528070
0,0.550167
0,0.545910
0,0.531621
0,0.485238
0,0.560123
0,0.548040
0,0.572917
0,0.506438
0,0.553511
0,0.544982
0,0.489657
0,0.518206
0,0.558861
0,0.507343
0,0.483158
0,0.509384
0,0.643003
0,0.583463
0,0.616107
0,0.559773
0,0.522335
0,0.606229
0,0.569332
0,0.574167
0,0.534756
0,0.559203
0,0.498685
0,0.600140
0,0.598158
0,0.586148
0,0.495887
0,0.501900
0,0.471384
0,0.502057
0,0.505592
0,0.511747
0,0.511958
0,0.515427
0,0.530849
0,0.528981
0,0.516369
0,0.517756
0,0.517065
0,0.508738
0,0.505910
0,0.500770
0,0.509839
0,0.504263
0,0.501502
0,0.523617
0,0.498616
0,0.507070
0,0.505479
0,0.489542
0,0.496214
0,0.489674
0,0.518090
0,0.493420
0,0.494689
0,0.500783
0,0.509073
0,0.495429
0,0.523012
0,0.525655
0,0.515145
0,0.511100
0,0.513456
0,0.516601
0,0.500670
0,0.490374
0,0.493797
0,0.506150
0,0.498791
0,0.507847
0,0.482496
0,0.503648
0,0.507827
0,0.506601
0,0.510940
0,0.494509
0,0.478255
0,0.518895
0,0.514221
0,0.512815
0,0.506065
0,0.505727
0,0.492800
0,0.492495
0,0.491387
0,0.505027
0,0.520814
0,0.510549
0,0.515870
0,0.494901
0,0.486871
0,0.511145
0,0.508921
0,0.489985
0,0.501001
0,0.532998
0,0.500130
0,0.530018
0,0.506305
0,0.522305
0,0.509212
0,0.520939
0,0.509054
0,0.523111
0,0.507868
0,0.505600
0,0.506278
0,0.510570
0,0.490816
0,0.514403
0,0.524393
0,0.550737
0,0.531343
0,0.493430
0,0.492019
0,0.491443
0,0.512924
0,0.513032
0,0.479088
0,0.492447
0,0.487162
0,0.490295
0,0.495239
0,0.534850
0,0.546987
0,0.487547
0,0.600072
0,0.571752
0,0.540406
0,0.499728
0,0.417357
0,0.453578
0,0.482262
0,0.487576
0,0.484955
0,0.477753
0,0.451863
0,0.496142
0,0.513296
0,0.438331
0,0.549697
0,0.480474
0,0.581059
0,0.420276
0,0.482987
0,0.472104
0,0.512449
0,0.481354
0,0.520617
0,0.519619
0,0.430070
0,0.495872
0,0.447376
0,0.501803
0,0.532112
0,0.409552
0,0.486712
0,0.520461
0,0.555377
0,0.456018
0,0.539025
0,0.564266
0,0.455809
0,0.534447
0,0.550847
0,0.496366
0,0.453032
0,0.459931
0,0.453190
0,0.483004
0,0.508550
0,0.518276
0,0.429772
0,0.513284
0,0.449894
0,0.494327
0,0.539759
0,0.548757
0,0.542237
0,0.507656
0,0.511823
0,0.399496
0,0.473279
0,0.504391
0,0.478718
0,0.547044
0,0.590105
0,0.508144
0,0.524368
0,0.443939
0,0.543878
0,0.501497
0,0.407172
0,0.450510
0,0.516957
0,0.453104
0,0.472900
0,0.517787
0,0.509816
0,0.483347
0,0.460418
0,0.515891
0,0.582721
0,0.496277
0,0.435960
0,0.515027
0,0.542804
0,0.528386
0,0.501101
0,0.550637
0,0.488322
0,0.510491
0,0.481994
0,0.538307
0,0.475915
0,0.426683
0,0.505666
0,0.546459
0,0.506964
0,0.522466
0,0.391934
0,0.395098
0,0.507783
0,0.441337
0,0.412452
0,0.415538
0,0.426114
0,0.435649
0,0.435483
0,0.440768
0,0.429336
0,0.418114
0,0.407070
0,0.461612
0,0.425167
0,0.448409
0,0.479564
0,0.414531
0,0.391827
0,0.446083
0,0.438407
0,0.417764
0,0.407806
0,0.408011
0,0.439765
0,0.440644
0,0.445786
0,0.432069
0,0.479927
0,0.410993
0,0.431675
0,0.420374
0,0.509276
0,0.399776
0,0.418944
0,0.436575
0,0.396649
0,0.379861
0,0.438215
0,0.412530
0,0.408322
0,0.446673
0,0.449351
0,0.424508
0,0.406140
0,0.433626
0,0.385222
0,0.412372
0,0.454749
0,0.400909
0,0.384454
0,0.411604
0,0.382010
0,0.432396
0,0.460737
0,0.462711
0,0.427627
0,0.461712
0,0.444144
0,0.439617
0,0.435660
0,0.451120
0,0.386558
0,0.435951
0,0.410105
0,0.406099
0,0.440182
0,0.468219
0,0.529507
0,0.419362
0,0.442770
0,0.428427
0,0.434560
0,0.429070
0,0.471499
0,0.481956
0,0.439765
0,0.490651
1,0.585910
1,0.713654
1,0.699756
1,0.639977
1,0.691795
1,0.668161
1,0.670234
1,0.670109
1,0.609584
1,0.732269
1,0.648961
1,0.704748
1,0.703537
1,0.675894
1,0.674903
1,0.657379
1,0.665837
1,0.648707
1,0.671659
1,0.676023
1,0.694239
1,0.670804
1,0.649427
1,0.685881
1,0.695804
1,0.693403
1,0.703896
1,0.744062
1,0.771194
1,0.752622
1,0.728267
1,0.718433
1,0.749024
1,0.695779
1,0.697442
1,0.719939
1,0.709487
1,0.803453
1,0.752713
1,0.648872
1,0.700790
1,0.727252
1,0.677817
1,0.649120
1,0.669328
1,0.680065
1,0.643222
1,0.682728
1,0.744671
1,0.797464
1,0.676603
1,0.764927
1,0.757978
1,0.637362
1,0.725621
1,0.694869
1,0.688706
1,0.703707
1,0.746610
1,0.675179
1,0.773867
1,0.728747
1,0.712742
1,0.789913
1,0.776968
1,0.628289
1,0.741639
1,0.775194
1,0.745793
1,0.684462
1,0.400565
1,0.476855
1,0.422325
1,0.472515
1,0.517222
1,0.476201
1,0.431841
1,0.411086
1,0.434719
1,0.438326
1,0.482727
1,0.480570
1,0.470470
1,0.442847
1,0.498353
1,0.472523
1,0.468892
1,0.423369
1,0.447997
1,0.437190
1,0.483248
1,0.447405
1,0.452592
1,0.468854
1,0.424085
1,0.434375
1,0.491387
1,0.433307
1,0.422339
1,0.444388
1,0.483626
1,0.461078
1,0.420696
1,0.435951
1,0.388680
1,0.417031
1,0.420222
1,0.440430
1,0.398633
1,0.470034
1,0.430719
1,0.463532
1,0.479296
1,0.441646
1,0.446034
1,0.439785
1,0.423604
1,0.477623
1,0.456629
1,0.493567
1,0.489168
1,0.465902
1,0.492032
1,0.506613
1,0.474009
1,0.419565
1,0.510606
1,0.482268
1,0.479748
1,0.502802
1,0.490329
1,0.384050
1,0.529851
1,0.465477
1,0.394680
1,0.525643
1,0.516700
1,0.518018
1,0.513051
1,0.548499
1,0.526408
1,0.469443
1,0.488425
1,0.502753
1,0.510221
1,0.491874
1,0.447350
1,0.517855
1,0.501758
1,0.500256
1,0.456440
1,0.495331
1,0.497054
1,0.507234
1,0.470472
1,0.477060
1,0.438343
1,0.467888
1,0.432172
1,0.404179
1,0.449414
1,0.444951
1,0.457202
1,0.452195
1,0.432265
1,0.444847
1,0.482597
1,0.425718
1,0.429006
1,0.470778
0,0.528362
0,0.545797
0,0.533496
0,0.438223
0,0.459319
0,0.523308
0,0.467951
0,0.521390
0,0.470353
0,0.479390
0,0.481384
0,0.516146
0,0.539586
0,0.564747
0,0.546075
0,0.512040
0,0.520975
0,0.446921
0,0.510230
0,0.518646
0,0.537724
0,0.506549
0,0.526222
0,0.428196
0,0.471578
0,0.520317
0,0.463589
0,0.486282
0,0.464743
0,0.446473
0,0.533688
0,0.553318
0,0.542003
0,0.466621
0,0.519603
0,0.591088
0,0.498545
0,0.484540
0,0.500125
0,0.495647
0,0.478543
0,0.420603
0,0.386718
0,0.452542
0,0.540392
0,0.491144
0,0.520572
0,0.552212
0,0.581457
0,0.609692
0,0.500570
0,0.523641
0,0.525389
0,0.490387
0,0.479845
0,0.531655
0,0.502237
0,0.517612
0,0.561392
0,0.516194
0,0.591171
0,0.600093
0,0.550878
0,0.496905
0,0.521103
0,0.529353
0,0.516472
0,0.568285
0,0.553092
0,0.535249
0,0.592668
0,0.560207
0,0.567778
0,0.547877
0,0.538629
0,0.600648
0,0.615942
0,0.496779
0,0.615991
0,0.522840
0,0.587319
0,0.536430
0,0.550977
0,0.504814
0,0.476192
0,0.513730
0,0.527946
0,0.473048
0,0.485877
1,0.691515
1,0.656227
1,0.663441
1,0.634692
1,0.608198
1,0.653797
1,0.636343
1,0.637663
1,0.621627
1,0.637344
1,0.639591
1,0.674449
1,0.577332
1,0.639447
1,0.694524
1,0.690810
1,0.615715
1,0.625958
1,0.626016
1,0.619514
1,0.635697
1,0.666719
1,0.671231
1,0.650809
1,0.668522
1,0.673451
1,0.644834
1,0.633439
1,0.641393
1,0.673651
1,0.658728
1,0.679637
1,0.610278
1,0.606856
1,0.666993
1,0.602940
1,0.556611
1,0.591336
1,0.573316
1,0.550247
1,0.576048
1,0.564742
1,0.581444
1,0.632376
1,0.612455
1,0.597126
1,0.568058
1,0.626426
1,0.682597
1,0.692394
1,0.639615
1,0.665030
1,0.676812
1,0.636529
1,0.631427
1,0.699918
1,0.681619
1,0.677240
1,0.667285
1,0.694621
1,0.696808
1,0.656774
1,0.683598
1,0.698241
1,0.674991
1,0.711088
1,0.682329
1,0.633292
1,0.603847
1,0.639297
1,0.659237
1,0.619985
1,0.589743
1,0.622641
1,0.615511
1,0.622255
1,0.589855
1,0.562864
1,0.540779
1,0.588010
1,0.630413
1,0.619581
1,0.586965
1,0.488011
1,0.439065
1,0.560703
1,0.560297
1,0.606148
1,0.582778
1,0.660597
1,0.503501
1,0.470868
1,0.549080
1,0.605375
1,0.450862
1,0.511236
1,0.590679
1,0.598050
1,0.554248
1,0.637519
1,0.573757
1,0.569921
1,0.558551
1,0.583458
1,0.560281
1,0.574636
1,0.539802
1,0.608437
1,0.459304
1,0.531648
1,0.558852
1,0.473986
1,0.463109
1,0.566332
1,0.549910
1,0.539283
1,0.571160
1,0.588519
1,0.447159
1,0.532770
1,0.578903
1,0.477465
1,0.575220
1,0.517218
1,0.502928
1,0.480902
1,0.601771
1,0.596848
1,0.569169
1,0.494625
1,0.579642
1,0.491381
1,0.489397
1,0.523964
1,0.519965
1,0.561890
1,0.527672
1,0.649143
1,0.579286
1,0.554996
1,0.520526
1,0.556646
1,0.506219
1,0.536127
1,0.529421
1,0.498227
1,0.593420
1,0.534871
1,0.504401
1,0.481192
1,0.557060
1,0.530831
1,0.563608
1,0.617537
1,0.598068
1,0.573258
1,0.525433
1,0.539212
1,0.492469
1,0.553945
1,0.544263
1,0.595018
1,0.525717
1,0.600885
1,0.514619
1,0.480174
1,0.562911
1,0.497024
1,0.553921
1,0.544160
1,0.510851
1,0.458634
1,0.513390
1,0.558708
1,0.496334
1,0.398985
1,0.408324
1,0.456918
1,0.424775
1,0.428903
1,0.426170
1,0.404303
1,0.418432
1,0.415577
1,0.416452
1,0.434284
1,0.397061
1,0.425200
1,0.427120
1,0.409503
1,0.420175
1,0.424213
1,0.446248
1,0.458916
1,0.434583
1,0.451740
1,0.451254
1,0.401767
1,0.369209
1,0.405185
1,0.431910
1,0.400834
1,0.440476
1,0.421596
1,0.405023
1,0.415638
1,0.392996
1,0.447036
1,0.398013
1,0.446574
1,0.441706
1,0.417631
1,0.434955
1,0.439142
1,0.461898
1,0.430279
1,0.418383
1,0.449736
1,0.425949
1,0.405119
1,0.431241
1,0.413055
1,0.388126
1,0.437152
1,0.410816
1,0.402878
1,0.419399
1,0.394970
1,0.422344
1,0.396664
1,0.438401
1,0.412260
1,0.414991
1,0.438267
1,0.404783
1,0.430329
1,0.433479
1,0.417761
1,0.424191
1,0.435589
1,0.399145
1,0.407463
1,0.409926
1,0.463443
1,0.422298
1,0.426574
1,0.461388
1,0.429626
1,0.436537
1,0.420566
1,0.455408
1,0.489754
1,0.461118
1,0.419931
1,0.394998
1,0.447434
1,0.439212
1,0.415541
1,0.441382
1,0.413747
1,0.410065
1,0.415877
1,0.468921
1,0.449557
1,0.388707
1,0.317020
1,0.440813
1,0.450112
1,0.376456
1,0.420305
1,0.439513
1,0.480765
1,0.466631
1,0.422099
1,0.433314
1,0.373827
1,0.377002
1,0.417756
1,0.386075
1,0.415675
1,0.377525
1,0.393324
1,0.388414
1,0.436463
1,0.401208
1,0.374327
1,0.410730
1,0.449462
1,0.401734
1,0.470808
1,0.376287
1,0.390134
1,0.422415
1,0.379268
1,0.411342
0,0.596197
0,0.574076
0,0.585487
0,0.615293
0,0.607795
0,0.628516
0,0.581944
0,0.652791
0,0.602997
0,0.576850
0,0.608900
0,0.615925
0,0.585079
0,0.571603
0,0.574360
0,0.587924
0,0.531272
0,0.555962
0,0.573420
0,0.537997
0,0.551502
0,0.554984
0,0.583934
0,0.578571
0,0.567964
0,0.578514
0,0.592135
0,0.639707
0,0.613828
0,0.617100
0,0.615180
0,0.564295
0,0.648120
0,0.571661
0,0.608136
0,0.586695
0,0.696709
0,0.681288
0,0.635505
0,0.664875
0,0.662891
0,0.661498
0,0.698487
0,0.622795
0,0.644325
0,0.668598
0,0.618872
0,0.609109
0,0.651782
0,0.669700
0,0.656873
0,0.655230
0,0.606346
0,0.592365
0,0.599083
0,0.632885
0,0.695739
0,0.531641
0,0.584312
0,0.640202
0,0.648128
0,0.683956
0,0.626015
0,0.676812
0,0.477668
0,0.521709
0,0.546235
0,0.599287
0,0.549596
0,0.530823
0,0.530923
0,0.497054
0,0.493093
0,0.452380
0,0.526413
0,0.449609
0,0.519088
0,0.507731
0,0.514594
0,0.500580
0,0.508299
0,0.469698
0,0.462858
0,0.520209
0,0.555832
0,0.525804
0,0.467245
0,0.489812
0,0.517620
0,0.520986
0,0.434788
0,0.484660
0,0.502644
0,0.470242
0,0.554454
0,0.534946
0,0.547501
0,0.451507
0,0.490745
0,0.506052
0,0.415964
0,0.487629
0,0.555310
0,0.511493
0,0.482495
0,0.515644
0,0.467100
0,0.531193
0,0.378722
0,0.466726
0,0.471395
0,0.419876
0,0.509178
0,0.498941
0,0.428835
0,0.394717
0,0.502902
0,0.448638
0,0.536482
0,0.407112
0,0.459493
0,0.432949
0,0.545201
0,0.470880
0,0.573169
0,0.499939
0,0.502497
0,0.516640
0,0.522768
0,0.452236
0,0.529673
0,0.477444
0,0.424198
0,0.506977
0,0.500324
0,0.418654
0,0.480417
0,0.451959
0,0.486545
0,0.561488
0,0.514898
0,0.586737
0,0.562032
0,0.468548
0,0.523425
0,0.543460
0,0.404466
0,0.432028
0,0.544473
0,0.541555
0,0.536484
0,0.621273
0,0.626395
0,0.578720
1,0.576830
1,0.516510
1,0.524989
1,0.571969
1,0.567830
1,0.496109
1,0.441019
1,0.557856
1,0.603867
1,0.558988
1,0.518104
1,0.486608
1,0.543466
1,0.474271
1,0.403568
1,0.491794
1,0.513985
1,0.459070
1,0.470662
1,0.480526
1,0.481563
1,0.505489
1,0.547636
1,0.516366
1,0.597350
1,0.549408
1,0.526011
1,0.498732
1,0.523259
1,0.518684
1,0.566629
1,0.456654
1,0.537750
1,0.530496
1,0.485349
1,0.479589
1,0.569089
1,0.504324
1,0.519840
1,0.578100
1,0.552290
1,0.573313
1,0.526365
1,0.571180
1,0.538110
1,0.563491
1,0.573184
1,0.574878
1,0.590811
1,0.514668
1,0.498139
1,0.485307
1,0.571755
1,0.570082
1,0.478623
1,0.488586
1,0.488455
1,0.554340
1,0.506096
1,0.595476
1,0.590936
1,0.608137
1,0.587461
1,0.470407
1,0.557658
1,0.508643
1,0.537642
1,0.514016
1,0.651727
1,0.519867
1,0.474387
1,0.573389
1,0.452194
1,0.558117
1,0.429296
1,0.539931
1,0.523826
1,0.503644
1,0.568332
1,0.465649
1,0.365393
1,0.510491
1,0.501410
1,0.495964
1,0.450756
1,0.499345
1,0.494784
1,0.576519
1,0.501360
1,0.536634
1,0.559524
1,0.517119
1,0.505109
1,0.551748
1,0.579638
1,0.617760
1,0.597229
1,0.634602
1,0.596297
1,0.591259
1,0.497947
1,0.492747
1,0.496712
1,0.496088
1,0.520495
1,0.486689
1,0.490291
1,0.524743
1,0.496730
1,0.488622
1,0.502846
1,0.497922
1,0.515127
1,0.509519
1,0.492915
1,0.482538
1,0.467990
1,0.481199
1,0.469251
1,0.474030
1,0.445585
1,0.453402
1,0.478167
1,0.461976
1,0.478415
1,0.483226
1,0.468159
1,0.490381
1,0.481695
1,0.442227
1,0.439838
1,0.470259
1,0.462867
1,0.444714
1,0.455905
1,0.455304
1,0.442808
1,0.472284
1,0.457502
1,0.466354
1,0.475358
1,0.493054
1,0.507600
1,0.491626
1,0.455078
1,0.493418
1,0.505180
1,0.500237
1,0.466086
1,0.417903
1,0.428828
1,0.451456
1,0.452193
1,0.448571
1,0.445625
1,0.471211
1,0.479255
1,0.470181
1,0.442063
1,0.455692
1,0.441722
1,0.464613
1,0.454336
1,0.465467
1,0.446838
1,0.454934
1,0.478207
1,0.504855
1,0.491512
1,0.490554
1,0.502820
1,0.460058
1,0.410432
1,0.440143
1,0.455897
1,0.410649
1,0.457740
1,0.470939
1,0.480437
1,0.489094
1,0.466876
1,0.453455
1,0.450196
1,0.472426
1,0.457386
1,0.416811
1,0.424217
1,0.490332
1,0.476049
1,0.478477
1,0.469143
1,0.503908
1,0.433527
1,0.427339
1,0.442268
1,0.417607
0,0.554268
0,0.594653
0,0.575509
0,0.610048
0,0.569660
0,0.566347
0,0.522147
0,0.534179
0,0.557553
0,0.640961
0,0.619096
0,0.555698
0,0.534460
0,0.570647
0,0.624288
0,0.573944
0,0.547575
0,0.572874
0,0.585127
0,0.536028
0,0.613076
0,0.599400
0,0.583663
0,0.518276
0,0.536208
0,0.591032
0,0.546890
0,0.604487
0,0.532328
0,0.574485
0,0.550123
0,0.500563
0,0.548562
0,0.591226
0,0.531415
0,0.574382
0,0.621810
0,0.581654
0,0.579500
0,0.543369
0,0.569523
0,0.568281
0,0.628277
0,0.588477
0,0.532767
0,0.519205
0,0.554922
0,0.553787
0,0.544369
0,0.538592
0,0.528366
0,0.534550
0,0.557607
0,0.565689
0,0.579653
0,0.549600
0,0.584740
0,0.559459
0,0.541746
0,0.501307
0,0.424029
0,0.498783
0,0.498442
0,0.486965
0,0.630384
0,0.483955
0,0.587432
1,0.475749
1,0.463767
1,0.445771
1,0.485526
1,0.456398
1,0.490932
1,0.428216
1,0.461789
1,0.480734
1,0.513494
1,0.489785
1,0.524446
1,0.433950
1,0.415813
1,0.435179
1,0.482849
1,0.459272
1,0.506257
1,0.498555
1,0.429297
1,0.468421
1,0.435770
1,0.429695
1,0.434945
1,0.461469
1,0.521910
1,0.466073
1,0.479922
1,0.477577
1,0.463553
1,0.467781
1,0.445500
1,0.462084
1,0.507706
1,0.465218
1,0.462152
1,0.436803
1,0.488938
1,0.464127
1,0.486191
1,0.428819
1,0.510765
1,0.463541
1,0.479236
1,0.481409
1,0.437684
1,0.519202
1,0.505392
1,0.525724
1,0.446779
1,0.475989
1,0.463020
1,0.464522
1,0.418041
1,0.445242
1,0.444775
1,0.546119
1,0.563777
1,0.556724
1,0.580089
1,0.580715
1,0.566567
1,0.534686
1,0.527002
1,0.501588
1,0.533374
1,0.521429
1,0.513207
1,0.606132
1,0.616757
1,0.586206
1,0.593368
1,0.584167
1,0.615763
1,0.633331
1,0.532740
1,0.484294
1,0.490238
1,0.463417
1,0.437843
1,0.548622
1,0.611358
1,0.542686
1,0.587571
1,0.528889
1,0.572473
1,0.563568
1,0.610418
1,0.552949
1,0.460487
1,0.528385
1,0.500341
1,0.468316
1,0.492609
1,0.514105
1,0.518112
1,0.509133
1,0.531975
1,0.476081
1,0.552157
1,0.575486
1,0.565581
1,0.454010
1,0.501029
1,0.491316
1,0.480781
1,0.606357
1,0.496539
1,0.491091
1,0.426932
1,0.495808
1,0.427407
1,0.456578
1,0.415869
1,0.595136
1,0.546028
1,0.526208
0,0.491725
0,0.481782
0,0.426538
0,0.371457
0,0.449911
0,0.402482
0,0.413253
0,0.421903
0,0.388086
0,0.424333
0,0.419897
0,0.390020
0,0.405496
0,0.397302
0,0.388818
0,0.349952
0,0.405588
0,0.414553
0,0.381353
0,0.391812
0,0.388220
0,0.372765
0,0.395561
0,0.482774
0,0.481972
0,0.475309
0,0.430548
0,0.456180
0,0.537493
0,0.469256
0,0.460042
0,0.491424
0,0.498220
0,0.431180
0,0.493111
0,0.491167
0,0.436974
0,0.437948
0,0.447691
0,0.451983
0,0.405159
0,0.418876
0,0.485421
0,0.399633
0,0.407740
0,0.439139
0,0.434697
0,0.434066
0,0.469959
0,0.413386
0,0.466062
0,0.363025
0,0.405497
0,0.415169
0,0.443079
0,0.473302
0,0.415954
0,0.455465
0,0.370709
0,0.451874
0,0.547100
0,0.484889
0,0.450982
0,0.479963
0,0.475541
0,0.489486
0,0.465956
0,0.456009
0,0.450584
0,0.476880
0,0.445999
0,0.461374
0,0.467416
0,0.426156
0,0.451705
0,0.415456
0,0.440338
0,0.468764
0,0.458239
0,0.451921
0,0.399736
0,0.468515
0,0.419236
0,0.477509
0,0.428114
0,0.461195
0,0.406413
0,0.431327
0,0.455483
0,0.467509
0,0.451981
0,0.442361
0,0.453675
0,0.444036
0,0.519790
0,0.481595
0,0.446902
0,0.409591
0,0.486318
0,0.500563
1,0.743693
1,0.700970
1,0.673490
1,0.685709
1,0.648377
1,0.710094
1,0.709269
1,0.648740
1,0.645699
1,0.653282
1,0.698508
1,0.708217
1,0.700643
1,0.677511
1,0.706633
1,0.699789
1,0.697811
1,0.701080
1,0.722982
1,0.718897
1,0.699116
1,0.682688
1,0.695958
1,0.730276
1,0.753675
1,0.732462
1,0.781190
1,0.731391
1,0.776176
1,0.730743
1,0.723913
1,0.743940
1,0.796828
1,0.764466
1,0.765319
1,0.702962
1,0.748985
1,0.756488
1,0.742630
1,0.755127
1,0.758469
1,0.714306
1,0.751656
1,0.733901
1,0.712729
1,0.725634
1,0.695871
1,0.652870
1,0.694980
1,0.707920
1,0.709148
1,0.699620
1,0.651992
1,0.670509
1,0.661496
1,0.644058
1,0.684241
1,0.613537
1,0.753126
1,0.709423
1,0.716871
1,0.699785
1,0.665410
1,0.760910
1,0.737751
1,0.724906
1,0.730278
1,0.778780
1,0.744913
1,0.691389
1,0.763125
1,0.744972
1,0.707449
1,0.754839
1,0.745335
1,0.741934
1,0.747900
1,0.776221
1,0.742421
1,0.710357
1,0.730468
1,0.759511
1,0.700257
1,0.772329
1,0.725000
1,0.732317
1,0.714769
1,0.763743
1,0.698603
1,0.712019
1,0.691718
1,0.696747
1,0.719210
1,0.740278
1,0.738850
1,0.734977
1,0.709881
1,0.697352
1,0.712884
1,0.743627
1,0.489642
1,0.425223
1,0.483805
1,0.566268
1,0.542709
1,0.520756
1,0.530891
1,0.512806
1,0.550455
1,0.574063
1,0.506242
1,0.495566
1,0.497675
1,0.500892
1,0.506265
1,0.502733
1,0.503451
1,0.524258
1,0.503363
1,0.427843
1,0.514594
1,0.632402
1,0.521013
1,0.498695
1,0.548944
1,0.541070
1,0.435010
1,0.466955
1,0.516735
1,0.594244
1,0.569904
1,0.619536
1,0.553589
1,0.610175
1,0.601386
1,0.552704
1,0.573228
1,0.552713
1,0.447589
1,0.520280
1,0.485373
1,0.466938
1,0.527691
1,0.528251
1,0.517555
1,0.531714
1,0.436663
1,0.478394
1,0.463622
1,0.570755
1,0.484540
1,0.583592
1,0.574600
1,0.566898
1,0.495864
1,0.554854
1,0.545637
1,0.515044
1,0.489797
1,0.458151
1,0.483382
1,0.472397
1,0.610408
1,0.530745
1,0.557295
1,0.569570
1,0.560620
1,0.527872
1,0.585765
1,0.526664
1,0.502247
1,0.640037
1,0.546147
1,0.496847
1,0.566271
1,0.604813
1,0.560194
1,0.454370
1,0.480792
1,0.534658
1,0.478329
1,0.525728
1,0.446467
1,0.429316
1,0.378627
1,0.440269
1,0.450333
1,0.507014
1,0.506076
1,0.435061
1,0.426054
1,0.429606
1,0.498606
1,0.617485
1,0.516424
1,0.519920
1,0.536560
1,0.595839
1,0.496116
1,0.488023
0,0.560487
0,0.533580
0,0.473988
0,0.463606
0,0.518169
0,0.502673
0,0.515641
0,0.471926
0,0.481059
0,0.487556
0,0.477671
0,0.486283
0,0.487067
0,0.469545
0,0.516837
0,0.537206
0,0.513968
0,0.562420
0,0.556859
0,0.500444
0,0.464636
0,0.454577
0,0.511778
0,0.590821
0,0.497799
0,0.546215
0,0.489543
0,0.511128
0,0.501258
0,0.522499
0,0.512400
0,0.472879
0,0.490543
0,0.546846
0,0.509643
0,0.478394
0,0.465371
0,0.501242
0,0.564084
0,0.481802
0,0.568031
0,0.582491
0,0.545102
0,0.487489
0,0.466144
0,0.435413
0,0.552281
0,0.516684
0,0.480883
0,0.453494
0,0.473954
0,0.452723
0,0.545723
0,0.484910
0,0.484598
0,0.483835
0,0.547208
0,0.522289
0,0.437514
0,0.487326
0,0.482547
0,0.540794
0,0.495074
0,0.454097
0,0.454987
0,0.545672
0,0.536014
0,0.500989
0,0.489441
0,0.528561
0,0.531504
0,0.507480
0,0.544497
0,0.543220
0,0.544386
0,0.512438
0,0.503751
0,0.504495
0,0.491240
0,0.483372
0,0.479523
0,0.542969
0,0.563769
0,0.511542
0,0.508610
0,0.467836
0,0.478440
0,0.489865
0,0.497686
0,0.533680
0,0.480566
0,0.538075
0,0.486297
0,0.553270
0,0.469538
0,0.472426
0,0.547352
0,0.497646
0,0.447666
0,0.449741
0,0.446916
0,0.441033
0,0.476489
0,0.494707
0,0.462346
0,0.535195
0,0.521317
0,0.455870
0,0.405594
0,0.471921
0,0.484450
0,0.482989
0,0.477013
0,0.486595
0,0.525776
0,0.476013
0,0.484548
0,0.527355
0,0.430380
0,0.451680
0,0.459179
0,0.461748
0,0.454684
0,0.468515
0,0.390986
0,0.399803
0,0.415388
0,0.402604
0,0.428950
0,0.475294
0,0.488223
0,0.393036
0,0.429160
0,0.481571
0,0.488143
0,0.441561
0,0.450409
0,0.463444
0,0.472593
0,0.425359
0,0.456583
0,0.413942
0,0.413382
0,0.533524
0,0.509152
0,0.527541
0,0.455849
0,0.532219
0,0.512311
0,0.455358
0,0.437044
0,0.480344
0,0.519052
0,0.547133
0,0.472146
0,0.521916
0,0.488318
0,0.446887
0,0.435459
0,0.476898
0,0.508948
0,0.453077
0,0.491987
0,0.440240
0,0.562330
0,0.489804
0,0.528891
0,0.527072
0,0.487131
0,0.469275
0,0.444185
0,0.479374
0,0.564988
0,0.579457
0,0.430735
0,0.506860
0,0.494480
0,0.496288
0,0.454121
0,0.499421
0,0.473148
0,0.477463
0,0.541002
1,0.411222
1,0.622170
1,0.500235
1,0.551337
1,0.508084
1,0.586989
1,0.533112
1,0.569409
1,0.512531
1,0.579219
1,0.637323
1,0.622964
1,0.540116
1,0.628865
1,0.621871
1,0.579248
1,0.629370
1,0.592629
1,0.498189
1,0.578809
1,0.566965
1,0.527754
1,0.641682
1,0.559976
1,0.598442
1,0.540891
1,0.592065
1,0.674331
1,0.616058
1,0.576678
1,0.563299
1,0.556919
1,0.525466
1,0.573086
1,0.551145
1,0.480046
1,0.481602
1,0.593148
1,0.576860
1,0.609894
1,0.632421
1,0.698980
1,0.544775
1,0.637963
1,0.608424
1,0.594161
1,0.629085
1,0.621554
1,0.604790
1,0.604821
1,0.536826
1,0.638374
1,0.583366
1,0.645467
1,0.626513
1,0.595611
1,0.563260
1,0.607149
1,0.641082
1,0.542702
1,0.620031
1,0.569865
1,0.542221
1,0.491149
1,0.645384
1,0.581384
1,0.429962
1,0.475256
1,0.468604
1,0.489746
1,0.603616
1,0.506631
1,0.518219
0,0.614052
0,0.595396
0,0.602087
0,0.501333
0,0.611113
0,0.662960
0,0.708068
0,0.676982
0,0.708490
0,0.684410
0,0.612312
0,0.627599
0,0.635724
0,0.696543
0,0.587099
0,0.585812
0,0.646960
0,0.681964
0,0.654155
0,0.663897
0,0.685795
0,0.572860
0,0.530462
0,0.610927
0,0.537128
0,0.532545
0,0.670950
0,0.697653
0,0.716970
0,0.730956
0,0.612301
0,0.603340
0,0.631369
0,0.523420
0,0.643834
0,0.678047
0,0.606072
0,0.677943
0,0.600429
0,0.663159
0,0.698110
0,0.629008
0,0.588413
0,0.640063
0,0.568800
0,0.584721
0,0.596244
0,0.604099
0,0.553618
0,0.515480
0,0.569977
0,0.635979
0,0.561463
0,0.502213
0,0.639768
0,0.634070
0,0.623925
0,0.620711
0,0.572165
0,0.598594
0,0.640387
0,0.680158
0,0.622273
0,0.581652
0,0.596026
0,0.656958
0,0.469060
0,0.526680
0,0.601154
0,0.569116
0,0.508512
0,0.597556
0,0.642884
0,0.615813
0,0.567963
0,0.718033
0,0.684228
0,0.536960
0,0.665817
0,0.521013
0,0.525781
0,0.604615
0,0.547801
0,0.593028
0,0.596759
0,0.587873
0,0.646385
0,0.544935
0,0.631117
0,0.620552
0,0.574244
0,0.575178
0,0.630361
0,0.661717
0,0.650054
0,0.583980
0,0.698214
0,0.578251
0,0.634161
0,0.535681
1,0.326743
1,0.347591
1,0.386223
1,0.347430
1,0.353011
1,0.345214
1,0.315538
1,0.338553
1,0.324768
1,0.367791
1,0.332873
1,0.370138
1,0.325070
1,0.356384
1,0.372896
1,0.333034
1,0.353977
1,0.347359
1,0.336168
1,0.347695
1,0.393392
1,0.354915
1,0.351671
1,0.361721
1,0.366358
1,0.366538
1,0.360436
1,0.360878
1,0.355497
1,0.343627
1,0.312987
1,0.361499
1,0.333165
1,0.381730
1,0.401277
1,0.372946
1,0.327848
1,0.330789
1,0.332216
1,0.347722
1,0.374095
1,0.363644
1,0.357789
1,0.346562
1,0.359599
1,0.320030
1,0.409834
1,0.355169
1,0.333350
0,0.646641
0,0.642435
0,0.642435
0,0.642435
0,0.681773
0,0.699979
0,0.703064
0,0.722584
0,0.708880
0,0.624104
0,0.655401
0,0.649265
0,0.693353
0,0.713662
0,0.734048
0,0.738422
0,0.778603
0,0.693789
0,0.748604
0,0.742422
0,0.709619
0,0.715988
0,0.673647
0,0.725169
0,0.722191
0,0.726105
0,0.718115
0,0.662409
0,0.689985
0,0.720984
0,0.716445
0,0.773096
0,0.721613
0,0.717703
0,0.723036
0,0.671356
0,0.693624
0,0.652658
0,0.620285
0,0.708850
0,0.613567
0,0.615543
0,0.680200
0,0.675110
0,0.642307
0,0.693803
0,0.673330
0,0.622605
0,0.719257
0,0.681578
0,0.705537
0,0.703542
0,0.724923
0,0.734746
0,0.732998
0,0.667283
0,0.711402
0,0.740068
0,0.731837
0,0.702810
0,0.776901
0,0.663339
0,0.670291
0,0.640146
0,0.628346
0,0.759711
0,0.650446
0,0.639880
0,0.735443
0,0.718432
0,0.650233
0,0.654204
0,0.670308
0,0.692262
0,0.696553
0,0.617476
0,0.638133
0,0.670112
0,0.708611
0,0.627584
0,0.686791
0,0.637818
0,0.593371
0,0.670972
0,0.721415
0,0.743439
0,0.738546
0,0.740911
0,0.751764
0,0.731409
0,0.743195
0,0.706286
0,0.762061
0,0.714246
0,0.713935
0,0.715678
0,0.687395
0,0.718763
0,0.749380
0,0.735323
0,0.444030
0,0.495119
0,0.476034
0,0.537555
0,0.512956
0,0.472632
0,0.472394
0,0.503426
0,0.514128
0,0.450417
0,0.518825
0,0.447745
0,0.506449
0,0.468372
0,0.497240
0,0.530798
0,0.486724
0,0.434237
0,0.400981
0,0.489719
0,0.484546
0,0.468695
0,0.456547
0,0.472875
0,0.430629
0,0.518850
0,0.496194
0,0.530061
0,0.491844
0,0.444305
0,0.431230
0,0.508117
0,0.456505
0,0.487164
0,0.474720
0,0.438235
0,0.443916
0,0.511102
0,0.576837
0,0.533141
0,0.433891
0,0.477108
0,0.507468
0,0.471803
0,0.387230
0,0.405018
0,0.417013
0,0.493787
0,0.412905
0,0.467684
0,0.480492
0,0.535602
0,0.422377
0,0.474740
0,0.523496
0,0.510147
0,0.441575
0,0.555071
0,0.461538
0,0.417740
0,0.491240
0,0.444941
0,0.497380
0,0.476308
0,0.627912
0,0.476164
0,0.575662
0,0.447221
0,0.519679
0,0.440890
0,0.498011
0,0.441454
0,0.465194
0,0.430499
0,0.475969
0,0.499685
0,0.479931
0,0.517874
0,0.479635
0,0.513527
0,0.489787
0,0.483201
0,0.444178
0,0.494218
0,0.514204
0,0.444998
0,0.465922
0,0.445661
0,0.549447
0,0.445082
0,0.381153
0,0.437344
0,0.374786
0,0.355979
0,0.448791
0,0.463052
0,0.463660
0,0.388526
0,0.377488
0,0.446578
0,0.497817
0,0.460533
0,0.438224
0,0.458146
0,0.479050
0,0.509797
0,0.494944
0,0.390522
0,0.437563
0,0.449515
0,0.399877
0,0.425346
0,0.426463
0,0.475220
0,0.476902
0,0.402999
0,0.474636
0,0.452340
0,0.447331
0,0.434271
0,0.452858
0,0.448585
0,0.412282
0,0.368057
0,0.458957
0,0.406827
0,0.514106
0,0.411333
0,0.451194
0,0.487823
0,0.480817
0,0.449137
0,0.440584
0,0.409499
0,0.438361
0,0.435009
0,0.508052
0,0.486650
0,0.788104
0,0.380649
0,0.435616
0,0.445696
0,0.450020
0,0.547721
0,0.522195
0,0.417734
0,0.403446
0,0.401989
0,0.486172
0,0.484610
0,0.367347
0,0.413835
0,0.496587
0,0.423538
0,0.408838
0,0.407602
0,0.474476
0,0.362589
0,0.463055
0,0.485949
0,0.444158
0,0.453195
0,0.472005
0,0.422314
0,0.404719
1,0.419973
1,0.551818
1,0.580557
1,0.530624
1,0.492566
1,0.544055
1,0.509599
1,0.488677
1,0.523802
1,0.526882
1,0.471351
1,0.482863
1,0.435190
1,0.487625
1,0.483472
1,0.436947
1,0.469533
1,0.400867
1,0.424824
1,0.472428
1,0.500898
1,0.606147
1,0.515155
1,0.440986
1,0.494668
1,0.510337
1,0.507253
1,0.504757
1,0.543413
1,0.437705
1,0.491940
1,0.523373
1,0.550735
1,0.525169
1,0.538285
1,0.595197
1,0.464663
1,0.490381
1,0.508952
1,0.523601
1,0.515653
1,0.474310
1,0.554050
1,0.497557
1,0.551821
1,0.514443
1,0.503550
1,0.545182
1,0.538367
1,0.536937
1,0.476948
1,0.473468
1,0.547378
1,0.573625
1,0.447951
1,0.526649
1,0.552379
1,0.501949
1,0.487051
1,0.538503
1,0.463489
1,0.426329
1,0.396913
1,0.459809
1,0.457011
1,0.437625
1,0.427159
1,0.514352
1,0.502376
1,0.472598
1,0.555677
1,0.448998
1,0.517989
1,0.569475
1,0.506940
1,0.478337
1,0.432678
1,0.472026
1,0.441433
1,0.451191
1,0.425757
1,0.386680
1,0.406075
1,0.462577
1,0.418877
1,0.401619
1,0.434217
1,0.411520
1,0.427899
1,0.423402
1,0.426894
1,0.396270
1,0.427221
1,0.421716
1,0.424214
1,0.431905
1,0.431738
1,0.406356
1,0.399364
1,0.459458
1,0.424401
1,0.402087
1,0.407183
1,0.395011
1,0.427056
1,0.421890
1,0.417036
1,0.434404
1,0.389283
1,0.471455
1,0.380229
1,0.395983
1,0.416733
1,0.375558
1,0.490972
1,0.423566
1,0.374303
1,0.445389
1,0.436668
1,0.410896
1,0.431670
1,0.426388
1,0.477796
1,0.433291
1,0.469948
1,0.417460
1,0.342393
1,0.451971
1,0.522281
1,0.431399
0,0.676049
0,0.671097
0,0.663751
0,0.706964
0,0.521619
0,0.679506
0,0.785730
0,0.627907
0,0.587293
0,0.646013
0,0.736169
0,0.649707
0,0.651527
0,0.687111
0,0.700494
0,0.666873
0,0.723392
0,0.773637
0,0.577240
0,0.719688
0,0.750942
0,0.661664
0,0.754884
0,0.687718
0,0.744695
0,0.686462
0,0.665276
0,0.747462
0,0.744716
0,0.628802
0,0.618479
0,0.569071
0,0.683760
0,0.643486
0,0.668069
0,0.672626
0,0.633417
0,0.718560
0,0.602846
0,0.629332
0,0.622355
0,0.734150
0,0.728809
0,0.721848
0,0.699330
0,0.609166
0,0.521635
0,0.628470
0,0.582027
0,0.618851
0,0.577425
0,0.610544
0,0.693475
0,0.671267
0,0.600522
0,0.686322
0,0.715662
0,0.602500
0,0.561319
0,0.723672
0,0.621379
0,0.622620
0,0.721848
0,0.678634
0,0.638695
0,0.673193
0,0.698762
0,0.693627
0,0.644656
0,0.513865
0,0.608311
0,0.681185
0,0.772822
0,0.784406
0,0.679323
0,0.696667
0,0.746242
0,0.435579
0,0.440029
0,0.442087
0,0.450539
0,0.477906
0,0.470150
0,0.577000
0,0.605149
0,0.461857
0,0.534114
0,0.477231
0,0.496142
0,0.527043
0,0.608854
0,0.559257
0,0.592270
0,0.600717
0,0.544741
0,0.533386
0,0.606678
0,0.640146
0,0.541179
0,0.615349
0,0.591355
0,0.617759
0,0.503834
0,0.576674
0,0.500005
0,0.560797
0,0.433215
0,0.645754
0,0.462709
0,0.537380
0,0.547371
0,0.635652
0,0.551530
0,0.622932
0,0.569496
0,0.530625
0,0.589874
0,0.509307
0,0.532019
0,0.603415
0,0.644942
0,0.652387
0,0.651350
0,0.653364
1,0.538411
1,0.558946
1,0.592310
1,0.565922
1,0.498769
1,0.527221
1,0.533888
1,0.546103
1,0.554311
1,0.566185
1,0.546476
1,0.574679
1,0.558243
1,0.555157
1,0.541995
1,0.579985
1,0.569185
1,0.579571
1,0.538258
1,0.547250
1,0.516755
1,0.545997
1,0.523689
1,0.567018
1,0.546184
1,0.556306
1,0.534419
1,0.584885
1,0.540913
1,0.557769
1,0.579835
1,0.559036
1,0.560432
1,0.558055
1,0.565317
1,0.550387
1,0.545737
1,0.565343
1,0.533496
1,0.547297
1,0.520990
1,0.570053
1,0.525591
1,0.546188
1,0.548027
1,0.539820
1,0.526353
1,0.503383
1,0.538975
1,0.541655
1,0.537141
1,0.556432
1,0.577609
1,0.555170
1,0.541052
1,0.509645
1,0.572270
1,0.520622
1,0.575239
1,0.578632
0,0.427078
0,0.431991
0,0.425969
0,0.372713
0,0.434689
0,0.433478
0,0.421746
0,0.488081
0,0.530709
0,0.405427
0,0.428134
0,0.411218
0,0.426670
0,0.441273
0,0.539999
0,0.450437
0,0.489419
0,0.406150
0,0.485095
0,0.461739
0,0.523859
0,0.443526
0,0.468730
0,0.400863
0,0.470188
0,0.384171
0,0.419574
0,0.405038
0,0.487790
0,0.521846
0,0.401909
0,0.614426
0,0.429301
0,0.445025
0,0.523219
0,0.386642
0,0.401697
0,0.400891
0,0.405553
0,0.411493
0,0.452324
0,0.452506
0,0.437512
0,0.475526
0,0.406938
0,0.491093
0,0.393571
0,0.405436
0,0.508547
0,0.485728
0,0.480759
0,0.469107
0,0.411643
0,0.424582
0,0.413607
0,0.439287
0,0.437717
0,0.426209
0,0.373284
0,0.536154
0,0.415566
0,0.443433
0,0.466847
0,0.532370
0,0.430595
0,0.447791
0,0.505618
0,0.423854
0,0.437560
0,0.371782
0,0.551537
0,0.389069
0,0.518576
0,0.553938
0,0.466118
0,0.468790
0,0.473458
0,0.400137
0,0.413326
0,0.405505
0,0.435361
0,0.419857
0,0.383422
0,0.517359
0,0.438237
0,0.447565
0,0.450887
0,0.419531
0,0.425982
0,0.400625
0,0.408865
0,0.611411
0,0.498955
0,0.437061
0,0.429023
0,0.432746
0,0.363781
0,0.419710
0,0.401422
0,0.341306
1,0.401604
1,0.425111
1,0.433032
1,0.439778
1,0.441032
1,0.439609
1,0.383999
1,0.359644
1,0.398270
1,0.397065
1,0.430582
1,0.460961
1,0.416213
1,0.406565
1,0.398554
1,0.396270
1,0.445192
1,0.417718
1,0.428889
1,0.413707
1,0.467393
1,0.411313
1,0.423371
1,0.439793
1,0.435272
1,0.399195
1,0.438254
1,0.439820
1,0.423006
1,0.412395
1,0.478249
1,0.455077
1,0.450393
1,0.418089
1,0.413824
1,0.513965
1,0.437870
1,0.438446
1,0.476607
1,0.497194
1,0.454080
1,0.384909
1,0.387273
1,0.397297
1,0.455301
1,0.393741
1,0.449020
1,0.453869
1,0.412426
1,0.435632
1,0.452264
1,0.439851
1,0.416517
1,0.395064
1,0.491717
1,0.438136
1,0.491514
1,0.443458
1,0.385992
1,0.396883
1,0.473404
1,0.441799
1,0.454412
1,0.500360
1,0.550133
1,0.550497
1,0.583677
1,0.590774
1,0.572802
1,0.533573
1,0.523809
1,0.490976
1,0.494882
1,0.571016
1,0.512100
1,0.543924
1,0.519566
1,0.539123
1,0.503798
1,0.504267
1,0.558133
1,0.516130
1,0.511331
1,0.496790
1,0.518768
1,0.513791
1,0.497807
1,0.523467
1,0.592480
1,0.604153
1,0.536624
1,0.593054
1,0.581885
1,0.581244
1,0.524275
1,0.613809
1,0.583939
1,0.608887
1,0.584191
1,0.652912
1,0.566263
1,0.513113
1,0.544172
1,0.613778
1,0.571557
1,0.483536
1,0.554311
1,0.614577
1,0.581832
1,0.603177
1,0.504560
1,0.615601
1,0.642305
1,0.603772
1,0.606154
1,0.568108
0,0.373092
0,0.395439
0,0.391964
0,0.436877
0,0.437464
0,0.365795
0,0.397397
0,0.433633
0,0.404254
0,0.362137
0,0.455536
0,0.431881
0,0.449626
0,0.354803
0,0.437109
0,0.432413
0,0.468849
0,0.406771
0,0.421593
0,0.444396
0,0.456905
0,0.374564
0,0.396392
0,0.409204
0,0.432968
0,0.447771
0,0.438669
0,0.435470
0,0.378735
0,0.394365
0,0.421368
0,0.452818
0,0.439919
0,0.402294
0,0.393244
0,0.395322
0,0.388395
0,0.403321
0,0.447027
0,0.402872
0,0.411151
0,0.410695
0,0.385495
0,0.462501
0,0.435975
0,0.387327
0,0.426223
0,0.384874
0,0.373962
0,0.446450
0,0.434519
0,0.363075
0,0.379125
0,0.414613
0,0.409101
0,0.408427
0,0.418757
0,0.423903
0,0.429305
0,0.369241
0,0.371556
0,0.382586
0,0.373410
0,0.427361
0,0.415106
0,0.425615
0,0.365528
0,0.420865
0,0.377420
0,0.397694
0,0.453929
0,0.391768
0,0.397651
0,0.403574
0,0.399202
0,0.409332
0,0.436789
0,0.346285
0,0.295087
0,0.333742
0,0.345316
0,0.351171
0,0.356478
0,0.345116
0,0.334309
0,0.372730
0,0.347818
0,0.337238
0,0.330812
0,0.379549
0,0.374112
0,0.399667
0,0.332986
0,0.381570
0,0.374994
0,0.323776
0,0.348688
0,0.351114
0,0.377452
0,0.344944
0,0.351817
0,0.357887
0,0.325824
0,0.304891
0,0.373493
0,0.309947
0,0.302384
0,0.355135
0,0.361696
0,0.313942
0,0.306693
0,0.359754
0,0.360459
0,0.310996
0,0.335286
0,0.341539
0,0.357886
0,0.348237
0,0.297851
0,0.361388
0,0.338692
0,0.299919
0,0.340745
0,0.334150
0,0.361014
0,0.312484
0,0.338209
0,0.359258
0,0.380888
0,0.336777
0,0.374463
0,0.327301
0,0.344620
0,0.325322
0,0.338879
0,0.353192
0,0.394253
0,0.324999
0,0.343423
0,0.342981
0,0.340661
0,0.305726
0,0.358044
0,0.325405
0,0.335903
0,0.326545
0,0.350020
0,0.342236
0,0.351567
0,0.347332
0,0.368443
0,0.412482
0,0.354080
0,0.394890
0,0.380779
0,0.353437
0,0.348747
0,0.541245
0,0.616211
0,0.636706
0,0.508566
0,0.512217
0,0.588794
0,0.527449
0,0.511088
0,0.583198
0,0.548176
0,0.528386
0,0.608318
0,0.585018
0,0.563802
0,0.513039
0,0.493346
0,0.590892
0,0.533593
0,0.518468
0,0.406997
0,0.560750
0,0.515580
0,0.512599
0,0.569846
0,0.595398
0,0.594900
0,0.538737
0,0.506966
0,0.582589
0,0.586564
0,0.553464
0,0.576234
0,0.622137
0,0.601873
0,0.589650
0,0.563662
0,0.543887
0,0.554968
0,0.597189
0,0.597036
0,0.508629
0,0.629958
0,0.596376
0,0.613069
0,0.564524
0,0.549787
0,0.583181
0,0.571770
0,0.562128
0,0.459175
0,0.594058
0,0.508798
0,0.484286
0,0.543292
0,0.509916
0,0.524731
0,0.414332
0,0.587570
0,0.471257
0,0.669683
0,0.544549
0,0.626135
0,0.565095
0,0.521934
0,0.542506
0,0.466188
0,0.545352
0,0.488892
0,0.503979
0,0.678910
0,0.539709
0,0.577864
0,0.477406
0,0.497130
0,0.606153
0,0.526141
0,0.596649
0,0.610209
0,0.573638
0,0.523858
0,0.633880
0,0.557896
0,0.624622
0,0.653114
0,0.478216
0,0.609373
0,0.557415
0,0.571170
0,0.548773
0,0.514150
0,0.553654
0,0.508044
0,0.528990
0,0.483346
0,0.634439
0,0.478749
0,0.580227
0,0.483250
0,0.529295
0,0.533399
0,0.549904
0,0.496412
0,0.548182
0,0.405482
0,0.449754
0,0.488960
0,0.501398
0,0.448253
0,0.572448
0,0.495542
0,0.535951
0,0.469877
0,0.459510
0,0.555709
0,0.449418
0,0.464243
0,0.465374
0,0.473522
0,0.485479
0,0.536887
0,0.430107
0,0.508330
0,0.438981
0,0.490075
0,0.479073
0,0.474454
0,0.473191
0,0.480679
0,0.614876
0,0.529441
0,0.471206
0,0.447457
0,0.481324
0,0.443860
0,0.525076
0,0.409055
0,0.453449
0,0.452976
0,0.432303
0,0.504664
0,0.397370
0,0.481191
0,0.379028
0,0.422291
0,0.432102
0,0.436027
0,0.430698
0,0.490392
0,0.430004
0,0.436930
0,0.466634
0,0.498393
0,0.518978
0,0.511199
0,0.493853
0,0.542557
0,0.426375
0,0.393306
0,0.457475
0,0.489320
0,0.508785
0,0.484452
0,0.486126
0,0.517866
0,0.460131
0,0.467025
0,0.436097
0,0.499963
0,0.469939
0,0.454086
0,0.460989
0,0.447146
0,0.505298
0,0.439057
0,0.562922
0,0.402125
0,0.404895
0,0.439170
0,0.396644
0,0.420008
0,0.442184
0,0.480252
0,0.424264
0,0.471627
0,0.483603
0,0.459194
0,0.469069
0,0.451515
0,0.594660
0,0.450848
0,0.445880
0,0.456478
0,0.462871
0,0.434653
0,0.549647
0,0.436765
0,0.464555
0,0.450016
0,0.460367
0,0.475736
0,0.462761
0,0.459359
0,0.491992
0,0.436325
0,0.441454
0,0.484110
0,0.500811
0,0.468967
0,0.444067
0,0.474485
0,0.418424
0,0.473413
0,0.436848
0,0.459273
0,0.464757
0,0.484628
0,0.558056
0,0.529796
0,0.377857
0,0.438244
0,0.406362
0,0.413193
0,0.452471
0,0.472668
0,0.466814
0,0.476861
0,0.397478
0,0.426440
0,0.424024
0,0.395245
0,0.407935
0,0.436328
0,0.450522
0,0.395685
0,0.451082
0,0.421571
0,0.481467
0,0.502292
0,0.412563
0,0.447707
0,0.433303
0,0.496441
0,0.424206
0,0.514274
0,0.442084
0,0.398113
0,0.398130
0,0.455411
0,0.445879
0,0.489909
0,0.473682
0,0.425002
0,0.422717
0,0.435905
0,0.445535
0,0.436454
0,0.484190
0,0.414949
0,0.409801
0,0.415191
0,0.524912
0,0.471427
0,0.438489
0,0.529493
0,0.469827
0,0.419250
0,0.404689
0,0.545916
0,0.486784
0,0.516814
0,0.456050
0,0.428702
0,0.419208
0,0.505980
0,0.418584
0,0.435022
0,0.454709
0,0.489254
0,0.458786
0,0.420858
0,0.470594
0,0.500383
0,0.560951
0,0.493933
0,0.470665
0,0.457922
0,0.426661
0,0.486181
0,0.437184
0,0.488443
0,0.456348
0,0.421375
0,0.490076
0,0.468926
0,0.485997
0,0.531631
0,0.408497
0,0.462530
0,0.468398
0,0.466726
0,0.455079
0,0.399943
0,0.402183
0,0.473495
0,0.429664
0,0.422138
0,0.454321
0,0.410088
0,0.355630
0,0.425970
0,0.345994
0,0.378069
0,0.402338
0,0.478354
0,0.431921
0,0.433114
0,0.438668
0,0.424389
0,0.470631
0,0.402610
0,0.397619
0,0.439263
0,0.491369
0,0.468162
0,0.468738
0,0.421355
0,0.387016
0,0.383225
0,0.384274
0,0.384011
0,0.398245
0,0.360562
0,0.441031
0,0.380813
0,0.417999
0,0.426860
0,0.413051
0,0.404254
0,0.359067
0,0.349523
0,0.389477
0,0.441429
0,0.448367
0,0.425312
0,0.403175
0,0.400398
0,0.355133
0,0.455654
0,0.418786
0,0.437800
0,0.387717
0,0.409727
0,0.434818
0,0.419301
0,0.394891
0,0.420584
0,0.437784
0,0.393067
0,0.414549
0,0.468926
0,0.460080
0,0.498529
0,0.495612
0,0.460846
0,0.463580
0,0.471746
0,0.439912
0,0.384737
0,0.417260
0,0.407143
0,0.397450
0,0.428137
0,0.411964
0,0.339514
0,0.397613
0,0.379291
0,0.467075
0,0.508526
0,0.407984
0,0.378391
0,0.425844
0,0.411912
0,0.379658
0,0.428907
0,0.471014
0,0.375170
0,0.431692
0,0.411795
0,0.495729
0,0.384941
0,0.420961
0,0.387075
0,0.418811
0,0.394019
0,0.432990
0,0.425760
0,0.439311
0,0.358702
0,0.386878
0,0.367807
1,0.756564
1,0.783706
1,0.803877
1,0.781410
1,0.804024
1,0.809265
1,0.829714
1,0.795107
1,0.800346
1,0.827131
1,0.851013
1,0.821672
1,0.844449
1,0.842201
1,0.697473
1,0.688394
1,0.685211
1,0.704442
1,0.713739
1,0.797848
1,0.789546
1,0.779349
1,0.670407
1,0.679233
1,0.819155
1,0.612743
1,0.802131
1,0.674746
1,0.682302
1,0.823767
1,0.797852
1,0.797668
1,0.695696
1,0.819598
1,0.808819
1,0.812998
1,0.845264
1,0.828812
1,0.830701
1,0.799477
1,0.803543
1,0.812541
1,0.787749
1,0.820536
1,0.795748
1,0.794265
1,0.782210
1,0.812626
1,0.795302
1,0.800068
1,0.777513
1,0.796407
1,0.791671
1,0.793161
1,0.804914
1,0.825789
1,0.820436
1,0.778520
1,0.814165
1,0.829577
1,0.778750
1,0.799518
1,0.793926
1,0.806675
1,0.812672
1,0.804875
1,0.809785
1,0.825141
1,0.787426
1,0.788519
1,0.794622
1,0.784466
1,0.822525
1,0.798236
1,0.769611
1,0.811987
1,0.825246
1,0.811310
1,0.823081
1,0.815616
1,0.817015
1,0.783533
1,0.798999
1,0.837734
1,0.819933
1,0.819017
1,0.832395
1,0.800137
1,0.804764
1,0.816064
1,0.810092
1,0.798385
1,0.790806
1,0.782585
1,0.777967
0,0.480540
0,0.469751
0,0.486797
0,0.531050
0,0.506058
0,0.507045
0,0.502953
0,0.465598
0,0.451820
0,0.491870
0,0.512256
0,0.480557
0,0.457288
0,0.469775
0,0.527117
0,0.486783
0,0.471031
0,0.475596
0,0.510772
0,0.486933
0,0.494537
0,0.494433
0,0.505192
0,0.563020
0,0.529091
0,0.527266
0,0.480869
0,0.486409
0,0.495659
0,0.509924
0,0.479233
0,0.502951
0,0.486960
0,0.489480
0,0.432005
0,0.431053
0,0.555392
0,0.479614
0,0.520596
0,0.514383
0,0.474328
0,0.504100
0,0.498607
0,0.521914
0,0.508656
0,0.536613
0,0.528316
0,0.474925
0,0.505783
0,0.492626
0,0.504634
0,0.483636
0,0.493859
0,0.356512
0,0.428425
0,0.419947
0,0.408389
0,0.377705
0,0.352936
0,0.366337
0,0.372009
0,0.366782
0,0.410225
0,0.375941
0,0.323369
0,0.421506
0,0.454767
0,0.296106
0,0.335749
0,0.318808
0,0.375444
0,0.376742
0,0.398827
0,0.370720
0,0.378222
0,0.357739
0,0.416168
0,0.371405
0,0.385910
0,0.414895
0,0.623048
0,0.458328
0,0.426832
0,0.423799
0,0.347739
0,0.377427
0,0.362533
0,0.394106
0,0.342294
0,0.315856
0,0.321953
0,0.434104
0,0.497431
0,0.448087
0,0.494259
0,0.413906
0,0.539498
0,0.437490
0,0.454283
0,0.446003
0,0.420309
0,0.383184
0,0.443398
0,0.391380
0,0.406201
0,0.369650
0,0.353232
0,0.418135
0,0.358357
0,0.318104
0,0.351243
0,0.310160
0,0.367286
0,0.453588
0,0.393892
0,0.355616
0,0.378317
0,0.403679
0,0.343540
0,0.365340
0,0.370219
0,0.333152
0,0.362155
0,0.397971
0,0.392260
0,0.464264
0,0.409100
0,0.389132
0,0.385658
0,0.395640
0,0.430742
0,0.372742
0,0.367869
0,0.353046
0,0.448426
0,0.393237
0,0.417238
0,0.417224
0,0.476686
0,0.411425
0,0.508493
0,0.348769
0,0.328583
0,0.428718
0,0.452893
0,0.317333
0,0.359355
0,0.389592
0,0.375467
0,0.442439
0,0.358889
0,0.412037
0,0.446124
1,0.597797
1,0.621721
1,0.552494
1,0.561306
1,0.598304
1,0.573315
1,0.589003
1,0.559726
1,0.535036
1,0.600720
1,0.611944
1,0.584949
1,0.580268
1,0.527880
1,0.517384
1,0.588795
1,0.620174
1,0.588518
1,0.533149
1,0.656903
1,0.613737
1,0.628533
1,0.648518
1,0.634304
1,0.634948
1,0.613364
1,0.607677
1,0.563014
1,0.536106
1,0.585199
1,0.518586
1,0.544035
1,0.509123
1,0.503047
1,0.549934
1,0.544317
1,0.640740
1,0.618778
1,0.616085
1,0.647677
1,0.624210
1,0.620385
1,0.622739
1,0.563082
1,0.512604
1,0.563214
1,0.645767
1,0.657203
1,0.552239
1,0.660814
1,0.607118
1,0.712658
1,0.646108
1,0.688686
1,0.617063
1,0.602993
1,0.593395
1,0.557121
1,0.592917
1,0.545624
1,0.565126
1,0.541636
1,0.562037
1,0.612293
1,0.659947
1,0.639736
1,0.592510
1,0.610887
1,0.594798
1,0.607060
1,0.581911
1,0.587644
1,0.584028
1,0.540006
1,0.570529
1,0.578435
1,0.520361
1,0.591577
1,0.569953
1,0.622376
1,0.599674
1,0.619129
1,0.556194
1,0.601826
1,0.598503
1,0.617369
1,0.576769
1,0.614392
1,0.673314
1,0.623163
1,0.632813
1,0.626500
1,0.574382
1,0.620613
1,0.553643
1,0.585939
1,0.551363
1,0.552598
1,0.611943
1,0.582005
1,0.563837
1,0.579248
1,0.565334
1,0.576290
1,0.570589
1,0.569883
1,0.583071
1,0.578932
1,0.570237
1,0.557004
1,0.603701
1,0.585079
1,0.601425
1,0.672432
1,0.583160
1,0.571633
1,0.536571
1,0.574065
1,0.616116
1,0.552349
1,0.580434
1,0.615648
1,0.592346
1,0.570159
1,0.604421
1,0.593723
1,0.579224
1,0.518482
1,0.559281
1,0.567722
1,0.600694
1,0.595969
1,0.604664
1,0.533061
1,0.491776
1,0.562080
1,0.606326
1,0.589906
1,0.580225
1,0.539259
1,0.607950
1,0.527179
1,0.494641
1,0.475211
1,0.550436
1,0.519708
1,0.527476
1,0.453905
1,0.547184
1,0.595388
1,0.439522
1,0.543246
1,0.490871
1,0.607863
1,0.603488
1,0.613717
1,0.561047
1,0.612166
1,0.564075
1,0.528528
1,0.497412
1,0.582912
1,0.504693
1,0.516403
1,0.477285
1,0.551502
1,0.498812
1,0.530284
1,0.505145
1,0.450810
1,0.382501
1,0.551918
1,0.575546
1,0.547847
1,0.482818
1,0.587261
1,0.530191
1,0.448799
1,0.467226
1,0.601790
1,0.541797
1,0.551187
1,0.518214
1,0.471806
1,0.503469
1,0.584200
1,0.553066
1,0.499284
1,0.536641
1,0.461693
1,0.482402
1,0.561371
1,0.530663
1,0.505285
1,0.495550
1,0.555123
1,0.545646
0,0.557515
0,0.472293
0,0.498223
0,0.552659
0,0.488730
0,0.585382
0,0.577905
0,0.646234
0,0.518077
0,0.447015
0,0.504067
0,0.520802
0,0.534289
0,0.488005
0,0.510182
0,0.623792
0,0.586740
0,0.605806
0,0.568631
0,0.616641
0,0.679256
0,0.666468
0,0.544756
0,0.552728
0,0.599935
0,0.560610
0,0.591616
0,0.572538
0,0.565550
0,0.598671
0,0.441940
0,0.478217
0,0.489659
0,0.551290
0,0.594804
0,0.602707
0,0.564493
0,0.656207
0,0.590800
0,0.598259
0,0.634562
0,0.626817
0,0.657779
0,0.606057
0,0.620525
0,0.535546
0,0.536470
0,0.543414
0,0.453846
0,0.447214
0,0.411198
0,0.522255
0,0.589523
0,0.600628
0,0.606521
0,0.611945
0,0.566384
0,0.541573
0,0.613429
0,0.580603
0,0.539709
0,0.434673
0,0.412017
0,0.458472
0,0.474497
0,0.503540
0,0.480495
0,0.483379
0,0.517528
0,0.531052
0,0.470838
0,0.458752
0,0.454796
0,0.471686
0,0.551141
0,0.466737
0,0.543149
0,0.490778
0,0.512925
0,0.531333
0,0.536250
0,0.517229
0,0.388808
0,0.512546
0,0.464299
0,0.418612
0,0.424721
0,0.479065
0,0.600006
0,0.546510
0,0.549608
0,0.517012
0,0.598672
0,0.550811
0,0.619624
0,0.541515
0,0.461107
0,0.464856
0,0.410634
0,0.477549
0,0.489894
0,0.496854
0,0.520229
0,0.514350
0,0.601820
0,0.516975
0,0.548125
0,0.486408
0,0.441259
0,0.462905
0,0.376337
0,0.393645
0,0.487486
0,0.572752
0,0.516094
0,0.527465
0,0.564609
0,0.581370
0,0.526644
0,0.599178
0,0.564850
0,0.517411
0,0.510773
0,0.502414
0,0.463060
0,0.405586
0,0.528527
0,0.529034
0,0.546962
0,0.494064
0,0.464462
0,0.522483
0,0.504345
0,0.490214
0,0.541538
0,0.471879
0,0.553417
0,0.349398
0,0.522550
0,0.528088
0,0.469953
0,0.433693
0,0.417513
0,0.420288
0,0.399074
0,0.457095
0,0.506187
0,0.487660
0,0.392721
0,0.403984
0,0.467688
0,0.452828
0,0.461186
0,0.447632
0,0.466826
0,0.488386
0,0.610127
1,0.546118
1,0.603961
1,0.649233
1,0.606120
1,0.625322
1,0.665036
1,0.585905
1,0.646857
1,0.639197
1,0.569197
1,0.630454
1,0.613148
1,0.616732
1,0.539801
1,0.548802
1,0.583562
1,0.531515
1,0.624260
1,0.571471
1,0.631495
1,0.647807
1,0.518442
1,0.472791
1,0.589375
1,0.434557
1,0.563588
1,0.499776
1,0.657555
1,0.683185
1,0.648226
1,0.690408
1,0.592392
1,0.516536
1,0.580634
1,0.542122
1,0.504529
1,0.494883
1,0.575171
1,0.631020
1,0.585196
1,0.530878
1,0.611076
1,0.656141
1,0.624402
1,0.674576
1,0.597087
1,0.607330
1,0.548727
1,0.542739
1,0.579693
1,0.627454
1,0.617601
1,0.665767
1,0.598808
1,0.672883
1,0.600330
1,0.616420
1,0.648263
1,0.643625
1,0.504614
1,0.478879
1,0.553338
1,0.612373
1,0.593628
1,0.577953
1,0.587452
1,0.632184
1,0.656937
1,0.539201
1,0.590423
1,0.642342
1,0.668426
1,0.579214
1,0.523816
1,0.508166
1,0.582908
1,0.553485
1,0.630408
1,0.633236
1,0.679045
1,0.538941
1,0.533014
1,0.592746
1,0.563899
1,0.591706
1,0.657414
1,0.652414
1,0.532519
1,0.638144
1,0.441337
1,0.515264
1,0.536152
1,0.532806
1,0.535022
1,0.575981
1,0.591639
1,0.455402
1,0.555317
1,0.468110
1,0.600253
1,0.615236
1,0.585372
1,0.657309
1,0.721055
1,0.700641
1,0.660939
1,0.613033
1,0.666826
1,0.641764
1,0.608372
1,0.602026
1,0.649176
1,0.635686
1,0.649098
1,0.638035
1,0.606026
1,0.661669
1,0.592751
1,0.601828
1,0.670438
1,0.624448
1,0.716324
1,0.665531
1,0.688588
1,0.624051
1,0.680378
1,0.538360
1,0.618919
1,0.630562
1,0.571226
1,0.531974
1,0.626524
1,0.556650
1,0.666232
1,0.615714
1,0.639279
1,0.627561
1,0.639844
1,0.655474
1,0.669520
1,0.643357
1,0.591749
1,0.712516
1,0.616476
1,0.715055
1,0.594179
1,0.658115
1,0.662619
1,0.642311
1,0.597262
1,0.617305
1,0.638359
1,0.591257
1,0.606686
1,0.682377
1,0.574538
1,0.603152
1,0.647021
1,0.590291
1,0.611784
1,0.656419
1,0.627763
1,0.485998
1,0.704332
1,0.685808
1,0.641501
1,0.713980
1,0.684306
1,0.630240
1,0.622341
1,0.672295
1,0.651350
1,0.518308
1,0.616907
1,0.682306
1,0.648965
1,0.657268
1,0.598598
1,0.633377
1,0.631013
1,0.661186
1,0.635237
1,0.591848
1,0.607614
1,0.631445
1,0.623987
1,0.648125
1,0.619772
1,0.638863
1,0.663348
1,0.558315
1,0.662886
1,0.682169
1,0.662011
1,0.604612
1,0.580677
1,0.658975
1,0.675864
1,0.643745
1,0.618873
1,0.645914
1,0.650222
1,0.616867
1,0.689786
1,0.593568
1,0.723988
1,0.710717
1,0.720967
1,0.708192
1,0.767465
1,0.704122
1,0.710395
1,0.775713
1,0.755377
1,0.687213
1,0.848438
1,0.722797
1,0.773567
1,0.783410
1,0.818770
1,0.686129
1,0.718768
1,0.838317
1,0.699495
1,0.703669
1,0.724037
1,0.744485
1,0.672491
1,0.774996
1,0.711335
1,0.703577
1,0.729994
1,0.770339
1,0.785641
1,0.780911
1,0.779109
1,0.827075
1,0.763750
1,0.766278
1,0.754933
1,0.732280
1,0.733821
1,0.757911
1,0.774950
1,0.789499
1,0.801317
1,0.830164
1,0.776447
1,0.724458
1,0.748699
1,0.759322
0,0.515192
0,0.573304
0,0.498590
0,0.503266
0,0.501607
0,0.417130
0,0.434335
0,0.496340
0,0.462699
0,0.512013
0,0.458993
0,0.458541
0,0.506558
0,0.502404
0,0.522996
0,0.508639
0,0.484018
0,0.424366
0,0.391462
0,0.475439
0,0.462343
0,0.449340
0,0.532554
0,0.451651
0,0.447602
0,0.522065
0,0.445379
0,0.494106
0,0.514715
0,0.540853
0,0.508993
0,0.496047
0,0.515671
0,0.580713
0,0.480600
0,0.450138
0,0.445663
0,0.460885
0,0.479332
0,0.440997
0,0.500469
0,0.627408
0,0.536985
0,0.552528
0,0.541135
0,0.481535
0,0.447327
0,0.447955
0,0.510880
0,0.434317
0,0.510334
0,0.489273
0,0.461741
0,0.494440
0,0.428108
0,0.483217
0,0.478487
0,0.485031
0,0.523138
0,0.503701
0,0.534557
0,0.422119
0,0.536665
0,0.510504
0,0.513384
0,0.471074
0,0.479462
0,0.558549
0,0.453539
0,0.470108
0,0.474272
0,0.463112
0,0.500469
0,0.525599
0,0.471612
0,0.508684
0,0.444291
0,0.541157
0,0.511921
0,0.499385
0,0.515232
0,0.502102
0,0.489629
0,0.504877
0,0.514938
0,0.426579
0,0.476534
0,0.412510
0,0.426986
0,0.461595
0,0.478838
0,0.426400
0,0.481882
0,0.465766
0,0.436831
0,0.514646
0,0.501243
0,0.479279
0,0.452743
0,0.492359
0,0.442273
0,0.447302
0,0.423046
0,0.443087
0,0.426360
0,0.424562
0,0.387268
0,0.382863
0,0.389159
0,0.408370
0,0.409487
0,0.500088
0,0.415482
0,0.438089
0,0.480046
0,0.443285
0,0.457881
0,0.439288
0,0.485463
0,0.460958
0,0.462105
0,0.460246
0,0.418774
0,0.404632
0,0.403849
0,0.408531
0,0.400160
0,0.398164
0,0.398099
0,0.364196
0,0.403214
0,0.421462
0,0.449116
0,0.396590
0,0.398062
0,0.379464
0,0.401892
0,0.395057
0,0.392492
0,0.403360
0,0.407240
0,0.427318
0,0.408055
0,0.415256
0,0.476230
0,0.842512
0,0.381166
0,0.424722
0,0.418653
0,0.478652
0,0.427956
0,0.485438
0,0.417756
0,0.410763
0,0.419763
0,0.420750
0,0.409192
0,0.468769
0,0.453934
0,0.426513
0,0.437560
0,0.428847
1,0.655719
1,0.653135
1,0.661682
1,0.650560
1,0.668208
1,0.688795
1,0.686675
1,0.677454
1,0.677939
1,0.669261
1,0.661566
1,0.655354
1,0.660564
1,0.671039
1,0.495027
1,0.546458
1,0.586716
1,0.592774
1,0.577947
1,0.619142
1,0.580254
1,0.573657
1,0.572728
1,0.588033
1,0.596508
1,0.603372
1,0.601947
1,0.599499
1,0.610633
1,0.607584
1,0.627374
1,0.583824
1,0.578910
1,0.571861
1,0.570164
1,0.587408
1,0.572160
1,0.591664
1,0.575838
1,0.578614
1,0.588345
1,0.593648
1,0.596348
1,0.573348
1,0.586436
1,0.493436
1,0.624697
1,0.662825
1,0.675959
1,0.675283
1,0.663581
1,0.669887
1,0.686365
1,0.672910
1,0.660367
1,0.667152
1,0.670759
1,0.659455
1,0.699374
1,0.664054
1,0.684898
1,0.660348
1,0.511523
1,0.596662
1,0.509630
1,0.535882
1,0.576447
1,0.517010
1,0.506400
1,0.620585
1,0.565206
1,0.615925
1,0.560617
1,0.600024
1,0.576842
1,0.589229
1,0.559749
1,0.592172
1,0.566507
1,0.513891
1,0.445968
1,0.547126
1,0.495358
1,0.513664
1,0.521172
1,0.451649
1,0.556384
1,0.505391
1,0.532754
1,0.481413
1,0.516741
1,0.539168
1,0.515618
1,0.563649
1,0.604237
1,0.528583
1,0.544520
1,0.579939
1,0.591632
1,0.571846
1,0.565947
1,0.502588
1,0.621995
1,0.645008
1,0.568106
1,0.541431
1,0.595150
1,0.476304
1,0.621835
1,0.578994
1,0.608949
1,0.572409
1,0.598614
1,0.624188
1,0.533908
1,0.598184
1,0.535551
1,0.566356
1,0.576194
1,0.537364
1,0.548455
1,0.696271
1,0.717959
1,0.610360
1,0.519600
1,0.589586
1,0.588182
1,0.624100
1,0.596600
1,0.626272
1,0.696319
1,0.688362
1,0.660441
1,0.544058
1,0.518157
1,0.516292
1,0.550439
1,0.489000
1,0.514998
1,0.522281
1,0.575301
1,0.499098
1,0.506729
1,0.552325
1,0.477557
1,0.550096
0,0.401695
0,0.440541
0,0.564489
0,0.601531
0,0.608918
0,0.502005
0,0.472585
0,0.469876
0,0.420642
0,0.576884
0,0.558956
0,0.518660
0,0.514794
0,0.445355
0,0.580072
0,0.707455
0,0.733063
0,0.762510
0,0.730181
0,0.553172
0,0.520027
0,0.424874
0,0.432977
0,0.542601
0,0.584744
0,0.435575
0,0.435270
0,0.525910
0,0.652464
0,0.683065
0,0.534076
0,0.530098
0,0.445110
0,0.504951
0,0.520141
0,0.472520
0,0.399562
0,0.692463
0,0.735815
0,0.731923
0,0.762895
0,0.713739
0,0.445480
0,0.441693
0,0.458509
0,0.487431
0,0.434077
0,0.462877
0,0.408168
0,0.524957
0,0.539014
0,0.477784
0,0.474743
0,0.406570
0,0.395401
0,0.461936
0,0.456120
0,0.501653
0,0.500308
0,0.470097
0,0.497033
0,0.562373
0,0.450444
0,0.478521
0,0.482615
0,0.716342
0,0.685678
0,0.666200
0,0.485498
0,0.564602
0,0.502922
0,0.466987
0,0.558506
0,0.577930
0,0.771991
0,0.679974
0,0.727881
0,0.750716
0,0.769145
0,0.438333
0,0.548907
0,0.436743
0,0.612826
0,0.524945
0,0.542639
0,0.483730
0,0.508075
0,0.610839
0,0.472857
0,0.452290
0,0.461941
0,0.473432
0,0.488615
0,0.560329
0,0.541408
0,0.467388
0,0.517057
0,0.536059
0,0.502918
0,0.490600
0,0.503878
0,0.587144
0,0.544996
0,0.434807
0,0.402989
0,0.563896
0,0.547942
0,0.573779
0,0.466112
0,0.484324
0,0.413981
0,0.439820
0,0.427332
0,0.439707
0,0.521515
0,0.580830
0,0.528687
0,0.542596
0,0.605510
0,0.471650
0,0.483959
0,0.501537
0,0.527516
0,0.426838
0,0.400034
0,0.547432
0,0.504126
0,0.559616
0,0.517487
0,0.468384
0,0.604582
0,0.599714
0,0.538278
0,0.521579
0,0.488944
0,0.445153
0,0.471733
0,0.431888
0,0.447549
0,0.472174
0,0.526483
0,0.563728
0,0.545736
0,0.546624
0,0.583454
0,0.625045
0,0.546940
0,0.493453
0,0.510914
0,0.547775
0,0.483923
0,0.432894
0,0.608919
0,0.703102
0,0.636430
0,0.657686
0,0.642966
0,0.469985
0,0.565370
0,0.581879
0,0.674757
0,0.572404
0,0.550616
0,0.467970
0,0.528845
0,0.555200
0,0.542686
0,0.510752
0,0.415804
0,0.486140
0,0.452435
0,0.401720
0,0.588087
0,0.527671
0,0.547798
0,0.541648
0,0.612045
0,0.649723
0,0.600343
0,0.552349
0,0.632902
0,0.615171
0,0.635843
0,0.597145
0,0.623428
0,0.579795
0,0.448351
0,0.472204
0,0.615374
0,0.490422
0,0.560783
0,0.520682
0,0.581727
0,0.538970
0,0.534732
0,0.557394
0,0.539197
1,0.571073
1,0.592100
1,0.511463
1,0.619376
1,0.560679
1,0.616400
1,0.689172
1,0.615320
1,0.605941
1,0.579905
1,0.452377
1,0.623355
1,0.564211
1,0.476402
1,0.523895
1,0.517672
1,0.508814
1,0.498863
1,0.551857
1,0.613289
1,0.590853
1,0.614793
1,0.607375
1,0.586183
1,0.581403
1,0.504727
1,0.514615
1,0.586044
1,0.557942
1,0.556294
1,0.551107
1,0.536371
1,0.562484
1,0.586988
1,0.587061
1,0.549318
1,0.595644
1,0.530238
1,0.602324
1,0.512902
1,0.537927
1,0.528325
1,0.576576
1,0.523139
1,0.500652
1,0.491970
1,0.600409
1,0.620348
1,0.577667
1,0.523248
1,0.591856
1,0.526496
1,0.593678
1,0.554492
1,0.589210
1,0.608897
1,0.569226
1,0.618269
1,0.623378
1,0.598891
1,0.577378
1,0.568273
1,0.631947
1,0.649447
1,0.564804
1,0.659871
1,0.541973
1,0.680742
1,0.567849
1,0.565478
1,0.553048
1,0.577850
1,0.641210
1,0.591490
1,0.610856
1,0.547620
1,0.574780
1,0.594788
1,0.530854
1,0.560701
1,0.643400
1,0.598712
1,0.545251
1,0.605452
1,0.599612
1,0.561991
1,0.581187
1,0.589194
1,0.536732
1,0.536110
1,0.614605
1,0.644089
1,0.556413
1,0.531456
1,0.525613
1,0.631315
1,0.619754
1,0.613397
1,0.542291
1,0.608773
1,0.476293
1,0.486137
1,0.442873
1,0.449470
1,0.416789
1,0.423338
1,0.423972
1,0.425752
1,0.381955
1,0.404052
1,0.423352
1,0.407104
1,0.440996
1,0.449223
1,0.442166
1,0.428654
1,0.419341
1,0.457969
1,0.433289
1,0.410441
1,0.409029
1,0.463870
1,0.414455
1,0.444135
1,0.443561
1,0.451961
1,0.468499
1,0.407142
1,0.419496
1,0.397952
1,0.508448
1,0.495416
1,0.484145
1,0.451874
1,0.466973
1,0.445009
1,0.419425
1,0.447736
1,0.397474
1,0.411818
1,0.432582
1,0.417577
1,0.427867
1,0.450064
1,0.456179
1,0.479436
1,0.437486
1,0.458409
1,0.426693
1,0.416368
1,0.425929
1,0.471922
1,0.415136
1,0.414581
1,0.455259
1,0.406866
1,0.440505
1,0.422495
1,0.503340
1,0.433273
1,0.450586
1,0.440193
1,0.418973
1,0.427272
1,0.424175
1,0.428904
1,0.437060
1,0.431101
1,0.416533
1,0.425340
1,0.439436
1,0.387249
1,0.438656
1,0.450356
1,0.432740
1,0.432544
1,0.437607
1,0.450108
1,0.479773
1,0.444343
1,0.425624
1,0.464508
1,0.477517
1,0.421115
1,0.444703
1,0.448181
1,0.432430
1,0.449511
1,0.478452
1,0.440904
1,0.420555
1,0.415556
1,0.475574
1,0.469562
1,0.441748
1,0.421722
1,0.442355
1,0.456570
1,0.394760
1,0.414924
1,0.393856
1,0.418309
1,0.427400
1,0.429522
1,0.398923
1,0.427051
1,0.420998
1,0.470757
1,0.464309
1,0.451914
1,0.439816
1,0.414733
1,0.458138
1,0.473306
1,0.450369
1,0.484728
1,0.443432
1,0.469283
1,0.433192
1,0.470594
1,0.471314
1,0.453664
1,0.471221
1,0.442796
1,0.422010
1,0.423777
1,0.420156
1,0.453160
1,0.424257
1,0.402845
1,0.430817
1,0.412209
1,0.443850
1,0.401359
1,0.413719
1,0.411824
1,0.375917
1,0.399732
1,0.452230
1,0.451232
1,0.442263
1,0.440991
1,0.413469
1,0.445159
1,0.407050
1,0.478463
1,0.468600
1,0.455945
1,0.438763
1,0.503653
1,0.462106
1,0.469900
1,0.431857
1,0.407696
1,0.420502
1,0.392669
1,0.452625
1,0.441070
1,0.398578
1,0.407840
1,0.419894
1,0.449525
1,0.407288
1,0.439690
1,0.406826
1,0.376882
1,0.401607
1,0.436256
1,0.438434
1,0.440260
1,0.424922
1,0.452491
1,0.427314
1,0.471233
1,0.422557
1,0.422791
1,0.420874
1,0.445009
1,0.431409
1,0.450302
1,0.417366
1,0.434765
1,0.432872
1,0.475414
1,0.427815
1,0.435417
1,0.429568
1,0.427882
1,0.414759
1,0.419860
1,0.410994
1,0.473370
1,0.446989
1,0.411194
0,0.388842
0,0.381782
0,0.444903
0,0.397096
0,0.387221
0,0.369265
0,0.379106
0,0.449026
0,0.471505
0,0.440536
0,0.450034
0,0.428061
0,0.385715
0,0.357511
0,0.389465
0,0.425867
0,0.353873
0,0.417396
0,0.392567
0,0.398988
0,0.404310
0,0.447367
0,0.388295
0,0.434926
0,0.420609
0,0.361688
0,0.457347
0,0.398303
0,0.406998
0,0.413245
0,0.393368
0,0.394896
0,0.416472
0,0.414342
0,0.410461
0,0.377791
0,0.342919
0,0.404074
0,0.361855
0,0.363804
0,0.369358
0,0.337662
0,0.373718
0,0.386303
0,0.346476
0,0.370164
0,0.428005
0,0.436316
0,0.374471
0,0.363055
0,0.370087
0,0.318712
0,0.377280
0,0.455314
0,0.439698
0,0.326657
0,0.351882
0,0.342496
0,0.346230
0,0.413098
0,0.477975
0,0.409209
0,0.451469
0,0.333530
0,0.483275
0,0.448964
0,0.614563
0,0.559026
0,0.572294
0,0.637628
0,0.670954
0,0.704051
0,0.654187
0,0.719910
0,0.674718
0,0.646712
0,0.676617
0,0.614912
0,0.695968
0,0.713803
0,0.706078
0,0.650161
0,0.608818
0,0.634224
0,0.632156
0,0.650548
0,0.604786
0,0.596499
0,0.600446
0,0.522978
0,0.595291
0,0.670213
0,0.693924
0,0.606278
0,0.529758
0,0.594798
0,0.640194
0,0.679640
0,0.719073
0,0.681625
0,0.697148
0,0.655191
0,0.607262
0,0.637154
0,0.598451
0,0.510950
0,0.532255
0,0.530842
0,0.581168
0,0.616243
0,0.647267
0,0.640187
0,0.651282
0,0.619230
0,0.587381
0,0.611226
0,0.644501
0,0.671290
0,0.693309
0,0.708718
0,0.709484
0,0.677784
0,0.751639
0,0.684359
0,0.696492
0,0.682894
0,0.658795
0,0.676431
0,0.627171
0,0.606436
0,0.577201
0,0.590661
0,0.602673
0,0.639802
0,0.596202
0,0.640365
0,0.612881
0,0.660641
0,0.556738
0,0.547505
0,0.550158
0,0.522934
1,0.442506
1,0.544429
1,0.460819
1,0.541504
1,0.487739
1,0.572417
1,0.557789
1,0.513613
1,0.481624
1,0.482032
1,0.569184
1,0.572433
1,0.536058
1,0.623438
1,0.554201
1,0.549506
1,0.450602
1,0.466632
1,0.385849
1,0.524579
1,0.499917
1,0.414046
1,0.446484
1,0.402914
1,0.476308
1,0.460575
1,0.440445
1,0.554420
1,0.420104
1,0.443795
1,0.447452
1,0.483154
1,0.538364
1,0.478104
1,0.443258
1,0.453846
1,0.462242
1,0.492070
1,0.473770
1,0.443912
1,0.477616
1,0.495850
1,0.428163
1,0.458202
1,0.446639
1,0.473766
1,0.439187
1,0.514101
1,0.578070
1,0.499732
1,0.452106
1,0.535764
1,0.621666
1,0.461573
1,0.490611
1,0.494933
1,0.454931
1,0.487077
1,0.510499
1,0.507483
1,0.412636
1,0.404604
1,0.516956
1,0.433145
1,0.421492
1,0.415059
1,0.462288
1,0.570716
1,0.420611
1,0.435803
1,0.379434
1,0.449569
1,0.559099
1,0.532477
1,0.474189
1,0.393844
1,0.476102
1,0.523900
1,0.435221
1,0.469254
1,0.509112
1,0.433683
1,0.478310
1,0.567821
1,0.545614
1,0.606191
1,0.586740
1,0.570705
1,0.591006
1,0.593192
1,0.495620
1,0.540558
1,0.462928
1,0.454216
1,0.483682
1,0.479630
1,0.552615
1,0.428156
1,0.495524
1,0.467314
0,0.635203
0,0.582478
0,0.659410
0,0.549981
0,0.485193
0,0.519344
0,0.577274
0,0.640529
0,0.594662
0,0.559487
0,0.562386
0,0.629584
0,0.568561
0,0.637019
0,0.570662
0,0.547337
0,0.552107
0,0.502371
0,0.556579
0,0.534839
0,0.556252
0,0.595003
0,0.593966
0,0.542962
0,0.568846
0,0.653407
0,0.572386
0,0.588271
0,0.613627
0,0.640559
0,0.658467
0,0.635635
0,0.683198
0,0.560465
0,0.711955
0,0.669695
0,0.688502
0,0.602028
0,0.631158
0,0.647825
0,0.663330
0,0.660699
0,0.639017
0,0.640179
0,0.576351
0,0.594279
0,0.563136
0,0.598852
0,0.523176
0,0.540705
0,0.612003
0,0.664279
0,0.616572
0,0.682931
0,0.536063
0,0.602293
0,0.658626
0,0.565945
0,0.499960
0,0.509602
0,0.499051
0,0.566567
0,0.516538
0,0.448452
0,0.530176
0,0.496784
0,0.533617
0,0.509247
0,0.607960
0,0.498678
0,0.473138
0,0.503692
0,0.558789
0,0.660232
0,0.428198
0,0.419854
0,0.577026
0,0.370382
0,0.473840
0,0.450576
0,0.477477
0,0.429257
0,0.479069
0,0.411206
0,0.508377
0,0.440981
0,0.462408
0,0.464960
0,0.523739
0,0.416344
0,0.526808
0,0.433139
0,0.489634
0,0.413445
0,0.475753
0,0.549058
0,0.470210
0,0.523780
0,0.492343
0,0.523528
0,0.452114
0,0.499692
0,0.506091
0,0.537511
0,0.523603
0,0.592281
0,0.651249
0,0.393915
0,0.415824
0,0.581682
0,0.499994
0,0.575866
0,0.528187
0,0.490531
0,0.552585
0,0.513821
0,0.482148
0,0.549686
0,0.486640
0,0.491667
0,0.431558
0,0.430683
0,0.433966
0,0.444847
0,0.419360
0,0.394113
0,0.430587
0,0.433537
0,0.523429
0,0.468029
0,0.394643
0,0.550686
0,0.523914
0,0.588804
0,0.508440
0,0.462930
0,0.447695
0,0.390036
0,0.541933
0,0.425264
0,0.481360
0,0.544557
0,0.517964
0,0.493658
0,0.565971
0,0.376799
0,0.486335
0,0.588795
0,0.477747
0,0.605864
0,0.541855
0,0.584602
0,0.453859
0,0.579210
0,0.462602
0,0.481431
0,0.407585
0,0.741050
0,0.712482
0,0.650763
0,0.634935
0,0.604105
0,0.648253
0,0.668708
0,0.669654
0,0.642070
0,0.659004
0,0.680666
0,0.692381
0,0.637040
0,0.705623
0,0.722353
0,0.751143
0,0.719481
0,0.761673
0,0.709261
0,0.666001
0,0.616821
0,0.737875
0,0.715134
0,0.767405
0,0.680244
0,0.720114
0,0.738616
0,0.749541
0,0.716111
0,0.706418
0,0.727004
0,0.723369
0,0.650340
0,0.641977
0,0.657097
0,0.655600
0,0.697443
0,0.649018
0,0.721559
0,0.733077
0,0.713497
0,0.718500
0,0.703711
0,0.707882
0,0.613400
0,0.589001
0,0.687736
0,0.696795
0,0.737367
0,0.700984
0,0.680796
0,0.627275
0,0.647029
0,0.688252
0,0.645753
0,0.655242
0,0.635908
0,0.661425
0,0.643099
0,0.625749
0,0.710238
0,0.534860
0,0.602205
0,0.711838
0,0.649145
0,0.670724
0,0.625644
0,0.584269
0,0.696047
0,0.607366
0,0.637588
0,0.662819
0,0.621966
0,0.652345
0,0.747759
0,0.630248
0,0.603179
0,0.644089
0,0.616283
0,0.603847
0,0.631551
0,0.638610
0,0.560642
0,0.618384
0,0.589559
0,0.606420
0,0.580728
0,0.595310
0,0.522008
0,0.606017
0,0.583535
0,0.539190
0,0.608378
0,0.690051
0,0.634763
0,0.602817
0,0.622852
0,0.603926
0,0.617208
0,0.580943
0,0.599405
0,0.628065
0,0.631286
0,0.630331
0,0.632963
0,0.622616
0,0.650619
0,0.651423
0,0.640588
0,0.643118
0,0.672230
0,0.637520
0,0.615320
0,0.644538
0,0.642234
0,0.641548
0,0.640032
0,0.627918
0,0.647492
0,0.635895
0,0.620342
0,0.621813
0,0.627522
0,0.647446
0,0.612956
0,0.619044
0,0.623721
0,0.654468
0,0.635243
0,0.621112
0,0.618647
0,0.609608
0,0.644898
0,0.635746
0,0.630374
0,0.625762
0,0.639719
0,0.639256
0,0.626165
0,0.641331
0,0.615965
0,0.611757
0,0.654998
0,0.669683
0,0.636513
0,0.634902
0,0.645491
0,0.640815
0,0.640094
0,0.649640
0,0.633274
0,0.632028
0,0.637853
0,0.627583
0,0.621585
0,0.627302
0,0.640067
0,0.640197
0,0.636588
0,0.668153
0,0.660971
0,0.637768
0,0.638733
0,0.612812
0,0.617820
0,0.635779
0,0.649081
0,0.639811
0,0.641086
0,0.620750
0,0.640607
0,0.630651
0,0.617723
0,0.622401
0,0.663044
0,0.640388
0,0.662041
0,0.628679
0,0.662198
0,0.640940
0,0.677177
0,0.643681
0,0.669284
0,0.650277
0,0.640555
0,0.631466
1,0.581983
1,0.557845
1,0.550953
1,0.577684
1,0.581189
1,0.581892
1,0.544608
1,0.569776
1,0.562682
1,0.607864
1,0.568637
1,0.593196
1,0.555803
1,0.541737
1,0.542808
1,0.523633
1,0.535111
1,0.548094
1,0.547188
1,0.584493
1,0.552517
1,0.560594
1,0.519214
1,0.553220
1,0.565964
1,0.562182
1,0.550612
1,0.527343
1,0.568340
1,0.578050
1,0.543081
1,0.463191
1,0.523360
1,0.492306
1,0.505738
1,0.425502
1,0.527419
1,0.504927
1,0.535827
1,0.592690
1,0.510407
1,0.535307
1,0.457714
1,0.501279
1,0.572079
1,0.562471
1,0.515314
1,0.484461
1,0.501793
1,0.505148
1,0.513083
1,0.465555
1,0.396492
1,0.450440
1,0.475704
1,0.425329
1,0.468434
1,0.452696
1,0.464092
1,0.573943
1,0.536169
1,0.523386
1,0.471921
1,0.533847
1,0.573395
1,0.542541
1,0.513196
1,0.494819
1,0.460346
1,0.521089
1,0.517887
1,0.500062
1,0.451146
1,0.543161
1,0.556839
1,0.615812
1,0.511866
1,0.501693
1,0.496798
1,0.623838
1,0.554502
1,0.488239
1,0.542435
1,0.575917
1,0.599490
1,0.517464
1,0.551798
1,0.592764
1,0.589969
1,0.516817
1,0.492231
1,0.612135
1,0.435289
1,0.482399
1,0.377981
1,0.439390
1,0.449688
1,0.474909
1,0.549045
1,0.510438
1,0.444030
1,0.586495
1,0.559188
1,0.551839
0,0.490647
0,0.586467
0,0.420470
0,0.617733
0,0.578184
0,0.529273
0,0.399268
0,0.492460
0,0.472565
0,0.539909
0,0.455177
0,0.584253
0,0.453632
0,0.472746
0,0.399130
0,0.435637
0,0.432567
0,0.482474
0,0.459610
0,0.481972
0,0.472641
0,0.425431
0,0.411534
0,0.423791
0,0.455385
0,0.447327
0,0.451815
0,0.406201
0,0.429466
0,0.499436
0,0.525333
0,0.522823
0,0.437844
0,0.560407
0,0.541288
0,0.478803
0,0.466165
0,0.518201
0,0.522029
0,0.498085
0,0.493705
0,0.479193
0,0.449863
0,0.344618
0,0.406561
0,0.433897
0,0.427106
0,0.456069
0,0.483613
0,0.443860
0,0.413377
0,0.429230
0,0.439568
0,0.402071
1,0.481180
1,0.506247
1,0.529945
1,0.508788
1,0.477245
1,0.559631
1,0.469961
1,0.558192
1,0.490181
1,0.467190
1,0.491758
1,0.478307
1,0.457605
1,0.437343
1,0.523103
1,0.410956
1,0.403042
1,0.481350
1,0.382399
1,0.477044
1,0.446857
1,0.476630
1,0.523661
1,0.408626
1,0.503292
1,0.440053
1,0.532302
1,0.512870
1,0.544220
1,0.523747
1,0.506541
1,0.536789
1,0.469669
1,0.420021
1,0.498840
1,0.396686
1,0.454642
1,0.483492
1,0.551426
1,0.540446
1,0.496233
1,0.445899
1,0.547565
1,0.595023
1,0.543767
1,0.551820
1,0.426126
1,0.466371
1,0.544028
1,0.534843
1,0.578930
1,0.470946
1,0.511864
1,0.470229
1,0.565105
1,0.608369
1,0.567298
1,0.526217
1,0.507027
1,0.544923
1,0.477747
1,0.533100
1,0.434796
1,0.476574
1,0.465870
1,0.533372
1,0.475566
1,0.400573
1,0.496905
1,0.451826
1,0.544424
1,0.524369
1,0.499668
1,0.460901
1,0.422683
1,0.423344
1,0.512203
1,0.489212
1,0.549057
1,0.415773
1,0.434295
1,0.429840
1,0.498687
1,0.444800
1,0.508786
1,0.457108
1,0.451700
1,0.518101
1,0.530392
1,0.553856
1,0.435792
1,0.528160
1,0.438769
1,0.521574
1,0.438338
1,0.414969
1,0.519611
1,0.514590
0,0.356518
0,0.422060
0,0.337880
0,0.389196
0,0.326304
0,0.377418
0,0.337860
0,0.381581
0,0.399328
0,0.331378
0,0.378019
0,0.405391
0,0.387122
0,0.365806
0,0.434191
0,0.407976
0,0.380203
0,0.402349
0,0.442785
0,0.361189
0,0.423145
0,0.422769
0,0.382423
0,0.389547
0,0.445017
0,0.402370
0,0.401882
0,0.366930
0,0.320044
0,0.376547
0,0.357778
0,0.390222
0,0.411092
0,0.386523
0,0.385493
0,0.389630
0,0.368784
0,0.415770
0,0.402506
0,0.397214
0,0.378128
0,0.366461
0,0.372060
0,0.402613
0,0.376752
0,0.410190
0,0.451466
0,0.416292
0,0.391450
0,0.382415
0,0.432618
0,0.443212
0,0.430751
0,0.371146
0,0.412687
0,0.410496
0,0.418566
0,0.376752
0,0.347438
0,0.356535
0,0.418026
0,0.385542
0,0.370735
0,0.342038
0,0.400813
0,0.365002
0,0.392005
0,0.361616
0,0.344909
0,0.393859
0,0.420031
0,0.368824
0,0.418608
0,0.358423
0,0.358188
0,0.414377
0,0.384215
0,0.386479
0,0.442129
0,0.391177
0,0.393032
0,0.410398
0,0.434225
0,0.609528
0,0.642130
0,0.588496
0,0.603720
0,0.569510
0,0.597710
0,0.613106
0,0.622032
0,0.612579
0,0.598500
0,0.708211
0,0.661717
0,0.594652
0,0.596396
0,0.558135
0,0.532101
0,0.599786
0,0.611705
0,0.590718
0,0.574765
0,0.612635
0,0.566520
0,0.613626
0,0.597309
0,0.557039
0,0.565486
0,0.511207
0,0.513801
0,0.539083
0,0.579321
0,0.609595
0,0.602966
0,0.594982
0,0.634305
0,0.588823
0,0.668315
0,0.690438
0,0.650328
0,0.647551
0,0.629027
0,0.657946
0,0.675848
0,0.631329
0,0.653779
0,0.726692
0,0.702449
0,0.725337
0,0.710188
0,0.709686
0,0.625666
1,0.588256
1,0.625767
1,0.591347
1,0.644241
1,0.730160
1,0.656212
1,0.613807
1,0.646444
1,0.637804
1,0.627938
1,0.633820
1,0.629728
1,0.660160
1,0.659867
1,0.570017
1,0.619900
1,0.587023
1,0.536429
1,0.646323
1,0.649513
1,0.624991
1,0.632192
1,0.687440
1,0.629489
1,0.669770
1,0.674581
1,0.640250
1,0.651525
1,0.687494
1,0.628833
1,0.672859
1,0.658281
1,0.652143
1,0.683607
1,0.655647
1,0.675878
1,0.690957
1,0.704206
1,0.683845
1,0.626879
1,0.687036
1,0.653647
1,0.635110
1,0.679972
1,0.695103
1,0.597729
1,0.604876
1,0.707152
1,0.703133
1,0.710844
1,0.735973
1,0.703570
1,0.740550
1,0.712480
1,0.720794
1,0.661054
1,0.660492
1,0.661524
1,0.700219
1,0.626390
1,0.603835
1,0.642013
1,0.673201
1,0.656670
1,0.673120
1,0.652298
1,0.667053
1,0.713598
1,0.698259
1,0.666430
1,0.675987
1,0.658402
1,0.632446
1,0.684735
1,0.680748
1,0.660496
1,0.628446
1,0.691288
1,0.727884
1,0.700853
1,0.704382
1,0.692638
1,0.721889
1,0.721659
1,0.644147
1,0.674518
1,0.572791
1,0.725847
1,0.657883
1,0.690224
1,0.646650
1,0.684079
1,0.642912
1,0.675145
1,0.656436
1,0.664900
1,0.674518
1,0.629332
1,0.704270
1,0.676684
1,0.619601
1,0.582891
1,0.571667
1,0.580312
1,0.543948
1,0.596166
1,0.588782
1,0.563689
1,0.637962
1,0.638920
1,0.555155
1,0.589465
1,0.547520
1,0.519023
1,0.569123
1,0.589076
1,0.600030
1,0.628770
1,0.610396
1,0.683516
1,0.592506
1,0.586450
1,0.523099
1,0.517643
1,0.573240
1,0.659514
1,0.673652
1,0.590299
1,0.606567
1,0.566232
1,0.576342
1,0.535063
1,0.543120
1,0.540002
1,0.568031
1,0.656152
1,0.664632
1,0.593866
1,0.576728
1,0.687314
1,0.588240
1,0.638474
1,0.710979
1,0.648237
1,0.566684
1,0.554838
1,0.577073
1,0.580915
1,0.578251
1,0.560292
1,0.577414
1,0.621110
1,0.548333
1,0.591359
1,0.556668
1,0.634028
1,0.574428
1,0.536703
1,0.566235
1,0.595986
1,0.542485
1,0.557825
1,0.585114
1,0.617804
1,0.639884
1,0.634128
1,0.570505
1,0.701960
1,0.584693
1,0.636864
1,0.665154
1,0.642729
1,0.619285
1,0.511616
1,0.557211
1,0.542238
1,0.585189
1,0.568752
1,0.588145
1,0.600277
1,0.678323
1,0.607295
1,0.562598
1,0.533323
0,0.470975
0,0.460346
0,0.596768
0,0.507364
0,0.519015
0,0.524315
0,0.556388
0,0.511233
0,0.499849
0,0.495271
0,0.501146
0,0.521483
0,0.478687
0,0.464807
0,0.450354
0,0.499788
0,0.532476
0,0.522445
0,0.566951
0,0.551251
0,0.536982
0,0.555967
0,0.521441
0,0.546066
0,0.517786
0,0.510593
0,0.536603
0,0.493958
0,0.529372
0,0.500226
0,0.507982
0,0.495337
0,0.509674
0,0.514505
0,0.529268
0,0.518972
0,0.532846
0,0.506036
0,0.518301
0,0.538984
0,0.466592
0,0.511185
0,0.484464
0,0.574768
0,0.504985
0,0.562522
0,0.522300
0,0.528370
0,0.550014
0,0.533057
0,0.568023
0,0.538992
0,0.575267
0,0.546998
0,0.514385
0,0.540255
0,0.530454
0,0.518187
0,0.512382
0,0.526561
0,0.501703
0,0.545481
0,0.518586
0,0.508735
0,0.544115
0,0.511433
0,0.517100
0,0.499688
0,0.523593
0,0.513047
