y_true,y_prob
1,0.019609
1,0.022135
1,0.042738
1,0.031653
1,0.026164
1,0.037121
1,0.037718
1,0.046713
1,0.043259
1,0.052043
1,0.033646
1,0.052358
1,0.032534
1,0.064481
1,0.047683
1,0.067108
1,0.024907
1,0.031973
1,0.021765
1,0.042463
1,0.032194
1,0.029816
1,0.034342
1,0.024925
1,0.036126
1,0.037242
1,0.034852
1,0.043527
1,0.042916
1,0.041786
1,0.038516
1,0.036704
1,0.029962
1,0.030724
1,0.032070
1,0.044546
1,0.042763
1,0.088028
1,0.070341
1,0.060473
1,0.032366
1,0.037954
1,0.043039
1,0.021047
1,0.034414
1,0.041462
1,0.037491
1,0.049097
1,0.060878
1,0.050390
1,0.041827
1,0.029841
1,0.055166
1,0.037131
1,0.021713
1,0.083998
1,0.036324
1,0.038897
1,0.042244
1,0.033118
1,0.042592
1,0.029526
1,0.031881
1,0.041481
1,0.036385
1,0.056279
1,0.034191
1,0.043995
1,0.029782
0,0.133750
0,0.354051
0,0.053234
0,0.164259
0,0.026149
0,0.029760
0,0.024447
0,0.023354
0,0.054220
0,0.048155
0,0.184882
0,0.179022
0,0.233117
0,0.036718
0,0.023969
0,0.028297
0,0.086361
0,0.063484
0,0.070639
0,0.039231
0,0.078311
0,0.940682
0,0.208897
0,0.038362
0,0.058757
0,0.110250
0,0.910038
0,0.728805
0,0.539064
0,0.210389
0,0.689694
0,0.261303
0,0.247073
0,0.282599
0,0.795588
0,0.906654
0,0.266126
0,0.727889
0,0.493794
0,0.885817
0,0.611824
0,0.238818
0,0.199902
0,0.113887
0,0.238424
0,0.081989
0,0.103067
0,0.099255
0,0.033771
0,0.750946
0,0.828493
0,0.441397
0,0.257506
0,0.244195
0,0.954112
0,0.497207
0,0.171167
0,0.496598
0,0.431668
0,0.910851
0,0.847366
0,0.908008
0,0.558983
0,0.476730
0,0.591570
0,0.602181
0,0.802155
0,0.356749
0,0.897316
0,0.957359
0,0.963553
0,0.634154
0,0.045969
0,0.088013
0,0.075051
0,0.790203
0,0.752705
0,0.793683
0,0.687502
0,0.896531
0,0.948776
0,0.939246
0,0.208519
0,0.246211
0,0.141912
0,0.744497
0,0.226666
0,0.152295
0,0.069053
0,0.058781
0,0.058968
0,0.061710
0,0.032274
0,0.027407
0,0.072418
0,0.028795
0,0.095267
0,0.055592
0,0.079006
0,0.052765
0,0.028042
0,0.039688
0,0.073820
0,0.032780
0,0.025664
0,0.043830
0,0.089161
0,0.084922
0,0.034619
0,0.036702
0,0.030688
0,0.031444
0,0.023480
0,0.056699
0,0.032661
0,0.052109
0,0.030333
0,0.027900
0,0.055326
0,0.030831
0,0.040783
0,0.043640
0,0.032935
0,0.031821
0,0.041539
0,0.032907
0,0.027069
0,0.037329
0,0.033493
0,0.026133
0,0.026627
0,0.031523
0,0.041649
0,0.024998
0,0.025491
0,0.023333
0,0.024878
0,0.021598
0,0.022818
0,0.018641
0,0.039793
0,0.047788
0,0.041516
0,0.037602
0,0.040638
0,0.471691
0,0.042001
0,0.043170
0,0.036593
0,0.040378
0,0.039670
0,0.040526
0,0.033631
0,0.095185
0,0.030919
0,0.029916
0,0.039649
0,0.028965
0,0.042858
0,0.039889
0,0.026817
0,0.398868
0,0.021299
0,0.023770
0,0.031332
0,0.034745
0,0.023640
0,0.024575
0,0.048344
0,0.036496
0,0.025521
0,0.031976
0,0.064517
0,0.073104
0,0.056402
0,0.050487
0,0.058459
0,0.093956
0,0.068849
0,0.068231
0,0.043180
0,0.041929
0,0.052431
0,0.036441
0,0.036672
0,0.166310
0,0.092353
0,0.056646
0,0.031845
0,0.035155
0,0.037917
0,0.042631
0,0.065948
0,0.053346
0,0.046635
0,0.078121
0,0.056691
0,0.028693
0,0.027303
0,0.030313
1,0.753946
1,0.913254
1,0.333675
1,0.672185
1,0.781243
1,0.449412
1,0.656830
1,0.643066
1,0.355972
1,0.852671
1,0.668848
1,0.755096
1,0.310093
1,0.617429
1,0.110123
1,0.137396
1,0.255166
1,0.183316
1,0.432961
1,0.048203
1,0.705182
1,0.550456
1,0.520830
1,0.947098
1,0.628437
1,0.772778
1,0.873321
1,0.956756
1,0.377511
1,0.899271
1,0.738010
1,0.047978
1,0.685460
1,0.293454
1,0.490971
1,0.135822
1,0.521308
1,0.540613
1,0.737781
1,0.747379
1,0.894765
1,0.218909
1,0.705754
1,0.247446
1,0.774278
1,0.244011
1,0.276915
1,0.702278
1,0.220004
1,0.638293
1,0.092661
1,0.161858
1,0.593936
1,0.624360
1,0.933561
1,0.601438
1,0.931176
1,0.712533
1,0.505704
1,0.382118
1,0.867643
1,0.406489
0,0.019434
0,0.034920
0,0.242319
0,0.059589
0,0.053641
0,0.044612
0,0.020272
0,0.116173
0,0.099918
0,0.053171
0,0.070843
0,0.294372
0,0.038656
0,0.075004
0,0.098003
0,0.025052
0,0.060409
0,0.137036
0,0.041906
0,0.046226
0,0.512541
0,0.094290
0,0.140629
0,0.085456
0,0.033383
0,0.023633
0,0.022239
0,0.032839
0,0.098249
0,0.080058
0,0.080197
0,0.221730
0,0.043155
0,0.557339
0,0.248635
0,0.109032
0,0.029699
0,0.031463
0,0.026639
0,0.030599
0,0.033218
0,0.020902
0,0.021277
0,0.019455
0,0.030316
0,0.057573
0,0.032570
0,0.028021
0,0.045178
0,0.063045
0,0.957853
0,0.892474
0,0.819360
0,0.500809
0,0.222914
0,0.599585
0,0.799374
0,0.904819
0,0.246507
0,0.583751
0,0.974673
0,0.976516
0,0.950000
0,0.907406
0,0.957011
0,0.966437
0,0.428120
0,0.934858
0,0.898482
0,0.987950
0,0.984154
0,0.961080
0,0.904816
0,0.980128
0,0.895005
0,0.965265
0,0.926643
0,0.875491
0,0.879676
0,0.961474
0,0.971970
0,0.972238
0,0.940222
0,0.961408
0,0.887745
0,0.853352
0,0.956045
0,0.972873
0,0.877556
0,0.985621
0,0.971771
0,0.180648
0,0.977967
0,0.929477
0,0.980564
0,0.946672
0,0.426573
0,0.805753
0,0.814708
0,0.962045
0,0.988814
0,0.952444
0,0.981702
0,0.756456
0,0.951862
0,0.973100
0,0.810750
0,0.601130
0,0.172704
0,0.334387
0,0.097591
0,0.354149
0,0.762761
0,0.350129
0,0.952057
0,0.875857
0,0.939635
0,0.920861
0,0.133328
0,0.337640
0,0.125594
0,0.098829
0,0.138948
0,0.394768
0,0.102124
0,0.044718
0,0.058041
0,0.378713
0,0.335358
0,0.253733
0,0.096539
0,0.102212
0,0.031677
0,0.054105
0,0.298598
0,0.039311
0,0.068996
0,0.048794
0,0.048249
0,0.087345
0,0.066541
0,0.044535
0,0.062132
0,0.096514
0,0.081395
0,0.292622
0,0.404066
0,0.100599
0,0.158931
0,0.288882
0,0.240389
0,0.188031
0,0.207811
0,0.264309
0,0.070475
0,0.114939
0,0.143302
0,0.871712
0,0.134936
0,0.094015
0,0.050690
0,0.125099
0,0.110230
0,0.485482
0,0.866800
0,0.955936
0,0.609955
0,0.567965
0,0.588875
0,0.830891
0,0.550068
0,0.233069
0,0.159764
0,0.199782
0,0.381100
0,0.550283
0,0.154928
0,0.496027
0,0.248075
0,0.586850
0,0.137037
0,0.356989
0,0.073999
0,0.073912
0,0.076398
0,0.574856
0,0.730394
0,0.536602
0,0.965187
0,0.127301
0,0.154947
0,0.109216
0,0.055935
0,0.046836
0,0.176133
0,0.134999
0,0.076006
0,0.509158
0,0.694139
0,0.145575
0,0.873220
0,0.785270
0,0.084283
0,0.284392
0,0.859426
0,0.887502
0,0.936452
0,0.895936
0,0.922024
0,0.776408
0,0.905122
0,0.231121
0,0.071708
0,0.351729
0,0.118786
0,0.068767
0,0.412567
0,0.440870
0,0.020794
0,0.023983
0,0.021130
0,0.018572
0,0.028935
0,0.025993
0,0.018860
0,0.021241
0,0.026527
0,0.027842
0,0.026964
0,0.023269
0,0.021769
0,0.020431
0,0.028670
0,0.019278
0,0.021049
0,0.017528
0,0.018111
0,0.017666
0,0.026805
0,0.027487
0,0.037390
0,0.017358
0,0.015078
0,0.020143
0,0.016917
0,0.024822
0,0.030025
0,0.033826
0,0.028067
0,0.022063
0,0.025421
0,0.023751
0,0.088410
0,0.024511
0,0.031409
0,0.025825
0,0.034126
0,0.021405
0,0.035507
0,0.032068
0,0.025046
0,0.021298
0,0.027901
0,0.035376
0,0.021696
0,0.033035
0,0.028806
0,0.032590
0,0.025015
0,0.039093
0,0.028369
0,0.027128
0,0.021040
0,0.023523
0,0.027454
0,0.026075
0,0.030277
0,0.032668
0,0.036714
0,0.029172
0,0.026301
0,0.023275
0,0.078999
0,0.019022
0,0.025327
0,0.024574
0,0.017529
0,0.013748
0,0.036203
0,0.023805
0,0.026503
0,0.027675
0,0.029131
0,0.041352
0,0.039325
0,0.028448
0,0.028472
0,0.032707
0,0.029749
0,0.106138
0,0.034351
0,0.038283
0,0.016707
0,0.015018
0,0.017222
0,0.044578
0,0.023229
0,0.018041
0,0.027597
0,0.024429
0,0.018646
0,0.019087
0,0.014669
0,0.023405
0,0.028851
0,0.017016
0,0.022682
0,0.022504
1,0.061262
1,0.153524
1,0.233016
1,0.778671
1,0.243823
1,0.248221
1,0.467538
1,0.367885
1,0.482542
1,0.929165
1,0.661252
1,0.566501
1,0.440240
1,0.400591
1,0.357332
1,0.393419
1,0.666817
1,0.924148
1,0.859266
1,0.270489
1,0.461935
1,0.202491
1,0.314369
1,0.111531
1,0.012650
1,0.024107
1,0.319317
1,0.189636
1,0.155178
1,0.326327
1,0.211930
1,0.136228
1,0.161241
1,0.122922
1,0.211565
1,0.217751
1,0.447635
1,0.724142
1,0.198513
1,0.279181
1,0.719694
1,0.060270
1,0.198298
1,0.028058
1,0.082249
1,0.025430
1,0.024596
1,0.047341
1,0.167336
1,0.089731
1,0.031632
1,0.561177
1,0.042073
1,0.805352
1,0.863804
1,0.667112
1,0.057018
1,0.588217
1,0.550963
1,0.090292
1,0.080069
1,0.694278
1,0.104555
1,0.690849
1,0.063354
1,0.277602
1,0.650783
1,0.482976
1,0.805354
1,0.493180
1,0.441874
1,0.204857
1,0.645060
1,0.646297
1,0.508374
1,0.448734
1,0.841952
1,0.238144
1,0.361238
1,0.731671
1,0.965022
1,0.291936
1,0.616096
1,0.551395
1,0.441448
1,0.680613
1,0.136670
1,0.126690
1,0.045103
1,0.102010
1,0.736448
1,0.303000
1,0.106480
1,0.133487
1,0.394046
1,0.302121
1,0.121479
1,0.034330
1,0.084445
1,0.078645
0,0.818642
0,0.711704
0,0.194440
0,0.090256
0,0.392831
0,0.336159
0,0.704913
0,0.227145
0,0.397607
0,0.194088
0,0.260883
0,0.133501
0,0.932514
0,0.930703
0,0.964031
0,0.704084
0,0.456626
0,0.881627
0,0.852910
0,0.681636
0,0.113720
0,0.036961
0,0.096126
0,0.176491
0,0.364673
0,0.161449
0,0.252879
0,0.560016
0,0.086989
0,0.073940
0,0.239096
0,0.033877
0,0.034822
0,0.214289
0,0.033698
0,0.027613
0,0.076054
0,0.209429
0,0.226313
0,0.098552
0,0.074682
0,0.281054
0,0.679693
0,0.445636
0,0.223943
0,0.229540
0,0.366218
0,0.604632
0,0.781355
0,0.423380
0,0.783226
0,0.361672
0,0.469637
0,0.834762
0,0.695292
0,0.387388
0,0.293863
0,0.245701
0,0.876435
0,0.526648
0,0.315591
0,0.203211
0,0.150838
0,0.222235
0,0.063066
0,0.774051
0,0.145202
0,0.032820
0,0.024834
0,0.024829
0,0.040033
0,0.052082
0,0.080272
0,0.067814
0,0.044370
0,0.739201
0,0.615249
0,0.039094
0,0.072754
0,0.119257
0,0.100895
0,0.032099
0,0.266861
0,0.871049
0,0.241333
0,0.182316
0,0.282445
0,0.694988
0,0.592071
0,0.266948
0,0.046167
0,0.640781
0,0.169699
0,0.793683
0,0.465489
0,0.539659
0,0.044968
0,0.716924
0,0.232350
0,0.754594
0,0.979074
0,0.714406
0,0.970795
0,0.773708
0,0.837525
0,0.458274
0,0.723712
0,0.486230
0,0.637036
0,0.171224
0,0.071586
0,0.132552
0,0.170706
0,0.525852
0,0.343891
0,0.801487
0,0.972329
0,0.944725
0,0.760156
0,0.889102
0,0.839522
0,0.804843
0,0.609951
0,0.293226
0,0.436069
0,0.326496
0,0.612481
0,0.347677
0,0.337147
0,0.150631
0,0.119273
0,0.380513
0,0.533299
0,0.234149
0,0.430887
0,0.703845
0,0.864080
0,0.411087
0,0.699345
0,0.237718
0,0.918157
0,0.824052
0,0.970752
0,0.928131
0,0.829189
0,0.779393
0,0.394497
0,0.887113
0,0.872051
0,0.117240
0,0.283888
0,0.571412
0,0.957463
0,0.168760
0,0.974916
0,0.387142
0,0.769419
0,0.430593
0,0.818844
0,0.857644
0,0.693377
0,0.895272
0,0.645206
0,0.893054
0,0.494082
0,0.932840
0,0.956290
0,0.863633
0,0.921627
0,0.630247
0,0.519617
0,0.234384
0,0.142407
0,0.696866
0,0.530818
0,0.814007
0,0.596017
0,0.723216
0,0.529712
0,0.216302
0,0.494719
0,0.430357
0,0.300876
0,0.119784
0,0.088573
0,0.744754
0,0.400065
0,0.747489
0,0.715247
0,0.912446
0,0.457378
0,0.849537
0,0.625029
0,0.512129
0,0.846029
0,0.854225
0,0.901188
0,0.859603
0,0.187434
0,0.420737
0,0.218299
0,0.086667
0,0.141749
0,0.067659
0,0.051297
0,0.037366
0,0.043705
0,0.047808
0,0.034860
0,0.049083
0,0.027465
0,0.027765
0,0.032550
0,0.027161
0,0.036212
0,0.060896
0,0.039110
0,0.039673
0,0.037156
0,0.030874
0,0.026723
0,0.032443
0,0.027535
0,0.030780
0,0.034709
0,0.030709
0,0.034366
0,0.038039
0,0.050422
0,0.039789
0,0.056040
0,0.044352
0,0.031515
0,0.035412
0,0.030050
0,0.034523
0,0.106018
0,0.067961
0,0.055200
0,0.674726
0,0.052712
0,0.040548
0,0.043908
0,0.042945
0,0.037594
0,0.031009
0,0.206292
0,0.032229
0,0.036749
0,0.040905
0,0.298633
0,0.037808
0,0.038021
0,0.038570
0,0.045598
0,0.033523
0,0.034874
0,0.030399
0,0.033331
0,0.027646
0,0.025254
0,0.027652
0,0.030054
0,0.025749
0,0.028409
0,0.040090
0,0.037435
0,0.048816
0,0.038966
0,0.032996
0,0.037833
0,0.059868
0,0.030143
0,0.030310
0,0.035982
0,0.040813
0,0.087428
0,0.060319
0,0.095938
0,0.066599
0,0.028150
0,0.033220
0,0.055593
0,0.034596
0,0.028388
0,0.233262
0,0.030057
0,0.043763
0,0.069718
0,0.044615
0,0.029129
0,0.038838
0,0.081255
0,0.029056
0,0.028394
0,0.022781
0,0.611390
0,0.199192
0,0.930421
0,0.892508
0,0.891362
0,0.826325
0,0.392377
0,0.955355
0,0.831921
0,0.565042
0,0.830471
0,0.973261
0,0.849627
0,0.877766
0,0.971330
0,0.882143
0,0.597950
0,0.149081
0,0.384993
0,0.594121
0,0.698479
0,0.392972
0,0.846668
0,0.906428
0,0.899816
0,0.242582
0,0.890536
0,0.798017
0,0.799430
0,0.887911
0,0.586652
0,0.859300
0,0.798598
0,0.287531
0,0.687740
0,0.881494
0,0.853814
0,0.635975
0,0.732234
0,0.921462
0,0.883882
0,0.672277
0,0.954036
0,0.472539
0,0.150400
0,0.940805
0,0.969651
0,0.897000
0,0.876838
0,0.749954
0,0.750528
0,0.418244
0,0.743259
0,0.882347
0,0.409726
0,0.679841
0,0.707740
0,0.442722
0,0.197838
0,0.180638
0,0.755897
0,0.909302
0,0.378551
0,0.178686
0,0.090919
0,0.416215
0,0.539792
0,0.520850
0,0.206129
0,0.887448
0,0.892453
0,0.947548
0,0.894249
0,0.146252
0,0.372210
0,0.515620
0,0.318054
0,0.615280
0,0.182743
0,0.864384
0,0.622913
0,0.854242
0,0.374889
0,0.781160
0,0.488202
0,0.344475
0,0.222622
0,0.262321
0,0.232604
0,0.110253
0,0.280699
0,0.506489
0,0.457985
0,0.231283
0,0.127580
0,0.416602
0,0.646604
0,0.664188
0,0.676334
0,0.673061
1,0.933612
1,0.887305
1,0.881945
1,0.930299
1,0.931183
1,0.960980
1,0.975728
1,0.977821
1,0.972546
1,0.980785
1,0.981406
1,0.959955
1,0.969009
1,0.971719
1,0.979310
1,0.982540
1,0.946955
1,0.977219
1,0.977447
1,0.976532
1,0.981236
1,0.978616
1,0.974705
1,0.979316
1,0.970554
1,0.973622
1,0.968015
1,0.978636
1,0.976845
1,0.958409
1,0.956634
1,0.980899
1,0.969350
1,0.948997
1,0.778341
1,0.963429
1,0.964797
1,0.972355
1,0.968694
1,0.974249
1,0.975404
1,0.972318
1,0.943142
1,0.969723
1,0.897593
1,0.966786
1,0.973551
1,0.977049
1,0.974930
1,0.971845
1,0.961700
1,0.946686
1,0.965916
1,0.813131
1,0.954327
1,0.972312
1,0.946887
1,0.970727
1,0.964871
1,0.980814
1,0.978703
1,0.971818
1,0.851079
1,0.928032
1,0.972126
1,0.975721
1,0.972659
1,0.974267
1,0.982239
1,0.967607
1,0.953628
1,0.915280
1,0.938801
1,0.976621
1,0.953126
1,0.416482
1,0.972101
1,0.872466
1,0.959860
1,0.955010
1,0.979292
1,0.968912
1,0.969850
1,0.967422
1,0.971704
1,0.979685
1,0.976214
1,0.979531
1,0.959651
1,0.980621
1,0.942872
1,0.959369
1,0.969722
1,0.972809
1,0.976020
1,0.979810
1,0.982791
1,0.980103
1,0.973663
1,0.980254
0,0.177555
0,0.033341
0,0.046592
0,0.034433
0,0.025617
0,0.057756
0,0.049632
0,0.028159
0,0.029011
0,0.024698
0,0.025775
0,0.022169
0,0.036935
0,0.040749
0,0.037789
0,0.029350
0,0.021471
0,0.031812
0,0.026544
0,0.052162
0,0.030145
0,0.030380
0,0.032412
0,0.032414
0,0.034020
0,0.045344
0,0.037787
0,0.030005
0,0.040860
0,0.055623
0,0.038171
0,0.036420
0,0.027704
0,0.040087
0,0.055014
0,0.034319
0,0.040109
0,0.042117
0,0.045540
0,0.066836
0,0.034755
0,0.118765
0,0.033347
0,0.032201
0,0.036882
0,0.035526
0,0.042822
0,0.170892
0,0.049778
0,0.034904
0,0.049128
0,0.047246
0,0.021564
0,0.033133
0,0.040469
0,0.029099
0,0.024993
0,0.032237
0,0.039086
0,0.052338
0,0.041333
0,0.069400
0,0.049376
0,0.126721
0,0.103676
0,0.048287
0,0.065218
0,0.023762
0,0.031397
0,0.030124
0,0.069846
0,0.038501
0,0.043497
0,0.034101
1,0.040227
1,0.054321
1,0.068627
1,0.161134
1,0.226861
1,0.057212
1,0.043614
1,0.100585
1,0.042777
1,0.064954
1,0.137849
1,0.081450
1,0.046630
1,0.048746
1,0.293140
1,0.034415
1,0.163247
1,0.324293
1,0.100592
1,0.636060
1,0.081387
1,0.179799
1,0.172826
1,0.159489
1,0.118857
1,0.334241
1,0.267284
1,0.064609
1,0.100259
1,0.597227
1,0.155045
1,0.274539
1,0.158509
1,0.145466
1,0.405338
1,0.073854
1,0.269072
1,0.076459
1,0.098261
1,0.241393
1,0.135183
1,0.094237
1,0.052011
1,0.054338
1,0.079109
1,0.067180
1,0.123097
1,0.065335
1,0.069583
1,0.110681
1,0.088641
1,0.075552
1,0.290610
1,0.181760
1,0.081111
1,0.166980
1,0.662204
1,0.192086
1,0.352243
1,0.074310
1,0.815117
1,0.364677
1,0.451417
1,0.530365
1,0.325853
1,0.127804
1,0.527272
1,0.701862
1,0.525049
1,0.794772
1,0.619406
1,0.755683
1,0.893618
1,0.968033
1,0.965077
1,0.971798
1,0.766828
1,0.969247
1,0.588595
1,0.949739
1,0.832537
1,0.884719
1,0.844226
1,0.667664
1,0.818341
1,0.555947
1,0.774619
1,0.695246
1,0.883973
1,0.841722
1,0.913949
1,0.866650
1,0.779997
1,0.452054
1,0.595492
1,0.788016
1,0.764104
1,0.894192
1,0.777089
1,0.810927
1,0.754163
1,0.837941
1,0.267124
1,0.389469
1,0.619565
1,0.758061
1,0.855490
1,0.865253
1,0.182387
1,0.921777
1,0.935907
1,0.951964
1,0.846875
1,0.876229
1,0.761622
1,0.797327
1,0.940623
1,0.963536
1,0.763195
1,0.951771
1,0.935180
1,0.910340
1,0.931739
1,0.905766
1,0.951685
1,0.957260
1,0.825332
1,0.901772
1,0.783077
1,0.796323
1,0.940947
1,0.847999
1,0.921927
1,0.537347
1,0.879005
1,0.901637
1,0.639219
1,0.234866
1,0.706193
1,0.876386
1,0.923031
1,0.824981
1,0.639815
1,0.950805
1,0.432490
1,0.398493
1,0.899610
1,0.908278
1,0.781416
1,0.848841
1,0.855334
1,0.906666
1,0.637081
1,0.815920
1,0.684022
1,0.672981
1,0.367761
1,0.892884
1,0.058901
1,0.035533
1,0.053388
1,0.058882
1,0.028621
1,0.115416
1,0.179637
1,0.162152
1,0.063299
1,0.039604
1,0.062595
1,0.020618
1,0.037336
1,0.020740
1,0.074506
1,0.097108
1,0.054823
1,0.075531
1,0.074118
1,0.046470
1,0.046078
1,0.049240
1,0.058989
1,0.098791
1,0.201105
1,0.093299
1,0.080740
1,0.166658
1,0.128103
1,0.074936
1,0.097559
1,0.084060
1,0.108288
1,0.099476
1,0.082719
1,0.048293
1,0.038719
1,0.056897
1,0.101286
1,0.028644
1,0.087172
1,0.029353
1,0.223104
1,0.046556
1,0.031243
1,0.049045
1,0.124079
1,0.134966
1,0.044329
1,0.162537
1,0.046190
1,0.103523
1,0.057995
1,0.097992
1,0.039770
1,0.037416
1,0.074024
1,0.063337
1,0.040495
1,0.019669
1,0.023854
1,0.045559
1,0.033583
1,0.034934
1,0.042869
1,0.034403
1,0.037412
1,0.056006
1,0.033755
1,0.088626
1,0.060160
1,0.138553
1,0.194636
1,0.064980
1,0.208785
1,0.144819
1,0.043319
1,0.076533
1,0.019520
1,0.023826
1,0.027398
1,0.045911
1,0.030994
1,0.055958
1,0.026059
1,0.031738
1,0.050499
1,0.080970
1,0.119722
1,0.053605
1,0.050623
1,0.025697
1,0.037756
1,0.194116
1,0.192857
1,0.403639
1,0.092474
1,0.182128
1,0.402156
1,0.414511
1,0.972459
1,0.879193
1,0.629412
1,0.918831
1,0.872661
1,0.981417
1,0.987269
1,0.983513
1,0.976091
1,0.977903
1,0.975382
1,0.969739
1,0.981076
1,0.981776
1,0.970295
1,0.966350
1,0.791508
1,0.958476
1,0.980064
1,0.864298
1,0.916540
1,0.911309
1,0.851699
1,0.968136
1,0.968978
1,0.970219
1,0.975107
1,0.974115
1,0.933850
1,0.974643
1,0.862041
1,0.939069
1,0.954521
1,0.978926
1,0.973607
1,0.971288
1,0.973811
1,0.948195
1,0.969458
1,0.960392
1,0.971556
1,0.897963
1,0.967771
1,0.970037
1,0.937535
1,0.893586
1,0.974915
1,0.976915
1,0.946513
1,0.917825
1,0.953049
1,0.975784
1,0.926921
1,0.630900
1,0.951319
1,0.961362
1,0.971005
1,0.959585
1,0.967400
1,0.728808
1,0.502144
1,0.701033
1,0.610134
1,0.330506
1,0.582324
1,0.140102
1,0.111894
1,0.137969
1,0.219518
1,0.313340
1,0.594460
1,0.256158
1,0.503801
1,0.530400
1,0.086487
1,0.310811
1,0.357598
1,0.226109
1,0.254286
1,0.337151
1,0.287492
1,0.182999
1,0.300626
1,0.354599
1,0.406330
1,0.448418
1,0.749376
1,0.638220
1,0.522960
1,0.354478
1,0.799248
1,0.108391
1,0.275501
1,0.357117
1,0.346043
1,0.462207
1,0.437299
1,0.195406
1,0.532881
1,0.445922
1,0.256768
1,0.284499
1,0.809082
1,0.535051
1,0.652582
1,0.513777
1,0.366437
1,0.246666
1,0.369896
1,0.270873
1,0.647886
1,0.367824
1,0.474531
1,0.735730
1,0.409863
1,0.477518
1,0.819192
1,0.658065
1,0.863737
1,0.900865
1,0.913670
1,0.888043
1,0.475508
1,0.454800
1,0.382006
1,0.218896
1,0.246866
1,0.116306
1,0.099255
1,0.289673
1,0.377517
1,0.118982
1,0.086489
1,0.188555
1,0.189716
1,0.187601
1,0.235501
1,0.170124
1,0.331175
1,0.356841
1,0.645473
1,0.335550
1,0.568365
1,0.025806
1,0.015254
1,0.016023
1,0.012430
1,0.344938
1,0.308272
1,0.494494
1,0.571685
1,0.115312
1,0.865408
1,0.936614
1,0.065350
1,0.053058
1,0.216768
1,0.389364
1,0.254478
1,0.707981
1,0.514937
1,0.782831
1,0.318072
1,0.972569
1,0.754739
1,0.963012
1,0.692869
1,0.026845
1,0.042638
1,0.078504
1,0.043822
1,0.207980
1,0.341659
1,0.186847
1,0.179672
1,0.903606
1,0.667376
1,0.192743
1,0.709307
1,0.042142
1,0.057954
1,0.039338
1,0.031906
1,0.027605
1,0.026164
1,0.032087
1,0.091460
1,0.594551
1,0.781944
1,0.032019
1,0.041581
1,0.029168
1,0.030733
1,0.014649
1,0.049228
1,0.059861
1,0.067485
1,0.032247
1,0.025629
1,0.029099
1,0.040634
1,0.028135
1,0.052168
1,0.236643
1,0.065178
1,0.636910
1,0.367078
1,0.089987
1,0.075439
1,0.039105
1,0.659812
1,0.272924
1,0.186993
1,0.111910
1,0.347488
1,0.406711
1,0.244959
1,0.029473
1,0.275208
1,0.140781
1,0.227142
1,0.203722
1,0.287175
1,0.248235
1,0.119039
1,0.594371
1,0.075169
1,0.077631
1,0.183756
1,0.090207
1,0.174188
1,0.433302
1,0.655799
1,0.963596
1,0.622634
1,0.203120
1,0.048686
1,0.056337
1,0.419777
1,0.365785
1,0.336033
1,0.762501
1,0.474346
1,0.312160
1,0.919640
1,0.542991
1,0.485622
1,0.826953
1,0.926648
1,0.169443
1,0.701180
1,0.139991
1,0.094357
1,0.272794
1,0.104000
1,0.681930
1,0.288172
1,0.105967
1,0.102277
1,0.051788
1,0.198378
1,0.244377
1,0.654571
1,0.324120
1,0.184638
1,0.159254
1,0.133856
1,0.108175
1,0.165999
1,0.179511
1,0.240032
1,0.217944
1,0.031606
0,0.059213
0,0.034861
0,0.027343
0,0.020125
0,0.028914
0,0.039705
0,0.023047
0,0.023827
0,0.022923
0,0.021719
0,0.019625
0,0.025826
0,0.024647
0,0.027339
0,0.023395
0,0.023850
0,0.029831
0,0.027072
0,0.019393
0,0.025295
0,0.030708
0,0.024319
0,0.021634
0,0.021569
0,0.021209
0,0.022480
0,0.024438
0,0.024967
0,0.024709
0,0.019902
0,0.084999
0,0.050310
0,0.022950
0,0.026154
0,0.020167
0,0.019005
0,0.021587
0,0.024380
0,0.017036
0,0.021669
0,0.028367
0,0.055023
0,0.032268
0,0.035474
0,0.044926
0,0.100235
0,0.036500
0,0.034015
0,0.028190
0,0.026171
0,0.024677
0,0.021434
0,0.032428
0,0.024163
0,0.029106
0,0.028730
0,0.032050
0,0.033375
0,0.034653
0,0.027036
0,0.030169
0,0.024260
0,0.029788
0,0.021639
0,0.027308
0,0.022834
0,0.036473
0,0.021892
0,0.023276
0,0.050498
0,0.025816
0,0.030940
0,0.031588
0,0.026220
0,0.021272
0,0.034617
0,0.025255
0,0.030765
0,0.051899
0,0.035432
0,0.025020
0,0.026068
0,0.032360
0,0.027122
0,0.017519
0,0.019959
0,0.020855
0,0.060864
0,0.033236
0,0.025761
0,0.026862
0,0.057794
0,0.047274
0,0.048541
0,0.037932
0,0.078986
0,0.725762
0,0.081356
0,0.034305
0,0.030983
0,0.035215
0,0.068628
0,0.053526
0,0.032101
0,0.055840
0,0.038700
0,0.025836
0,0.101928
0,0.719575
0,0.057463
0,0.040582
0,0.030047
0,0.091742
0,0.047222
0,0.090893
0,0.076283
0,0.691822
0,0.056900
0,0.052034
0,0.042606
0,0.336337
0,0.065877
0,0.175350
0,0.042336
0,0.037306
0,0.180149
0,0.038905
0,0.046535
0,0.054331
0,0.041857
0,0.056573
0,0.027291
0,0.035387
0,0.284134
0,0.113476
0,0.760226
0,0.085083
0,0.025734
0,0.031097
0,0.031932
0,0.318168
0,0.069439
0,0.212396
0,0.029203
0,0.273881
0,0.033266
0,0.026431
0,0.035215
0,0.031677
0,0.039539
0,0.046469
0,0.023097
0,0.026722
0,0.034072
0,0.758691
0,0.121543
0,0.916761
0,0.759873
0,0.299676
0,0.568959
0,0.297627
0,0.623575
0,0.609183
0,0.042503
0,0.177309
0,0.847701
0,0.913255
0,0.040523
0,0.504170
0,0.431748
0,0.933377
0,0.047674
0,0.054105
0,0.129153
0,0.440475
0,0.047787
0,0.027638
0,0.218881
0,0.109185
0,0.040932
0,0.054732
0,0.502776
0,0.296004
0,0.367587
0,0.086857
0,0.028689
0,0.094495
0,0.037950
0,0.065413
0,0.060720
0,0.145096
1,0.976822
1,0.980608
1,0.976047
1,0.979590
1,0.967340
1,0.980536
1,0.983097
1,0.974167
1,0.976995
1,0.981699
1,0.979483
1,0.978053
1,0.981260
1,0.973173
1,0.975760
1,0.975015
1,0.972310
1,0.978945
1,0.978989
1,0.977655
1,0.961928
1,0.971532
1,0.979474
1,0.981154
1,0.979373
1,0.980603
1,0.978713
1,0.971665
1,0.978653
1,0.978463
1,0.980156
1,0.967558
1,0.978343
1,0.971636
1,0.976870
1,0.971939
1,0.977573
1,0.977369
1,0.961999
1,0.973562
1,0.974780
1,0.975412
1,0.972157
1,0.976890
1,0.975605
1,0.973043
1,0.971208
1,0.976518
1,0.977597
1,0.970172
1,0.977212
1,0.977824
1,0.975289
1,0.975526
1,0.961557
1,0.965717
1,0.970823
1,0.972676
1,0.974676
1,0.977479
1,0.972365
1,0.968590
1,0.971413
1,0.975598
1,0.971584
1,0.977802
1,0.975231
1,0.975810
1,0.975782
1,0.967071
1,0.976774
1,0.978610
1,0.974996
1,0.967183
1,0.969104
1,0.966692
1,0.973315
1,0.970709
1,0.976048
1,0.964744
1,0.977296
1,0.973142
1,0.977439
1,0.961724
1,0.969932
1,0.976530
1,0.973846
1,0.961826
1,0.972393
1,0.983732
1,0.967756
1,0.887394
1,0.876347
1,0.943603
1,0.982671
1,0.937441
1,0.942666
1,0.952044
1,0.973130
1,0.952966
1,0.982628
1,0.985461
1,0.978923
1,0.979705
1,0.976427
1,0.978842
1,0.948986
1,0.974434
1,0.923004
1,0.957903
1,0.974383
1,0.973878
1,0.971559
1,0.971606
1,0.969336
1,0.968889
1,0.960402
1,0.976523
1,0.975328
1,0.963565
1,0.820139
1,0.961290
1,0.958142
1,0.965690
1,0.967374
1,0.961721
1,0.970302
1,0.940603
1,0.892629
1,0.941765
1,0.923570
1,0.968527
1,0.975187
1,0.978382
1,0.971974
1,0.974495
1,0.971989
1,0.972414
1,0.968761
1,0.976984
1,0.958895
1,0.951610
1,0.960690
1,0.979622
1,0.969252
1,0.977840
1,0.973262
1,0.975819
1,0.979626
1,0.959786
1,0.968796
1,0.966817
1,0.969646
1,0.973434
1,0.972539
1,0.968577
1,0.979102
1,0.971506
1,0.950688
1,0.947878
1,0.975437
1,0.978301
1,0.824699
1,0.776144
1,0.803461
1,0.914885
1,0.916933
1,0.843643
1,0.883745
1,0.743008
1,0.898391
1,0.942523
1,0.905707
1,0.965116
1,0.918305
1,0.910615
1,0.852964
1,0.784027
1,0.918834
1,0.863213
1,0.900175
1,0.864097
1,0.880154
1,0.925261
1,0.807872
1,0.951869
1,0.932752
1,0.841711
1,0.483408
1,0.719594
1,0.843449
1,0.636393
1,0.874549
1,0.808228
1,0.953488
1,0.934281
1,0.955720
1,0.951137
1,0.958475
1,0.940369
1,0.955397
1,0.954993
1,0.965467
1,0.945325
1,0.947542
1,0.934619
1,0.930051
1,0.945102
1,0.924055
1,0.935011
1,0.932757
1,0.949406
1,0.973498
1,0.921015
1,0.915494
1,0.902620
1,0.939899
1,0.944871
1,0.940331
1,0.940746
1,0.937518
1,0.936556
1,0.941409
1,0.879860
1,0.939734
1,0.940359
1,0.874723
1,0.933028
1,0.859459
1,0.837594
1,0.931602
1,0.852664
1,0.757449
1,0.890685
1,0.793583
1,0.882797
1,0.829546
1,0.782642
1,0.669711
1,0.947644
1,0.926393
1,0.894563
1,0.875089
1,0.936339
1,0.882955
1,0.941888
1,0.949248
1,0.972323
1,0.954301
1,0.592023
1,0.854684
1,0.138462
1,0.092491
1,0.125550
1,0.063719
1,0.023179
1,0.033944
1,0.032491
1,0.045007
1,0.017805
1,0.074622
1,0.013444
1,0.036824
1,0.056220
1,0.063953
1,0.057409
1,0.760880
1,0.062222
1,0.091726
1,0.018570
1,0.073947
1,0.076710
1,0.107988
1,0.082959
1,0.014149
1,0.023827
1,0.039856
1,0.084942
1,0.073084
1,0.023198
1,0.016770
1,0.104402
1,0.049091
1,0.039572
1,0.081699
1,0.266268
1,0.135369
1,0.127503
1,0.085812
1,0.089393
1,0.095171
1,0.560822
1,0.095827
1,0.083021
1,0.044553
1,0.040404
1,0.041381
1,0.057192
1,0.029756
1,0.042982
1,0.092617
1,0.143138
1,0.110414
1,0.020253
1,0.138978
1,0.022287
1,0.065651
1,0.039491
1,0.050941
1,0.029779
1,0.123113
1,0.391762
1,0.519374
1,0.069261
1,0.188418
1,0.031872
1,0.088281
1,0.055963
1,0.257652
1,0.031439
1,0.073156
1,0.032460
1,0.028083
1,0.015146
1,0.026744
1,0.040806
1,0.098349
1,0.093078
1,0.059610
1,0.043901
1,0.090951
1,0.058320
1,0.265009
1,0.129780
1,0.107629
1,0.049453
1,0.017696
1,0.013508
1,0.021023
1,0.093623
1,0.009795
1,0.077180
1,0.117515
1,0.089533
1,0.378491
1,0.092647
1,0.021619
1,0.079575
1,0.188900
1,0.024597
1,0.124641
1,0.017886
1,0.040377
1,0.093326
1,0.024747
1,0.042208
1,0.068916
1,0.050528
1,0.036029
1,0.025661
1,0.136654
1,0.217333
1,0.206356
1,0.674327
1,0.795665
1,0.308316
1,0.765120
1,0.723743
1,0.683112
1,0.318263
1,0.914931
1,0.579532
1,0.462317
1,0.041663
1,0.153363
1,0.053654
1,0.037709
1,0.041035
1,0.037202
1,0.031552
1,0.026579
1,0.041035
1,0.043387
1,0.226635
1,0.068432
1,0.270109
1,0.308705
1,0.039759
1,0.592571
1,0.414674
1,0.127807
1,0.439768
1,0.534267
1,0.416089
1,0.657769
1,0.406020
1,0.508461
1,0.793748
1,0.084089
1,0.283499
1,0.509327
1,0.749444
1,0.301413
1,0.816364
1,0.117474
1,0.670131
1,0.589186
1,0.536465
1,0.748745
1,0.301651
1,0.393285
1,0.286484
1,0.188956
1,0.173983
1,0.098640
1,0.115045
1,0.183703
1,0.046577
1,0.029468
1,0.067335
1,0.132908
1,0.331857
1,0.038984
1,0.535356
1,0.141792
1,0.385061
1,0.376942
1,0.079758
1,0.060931
1,0.337283
1,0.036527
1,0.128851
1,0.032249
1,0.239758
0,0.120141
0,0.144306
0,0.028155
0,0.029813
0,0.039133
0,0.030444
0,0.038410
0,0.048467
0,0.039943
0,0.052690
0,0.038590
0,0.036660
0,0.036888
0,0.036611
0,0.036267
0,0.036126
0,0.038706
0,0.056096
0,0.038764
0,0.040125
0,0.037118
0,0.043331
0,0.028936
0,0.032771
0,0.035732
0,0.041321
0,0.048752
0,0.044045
0,0.087038
0,0.083344
0,0.045780
0,0.137766
0,0.062416
0,0.087412
0,0.046910
0,0.044223
0,0.045333
0,0.045190
0,0.044319
0,0.044824
0,0.043104
0,0.061598
0,0.059246
0,0.050121
0,0.039164
0,0.041291
0,0.037187
0,0.026778
0,0.038175
0,0.037543
0,0.025137
0,0.027326
0,0.032341
0,0.032860
0,0.030855
0,0.030383
0,0.029678
0,0.027134
0,0.023256
0,0.027491
0,0.027058
0,0.031614
0,0.030921
0,0.025154
0,0.036878
0,0.026587
0,0.030807
0,0.070078
0,0.065761
0,0.045499
0,0.094054
0,0.074493
0,0.034799
0,0.031889
0,0.049345
0,0.029862
0,0.051861
0,0.039763
0,0.047195
0,0.031291
0,0.027506
0,0.048584
0,0.034169
0,0.025636
0,0.030626
0,0.030604
0,0.033456
0,0.031143
0,0.042185
0,0.034591
0,0.037735
0,0.031357
0,0.031793
0,0.032630
0,0.039156
0,0.027813
0,0.026120
0,0.046386
0,0.034776
0,0.032077
0,0.119078
0,0.231663
0,0.300275
0,0.103661
0,0.678332
0,0.146873
0,0.245877
0,0.663002
0,0.894125
0,0.475357
0,0.911353
0,0.414977
0,0.269705
0,0.068025
0,0.236752
0,0.121736
0,0.222995
0,0.096260
0,0.117361
0,0.222905
0,0.559602
0,0.162437
0,0.199170
0,0.146541
0,0.405217
0,0.085552
0,0.121050
0,0.125170
0,0.471898
0,0.343285
0,0.107385
0,0.069352
0,0.471021
0,0.066007
0,0.242452
0,0.278520
0,0.309998
0,0.864439
0,0.152960
0,0.231433
0,0.214095
0,0.236151
0,0.120991
0,0.286804
0,0.340097
0,0.173331
0,0.097609
0,0.171111
1,0.021415
1,0.034913
1,0.019643
1,0.076952
1,0.032035
1,0.103938
1,0.023075
1,0.152371
1,0.088539
1,0.021976
1,0.036848
1,0.020473
1,0.035298
1,0.097985
1,0.225363
1,0.055157
1,0.044669
1,0.489746
1,0.034063
1,0.756919
1,0.050439
1,0.088028
1,0.095770
1,0.065966
1,0.184536
1,0.032734
1,0.052603
1,0.062146
1,0.171233
1,0.022989
1,0.021001
1,0.035599
1,0.035581
1,0.038254
1,0.037156
1,0.031659
1,0.039719
1,0.026052
1,0.043994
1,0.099280
1,0.061450
1,0.054502
1,0.036130
1,0.044975
1,0.445667
1,0.440419
1,0.440400
1,0.067355
1,0.024533
1,0.077462
1,0.158802
1,0.444645
1,0.059866
1,0.112875
1,0.090643
1,0.071025
1,0.159281
1,0.033137
1,0.119248
1,0.031100
1,0.115394
1,0.376051
1,0.048891
1,0.088855
1,0.070875
1,0.509189
1,0.107167
1,0.520086
1,0.203439
1,0.209954
1,0.258098
1,0.141571
1,0.334015
1,0.291682
1,0.519143
1,0.677959
1,0.355135
1,0.039830
1,0.082479
1,0.025879
1,0.039255
1,0.027030
1,0.019789
1,0.974997
1,0.973749
1,0.972113
1,0.974463
1,0.977745
1,0.979037
1,0.976850
1,0.978104
1,0.977973
1,0.980940
1,0.980312
1,0.983314
1,0.980525
1,0.979289
1,0.982616
1,0.975795
1,0.977574
1,0.977545
1,0.979022
1,0.967978
1,0.975879
1,0.975671
1,0.975047
1,0.970272
1,0.978751
1,0.979116
1,0.977265
1,0.974670
1,0.981692
1,0.987120
1,0.986396
1,0.988021
1,0.979722
1,0.974827
1,0.978172
1,0.980893
1,0.983239
1,0.982493
1,0.978964
1,0.977661
1,0.973659
1,0.976128
1,0.984550
1,0.984590
1,0.977155
1,0.980887
1,0.978874
1,0.983912
1,0.978231
1,0.979467
1,0.977289
1,0.977224
1,0.974058
1,0.976682
1,0.981533
1,0.982550
1,0.980105
1,0.978813
1,0.981392
1,0.982238
1,0.984450
1,0.981351
1,0.974850
1,0.980749
1,0.980561
1,0.975258
1,0.976878
1,0.893414
1,0.980913
1,0.962525
1,0.960449
1,0.961316
1,0.925605
1,0.964468
1,0.984571
1,0.981308
1,0.968967
1,0.978576
1,0.937137
1,0.988577
1,0.981620
1,0.977357
1,0.971369
1,0.980900
1,0.979404
1,0.980097
1,0.977964
1,0.981548
1,0.902031
1,0.675917
1,0.971842
1,0.977865
1,0.979083
1,0.981451
1,0.982456
1,0.945613
1,0.938124
1,0.687191
1,0.928508
1,0.949308
1,0.984817
1,0.984832
1,0.983449
1,0.982547
1,0.978467
1,0.985165
1,0.979015
1,0.984782
1,0.971795
1,0.984365
1,0.981049
1,0.985618
1,0.931125
1,0.976663
1,0.981508
1,0.987473
1,0.980283
1,0.981499
1,0.986420
1,0.983796
1,0.981320
1,0.981521
1,0.981817
1,0.657407
1,0.931260
1,0.966341
1,0.978233
1,0.962650
1,0.960321
1,0.987626
1,0.984038
1,0.982216
1,0.986402
1,0.981123
1,0.986491
1,0.985295
1,0.979090
1,0.962728
1,0.981606
1,0.970703
1,0.980116
1,0.982727
1,0.987359
1,0.971200
1,0.980298
1,0.982698
1,0.963591
1,0.966533
1,0.854178
1,0.981734
1,0.980531
1,0.980758
1,0.972362
1,0.982767
1,0.977851
1,0.982693
1,0.957181
1,0.945234
1,0.957998
1,0.984735
1,0.927840
1,0.950987
0,0.020558
0,0.099295
0,0.015304
0,0.024579
0,0.018610
0,0.016138
0,0.013345
0,0.019287
0,0.109720
0,0.021268
0,0.021879
0,0.023110
0,0.015221
0,0.022380
0,0.016613
0,0.020180
0,0.021299
0,0.018812
0,0.020881
0,0.016844
0,0.016922
0,0.025008
0,0.018282
0,0.015688
0,0.020864
0,0.035668
0,0.019369
0,0.018443
0,0.015108
0,0.023731
0,0.019940
0,0.013549
0,0.016904
0,0.027997
0,0.018001
0,0.023371
0,0.027004
0,0.029991
0,0.015477
0,0.046265
0,0.042075
0,0.062553
0,0.041201
0,0.039221
0,0.016805
0,0.017302
0,0.022210
0,0.032188
0,0.016381
0,0.042963
0,0.015402
0,0.027622
0,0.028244
0,0.017536
0,0.023564
0,0.029185
0,0.033960
0,0.095316
0,0.031843
0,0.024435
0,0.022788
0,0.022287
0,0.021073
0,0.020403
0,0.024781
0,0.022636
0,0.022111
0,0.028450
0,0.035695
0,0.022522
0,0.021215
0,0.019488
0,0.019621
0,0.020123
0,0.026178
0,0.022530
0,0.022433
0,0.022614
0,0.021518
0,0.025697
0,0.023848
0,0.023597
0,0.021566
0,0.019078
0,0.027548
0,0.026593
0,0.025158
0,0.022234
0,0.017938
0,0.019484
0,0.019844
0,0.022805
0,0.019782
0,0.035367
0,0.023164
0,0.027581
0,0.026899
0,0.024324
0,0.021320
0,0.038946
0,0.076359
0,0.052783
0,0.025608
0,0.025895
0,0.033216
0,0.023940
0,0.020350
0,0.035070
0,0.027817
0,0.031932
0,0.031134
0,0.033752
0,0.022684
0,0.024279
0,0.030526
0,0.040623
0,0.035756
0,0.025448
0,0.017770
0,0.017347
0,0.022507
0,0.025968
0,0.019815
0,0.021293
0,0.023270
0,0.017697
0,0.020896
0,0.020840
0,0.017402
0,0.018188
0,0.016882
0,0.020099
0,0.025141
0,0.022430
0,0.020475
0,0.024274
0,0.021718
0,0.023156
0,0.044648
0,0.036218
0,0.053857
0,0.021093
0,0.019105
0,0.020631
0,0.023591
0,0.019632
0,0.020712
0,0.023926
0,0.027829
0,0.160234
0,0.025219
0,0.026092
0,0.065950
0,0.026967
0,0.967249
0,0.970794
0,0.918208
0,0.762931
0,0.748486
0,0.062401
0,0.078620
0,0.023978
0,0.028002
0,0.063610
0,0.316558
0,0.938378
0,0.970108
0,0.968587
0,0.968865
0,0.949872
0,0.517634
0,0.403464
0,0.904070
0,0.972871
0,0.966941
0,0.957201
0,0.974790
0,0.933753
0,0.940569
0,0.825157
0,0.272455
0,0.845467
0,0.153519
0,0.959521
0,0.959328
0,0.967643
0,0.952759
0,0.831957
0,0.958527
0,0.697720
0,0.947842
0,0.942650
0,0.938128
0,0.877804
0,0.952092
0,0.847666
0,0.088098
0,0.118291
0,0.105409
0,0.308297
0,0.214486
0,0.719990
0,0.414081
0,0.742949
0,0.949207
0,0.940544
0,0.964503
0,0.959856
0,0.937845
0,0.942381
0,0.939535
0,0.944809
0,0.963233
0,0.954727
0,0.783136
0,0.969310
0,0.937775
0,0.914123
0,0.823783
0,0.583920
0,0.081905
0,0.112905
0,0.119815
0,0.770678
0,0.857377
0,0.893036
0,0.939278
0,0.934005
0,0.926097
0,0.956194
0,0.593950
0,0.319623
0,0.311321
0,0.862082
0,0.211735
0,0.947348
0,0.969451
0,0.974661
0,0.931105
0,0.644642
0,0.034389
0,0.461672
0,0.812790
0,0.744280
0,0.101727
0,0.048289
0,0.066013
0,0.043605
0,0.064952
0,0.029822
0,0.559205
0,0.049155
0,0.227203
0,0.547060
0,0.419304
0,0.409133
0,0.060031
0,0.085345
0,0.341482
0,0.039479
0,0.249689
0,0.173955
0,0.588886
0,0.077231
0,0.122668
0,0.055610
0,0.043498
0,0.028002
0,0.080980
0,0.106636
0,0.032178
0,0.018699
0,0.106001
0,0.095570
0,0.112580
0,0.092241
0,0.056255
0,0.137610
0,0.031152
0,0.059566
0,0.055453
0,0.225881
0,0.152015
0,0.116082
0,0.064210
0,0.073218
0,0.187465
0,0.142641
0,0.301235
0,0.065028
0,0.151978
0,0.223462
0,0.025596
0,0.031565
0,0.242439
0,0.350386
0,0.108930
0,0.094906
0,0.178424
0,0.066632
0,0.018931
0,0.071198
0,0.094714
0,0.737668
0,0.228021
0,0.090872
0,0.068194
0,0.105244
0,0.245554
0,0.125263
0,0.672648
0,0.162620
0,0.192328
0,0.050758
0,0.109508
0,0.194302
0,0.177141
0,0.470737
0,0.026520
0,0.025809
0,0.031075
0,0.125834
0,0.587250
0,0.430871
0,0.366606
0,0.052592
0,0.128887
1,0.970206
1,0.947719
1,0.968339
1,0.972067
1,0.953401
1,0.646149
1,0.744539
1,0.179466
1,0.909249
1,0.626273
1,0.106516
1,0.299334
1,0.248007
1,0.945199
1,0.963283
1,0.957119
1,0.939986
1,0.937689
1,0.972518
1,0.966164
1,0.955008
1,0.795096
1,0.656945
1,0.818480
1,0.890056
1,0.943315
1,0.945877
1,0.956558
1,0.952025
1,0.872770
1,0.938226
1,0.910237
1,0.698955
1,0.923854
1,0.952002
1,0.845417
1,0.941406
1,0.962859
1,0.974150
1,0.929865
1,0.935492
1,0.841888
1,0.439643
1,0.932445
1,0.870977
1,0.938480
1,0.816656
1,0.956637
1,0.958028
1,0.873732
1,0.951269
1,0.946787
1,0.945614
1,0.965868
1,0.693566
1,0.638348
1,0.054880
1,0.520799
1,0.364253
1,0.946840
1,0.920469
1,0.923330
1,0.880325
1,0.870274
1,0.965638
1,0.909326
1,0.937842
1,0.847077
1,0.926407
1,0.943673
1,0.287931
1,0.116997
1,0.066647
1,0.299567
1,0.276696
1,0.950166
1,0.823074
1,0.882678
1,0.777283
1,0.760929
1,0.140984
1,0.651794
1,0.919283
1,0.782065
1,0.744114
1,0.213972
1,0.744278
1,0.089834
1,0.144648
1,0.166043
1,0.815299
1,0.060481
1,0.540778
1,0.655014
1,0.485098
1,0.927854
1,0.819277
1,0.906413
1,0.423272
1,0.589887
1,0.542002
1,0.631234
1,0.615059
1,0.686823
1,0.548144
1,0.433525
1,0.605572
1,0.585873
1,0.237424
1,0.203985
1,0.028442
1,0.175662
1,0.237167
1,0.420539
1,0.849696
1,0.186039
1,0.492197
1,0.233157
1,0.796992
1,0.499343
1,0.223690
1,0.247549
1,0.255544
1,0.197330
1,0.531062
1,0.092732
1,0.022904
1,0.043955
1,0.329188
1,0.611438
1,0.128486
1,0.869642
1,0.082409
1,0.053796
1,0.229238
1,0.244525
1,0.739317
1,0.504452
1,0.511229
1,0.248105
1,0.232733
1,0.369767
1,0.794015
1,0.245519
1,0.293925
1,0.107203
1,0.132228
1,0.242097
1,0.465987
1,0.244512
1,0.059369
1,0.107491
1,0.205332
1,0.105608
1,0.300270
1,0.064451
1,0.038929
1,0.043257
1,0.058018
1,0.067990
1,0.880581
1,0.663703
1,0.816237
1,0.363733
1,0.710324
1,0.260191
1,0.519987
1,0.357333
1,0.275322
1,0.336851
0,0.019027
0,0.018783
0,0.018674
0,0.025058
0,0.020470
0,0.027643
0,0.027883
0,0.023347
0,0.022855
0,0.023920
0,0.026704
0,0.021687
0,0.024049
0,0.020330
0,0.024345
0,0.023365
0,0.025974
0,0.023711
0,0.026285
0,0.024137
0,0.027230
0,0.022895
0,0.025415
0,0.028946
0,0.023879
0,0.023590
0,0.027635
0,0.024145
0,0.021873
0,0.017332
0,0.022994
0,0.023201
0,0.021332
0,0.020454
0,0.018653
0,0.026110
0,0.027472
0,0.032758
0,0.019663
0,0.023958
0,0.026115
0,0.032618
0,0.025081
0,0.028814
0,0.018304
0,0.036516
0,0.035995
0,0.031806
0,0.046022
0,0.027743
0,0.028090
0,0.027352
0,0.031324
0,0.028523
0,0.025350
0,0.027184
0,0.022962
0,0.024772
0,0.023349
0,0.025277
0,0.034782
0,0.029095
0,0.029032
0,0.031045
0,0.030660
0,0.024977
0,0.026403
0,0.035078
0,0.033961
0,0.032285
0,0.026987
0,0.032090
0,0.026616
0,0.020223
0,0.024075
0,0.024170
0,0.025294
0,0.026595
0,0.023271
0,0.018971
0,0.019325
0,0.020385
0,0.018971
0,0.022138
0,0.022831
0,0.022186
0,0.024555
0,0.029751
0,0.030766
1,0.842623
1,0.746900
1,0.809475
1,0.875351
1,0.795329
1,0.882023
1,0.759659
1,0.844629
1,0.686113
1,0.819041
1,0.895196
1,0.789452
1,0.761160
1,0.482824
1,0.919350
1,0.711748
1,0.524171
1,0.657960
1,0.757474
1,0.834183
1,0.438008
1,0.729957
1,0.710801
1,0.786595
1,0.655005
1,0.770511
1,0.850679
1,0.864249
1,0.592470
1,0.910791
1,0.908939
1,0.710826
1,0.397574
1,0.824424
1,0.845273
1,0.919416
1,0.922634
1,0.899578
1,0.889908
1,0.862166
1,0.948533
1,0.675984
1,0.782551
1,0.688824
1,0.905078
1,0.857067
1,0.519590
1,0.750122
1,0.600705
1,0.834148
1,0.612701
1,0.783274
1,0.679164
1,0.731057
1,0.643714
1,0.331282
1,0.741368
1,0.916492
1,0.796891
1,0.652763
1,0.882961
1,0.783639
1,0.482761
1,0.555670
1,0.543688
1,0.603525
1,0.840147
1,0.584542
1,0.544319
1,0.611532
1,0.847630
1,0.709343
1,0.527410
1,0.628691
1,0.246072
1,0.673251
1,0.945315
1,0.805147
1,0.970355
1,0.929462
1,0.746061
1,0.766227
1,0.854231
1,0.959211
1,0.923934
1,0.979071
1,0.974814
1,0.973253
1,0.976841
1,0.973437
1,0.972190
1,0.977711
1,0.973681
1,0.976353
1,0.976522
1,0.969086
1,0.978762
1,0.977941
1,0.984076
1,0.979528
1,0.977570
1,0.973982
1,0.979547
1,0.977477
1,0.975809
1,0.978880
1,0.974351
1,0.983669
1,0.980308
1,0.981703
1,0.971486
1,0.974532
1,0.977927
1,0.977465
1,0.976309
1,0.969589
1,0.973470
1,0.970429
1,0.975399
1,0.966626
1,0.974309
1,0.946629
1,0.975675
1,0.976235
1,0.968493
1,0.976898
1,0.968794
1,0.972155
1,0.971568
1,0.969043
1,0.974168
1,0.967464
1,0.966929
1,0.976069
1,0.978872
1,0.976563
1,0.970699
1,0.967346
1,0.969549
1,0.970989
1,0.975286
1,0.978002
1,0.971930
1,0.974016
1,0.974963
1,0.966929
1,0.979118
1,0.969541
1,0.972808
1,0.971912
1,0.969219
1,0.970305
1,0.971564
1,0.968035
1,0.972990
1,0.974873
1,0.978341
1,0.973890
1,0.971000
1,0.975062
1,0.963916
1,0.971074
1,0.976472
1,0.972817
1,0.970376
1,0.966255
1,0.974549
1,0.974439
1,0.975875
1,0.976627
1,0.978119
1,0.969935
1,0.970330
1,0.976290
1,0.822436
1,0.969241
1,0.970052
1,0.967791
1,0.961769
1,0.966718
1,0.970325
1,0.962080
1,0.972308
1,0.954730
1,0.965076
1,0.964276
1,0.969262
1,0.972092
1,0.961844
1,0.968799
1,0.965293
1,0.955462
1,0.964627
1,0.966283
1,0.968495
1,0.965962
1,0.964617
1,0.965933
1,0.965459
1,0.959992
1,0.957788
1,0.964705
1,0.968865
1,0.964446
1,0.974770
1,0.971483
1,0.973317
1,0.971634
1,0.973675
1,0.969232
1,0.961407
1,0.950958
1,0.960922
1,0.961873
1,0.968779
1,0.967484
1,0.964815
1,0.956227
1,0.966673
1,0.965590
1,0.965160
1,0.971993
1,0.970781
1,0.965764
1,0.964877
1,0.965992
1,0.959840
1,0.966035
1,0.964925
1,0.967373
1,0.956751
1,0.969174
1,0.964519
1,0.961411
1,0.966514
1,0.972735
1,0.963369
1,0.962526
1,0.966365
1,0.971327
1,0.962306
1,0.957890
1,0.970318
1,0.970789
1,0.968461
1,0.962744
1,0.963951
1,0.959123
1,0.963386
1,0.959267
1,0.969408
1,0.963422
1,0.963198
1,0.964209
1,0.961608
1,0.956349
1,0.949099
1,0.956029
1,0.950901
1,0.961989
1,0.949902
1,0.962506
1,0.963960
1,0.962163
1,0.028698
1,0.151900
1,0.948193
1,0.744864
1,0.294773
1,0.983002
1,0.883907
1,0.982854
1,0.932552
1,0.979713
1,0.848746
1,0.966192
1,0.176941
1,0.317611
1,0.156535
1,0.806722
1,0.566062
1,0.951797
1,0.621475
1,0.296882
1,0.055906
1,0.260550
1,0.019204
1,0.517132
1,0.072710
1,0.181015
1,0.802514
1,0.058332
1,0.197105
1,0.030502
1,0.730782
0,0.033493
0,0.025278
0,0.045421
0,0.021375
0,0.027278
0,0.032345
0,0.075252
0,0.038238
0,0.022919
0,0.033952
0,0.025491
0,0.027879
0,0.042272
0,0.020546
0,0.020239
0,0.019856
0,0.029005
0,0.024983
0,0.053630
0,0.058494
0,0.024888
0,0.035363
0,0.041624
0,0.033904
0,0.030073
0,0.043880
0,0.091981
0,0.057371
0,0.025124
0,0.026875
0,0.068159
0,0.032202
0,0.024524
0,0.815654
0,0.041067
0,0.365172
0,0.095052
0,0.031830
0,0.035984
0,0.025960
0,0.074136
0,0.032871
0,0.390911
0,0.036922
0,0.034339
0,0.029402
0,0.051921
0,0.071478
0,0.031395
0,0.039088
0,0.033570
0,0.060014
0,0.024200
0,0.652706
0,0.079391
0,0.089856
0,0.116077
0,0.158369
0,0.042503
0,0.435763
0,0.119011
0,0.136027
0,0.031059
0,0.024536
0,0.023571
0,0.034090
0,0.356473
0,0.046340
0,0.030510
0,0.022789
0,0.028000
0,0.394150
0,0.065985
0,0.236063
0,0.047604
0,0.063768
0,0.268698
0,0.056762
0,0.802672
0,0.903553
0,0.480701
0,0.887381
0,0.318322
0,0.158187
0,0.957392
0,0.495424
0,0.893435
0,0.410622
0,0.897916
0,0.214008
0,0.774508
0,0.941802
0,0.384362
0,0.674351
0,0.940315
0,0.831102
0,0.535766
0,0.924904
0,0.977385
0,0.954211
0,0.486959
0,0.296021
0,0.164815
0,0.040984
0,0.040120
0,0.577963
0,0.513413
0,0.970077
0,0.716241
0,0.892592
0,0.213165
0,0.730630
0,0.125541
0,0.867404
0,0.231509
0,0.210099
0,0.958800
0,0.462105
0,0.518058
0,0.649699
0,0.888020
0,0.771315
0,0.385650
0,0.738191
0,0.975197
0,0.923741
0,0.967648
0,0.583891
0,0.965690
0,0.181933
0,0.953986
0,0.969876
0,0.828240
0,0.377404
0,0.980953
0,0.975593
0,0.883766
0,0.946069
0,0.763466
0,0.140570
0,0.080439
0,0.691299
0,0.926856
0,0.122098
0,0.133914
0,0.076417
0,0.927543
0,0.659660
0,0.959089
0,0.215907
0,0.422943
0,0.949068
0,0.821709
0,0.670356
1,0.195208
1,0.061976
1,0.249573
1,0.720751
1,0.104123
1,0.922885
1,0.889229
1,0.490289
1,0.353354
1,0.930446
1,0.330210
1,0.954494
1,0.325936
1,0.091685
1,0.050471
1,0.206317
1,0.073140
1,0.392222
1,0.089531
1,0.072353
1,0.151292
1,0.549941
1,0.729932
1,0.661129
1,0.946906
1,0.914577
1,0.953172
1,0.108194
1,0.857230
1,0.510866
1,0.027580
1,0.092536
1,0.900660
1,0.858462
1,0.924913
1,0.915548
1,0.427703
1,0.593504
1,0.931178
1,0.785513
1,0.929665
1,0.913582
1,0.810071
1,0.847538
1,0.974163
1,0.966428
1,0.937873
1,0.194505
1,0.638755
1,0.148723
1,0.782100
1,0.967364
1,0.083522
1,0.148062
1,0.236100
1,0.195098
1,0.610523
1,0.168756
1,0.084028
1,0.442671
1,0.193742
1,0.714336
1,0.428287
1,0.121840
1,0.425258
1,0.637667
1,0.740672
1,0.346651
1,0.955018
1,0.492581
1,0.509931
1,0.087954
1,0.330275
1,0.820270
1,0.971755
1,0.939313
1,0.321562
1,0.563220
1,0.372750
1,0.099847
1,0.076990
1,0.865964
1,0.917874
1,0.489566
1,0.213509
1,0.602474
1,0.893307
1,0.867266
1,0.874030
1,0.610147
1,0.125807
1,0.049479
1,0.084542
1,0.941097
1,0.951536
1,0.808241
1,0.851023
1,0.460138
1,0.209277
1,0.537896
1,0.973332
1,0.973801
1,0.975339
1,0.972538
1,0.974952
1,0.970883
1,0.973524
1,0.972725
1,0.976091
1,0.968990
1,0.969705
1,0.970793
1,0.976189
1,0.973134
1,0.969964
1,0.971354
1,0.970435
1,0.972442
1,0.975500
1,0.982663
1,0.982127
1,0.977881
1,0.979530
1,0.977634
1,0.980917
1,0.973824
1,0.977174
1,0.979102
1,0.977603
1,0.976590
1,0.979085
1,0.981753
1,0.981313
1,0.980009
1,0.983828
1,0.983593
1,0.981519
1,0.977456
1,0.972991
1,0.967902
1,0.976857
1,0.972924
1,0.975415
1,0.974642
1,0.977113
1,0.975278
1,0.977978
1,0.970678
1,0.979910
1,0.977736
1,0.982455
1,0.980966
1,0.985741
1,0.983890
1,0.975740
1,0.977469
1,0.969577
1,0.978779
1,0.980120
1,0.974719
1,0.983658
1,0.982635
1,0.980131
1,0.981975
1,0.984699
1,0.980265
1,0.979696
1,0.979075
1,0.976263
1,0.978475
1,0.976124
1,0.968169
1,0.973177
1,0.972166
1,0.978334
1,0.981143
1,0.980805
1,0.976721
1,0.977867
1,0.980048
1,0.972479
1,0.976279
1,0.979025
1,0.981242
1,0.973669
1,0.968662
1,0.964803
1,0.974907
1,0.972798
1,0.977686
1,0.977391
1,0.979247
1,0.978571
1,0.980731
1,0.985027
1,0.984300
0,0.369076
0,0.084620
0,0.209664
0,0.355388
0,0.863476
0,0.476338
0,0.637076
0,0.842941
0,0.114680
0,0.907045
0,0.226278
0,0.937342
0,0.897240
0,0.072060
0,0.789750
0,0.224350
0,0.599214
0,0.761687
0,0.892991
0,0.158451
0,0.752532
0,0.814031
0,0.835850
0,0.410696
0,0.173917
0,0.690177
0,0.282255
0,0.641014
0,0.144280
0,0.845711
0,0.075477
0,0.250532
0,0.441437
0,0.906011
0,0.917465
0,0.651314
0,0.343902
0,0.150346
0,0.210737
0,0.228760
0,0.182936
0,0.044046
0,0.148684
0,0.028048
0,0.172755
0,0.892375
0,0.072007
0,0.022634
0,0.029865
0,0.059005
0,0.641619
0,0.668834
0,0.728450
0,0.423327
0,0.487854
0,0.075921
0,0.134823
0,0.056754
0,0.030438
0,0.074203
0,0.028410
0,0.369957
0,0.866514
0,0.759791
0,0.173126
0,0.121774
0,0.229008
1,0.877273
1,0.968927
1,0.959149
1,0.953577
1,0.968556
1,0.971702
1,0.967240
1,0.967171
1,0.940906
1,0.961242
1,0.965499
1,0.964147
1,0.952189
1,0.954640
1,0.943754
1,0.963913
1,0.957927
1,0.964547
1,0.954618
1,0.965815
1,0.967315
1,0.963154
1,0.974140
1,0.958485
1,0.967907
1,0.966227
1,0.967720
1,0.965188
1,0.961421
1,0.968198
1,0.971017
1,0.966963
1,0.968851
1,0.968453
1,0.968060
1,0.970154
1,0.970322
1,0.963876
1,0.969193
1,0.964651
1,0.966313
1,0.971898
1,0.963757
1,0.964790
1,0.964295
1,0.965591
1,0.963731
1,0.955179
1,0.969356
1,0.968316
1,0.961993
1,0.972310
1,0.943732
1,0.962911
1,0.962811
1,0.902089
1,0.401302
1,0.121118
1,0.463428
1,0.294422
1,0.080896
1,0.853936
1,0.697018
1,0.892938
1,0.895107
1,0.910950
1,0.969306
1,0.972327
1,0.600965
1,0.542553
1,0.906770
1,0.889294
1,0.747555
1,0.932866
1,0.935704
1,0.862491
1,0.889047
1,0.973352
1,0.748948
1,0.909622
1,0.905537
1,0.978944
1,0.947049
1,0.960697
1,0.966125
1,0.948255
1,0.970146
1,0.949938
1,0.931374
1,0.655819
1,0.886095
1,0.864980
1,0.636982
1,0.964508
1,0.960862
1,0.950992
1,0.951869
1,0.978643
1,0.969200
1,0.976848
1,0.942046
1,0.952970
1,0.964035
1,0.883879
1,0.605815
1,0.935393
1,0.960198
1,0.927535
1,0.910521
1,0.810817
1,0.820484
1,0.957661
1,0.925674
1,0.898515
1,0.976433
1,0.973183
1,0.955321
0,0.024052
0,0.021200
0,0.348083
0,0.041441
0,0.044640
0,0.042934
0,0.109763
0,0.051117
0,0.076984
0,0.044903
0,0.638895
0,0.061758
0,0.041696
0,0.048854
0,0.087053
0,0.043962
0,0.066200
0,0.042748
0,0.099827
0,0.043276
0,0.122345
0,0.028287
0,0.043857
0,0.116744
0,0.157841
0,0.026709
0,0.017206
0,0.022721
0,0.030004
0,0.023295
0,0.020456
0,0.027734
0,0.023109
0,0.027072
0,0.022083
0,0.049259
0,0.020287
0,0.032612
0,0.018301
0,0.391880
0,0.017811
0,0.073909
0,0.035619
0,0.212147
0,0.022405
0,0.044636
0,0.123830
0,0.029853
0,0.024768
0,0.021519
0,0.142295
0,0.077004
0,0.124721
0,0.235799
0,0.044641
0,0.044029
0,0.052399
0,0.042393
0,0.023791
0,0.021556
0,0.022556
0,0.027028
0,0.027142
0,0.068989
0,0.018174
0,0.023540
0,0.018365
0,0.024687
0,0.024367
0,0.024839
0,0.022140
0,0.025759
0,0.228084
0,0.397819
0,0.272618
0,0.032356
0,0.041266
0,0.029000
0,0.033861
0,0.023044
0,0.022216
0,0.021956
0,0.026401
0,0.035484
0,0.039600
0,0.016247
0,0.018400
0,0.017298
0,0.018249
0,0.023238
0,0.030933
0,0.029273
0,0.034128
0,0.033831
0,0.059158
0,0.015974
0,0.017055
0,0.019111
0,0.017195
0,0.024747
1,0.640021
1,0.093386
1,0.260944
1,0.106473
1,0.276316
1,0.885244
1,0.717450
1,0.468157
1,0.055255
1,0.070896
1,0.801364
1,0.819927
1,0.762027
1,0.664323
1,0.731694
1,0.945319
1,0.816817
1,0.688836
1,0.319508
1,0.111971
1,0.112683
1,0.688653
1,0.385837
1,0.326645
1,0.661535
1,0.427055
1,0.895352
1,0.968069
1,0.879234
1,0.666919
1,0.904537
1,0.797484
1,0.815705
1,0.057256
1,0.805182
1,0.168213
1,0.149622
1,0.359338
1,0.388813
1,0.626980
1,0.821668
1,0.862328
1,0.848963
1,0.895472
1,0.876833
1,0.952307
1,0.888640
1,0.672826
1,0.708116
1,0.782831
1,0.700391
1,0.404234
1,0.815704
1,0.922978
1,0.256504
1,0.332717
1,0.597032
1,0.093162
1,0.308564
1,0.724910
1,0.338651
1,0.716177
1,0.390593
1,0.723523
1,0.637790
1,0.884904
1,0.687182
1,0.219431
1,0.114447
1,0.195407
1,0.256984
1,0.346962
1,0.100926
1,0.644368
1,0.451230
1,0.101845
1,0.165967
1,0.973780
1,0.762224
1,0.843987
1,0.929764
1,0.889292
1,0.927697
1,0.938732
1,0.924277
1,0.935723
1,0.148144
1,0.924004
1,0.367913
1,0.050714
1,0.077402
1,0.400579
1,0.818044
1,0.815129
1,0.953529
1,0.928775
1,0.922843
1,0.828777
1,0.881421
1,0.854320
1,0.024621
1,0.050538
1,0.027110
1,0.030178
1,0.070638
1,0.030471
1,0.025073
1,0.028094
1,0.034167
1,0.029784
1,0.071617
1,0.095338
1,0.088236
1,0.023165
1,0.053420
1,0.071539
1,0.028478
1,0.037389
1,0.027391
1,0.023839
1,0.028663
1,0.026105
1,0.023973
1,0.022996
1,0.021941
1,0.020617
1,0.031633
1,0.021950
1,0.021273
1,0.024347
1,0.024616
1,0.027754
1,0.034686
1,0.129604
1,0.030094
1,0.024276
1,0.020925
1,0.019279
1,0.030711
1,0.032134
1,0.019577
1,0.023804
1,0.031025
1,0.035907
1,0.081595
1,0.034327
1,0.034740
1,0.029992
1,0.028700
1,0.028250
1,0.030139
1,0.216191
1,0.026215
1,0.055054
1,0.021310
1,0.020003
1,0.027450
1,0.056594
1,0.022251
1,0.028673
1,0.025034
1,0.023881
1,0.034644
1,0.021917
1,0.032556
1,0.025243
1,0.021323
1,0.016911
1,0.025112
1,0.022666
1,0.020655
1,0.029187
1,0.025618
1,0.023841
1,0.028588
1,0.030772
1,0.020404
1,0.026403
1,0.023319
1,0.029185
1,0.030058
1,0.034626
1,0.029481
1,0.026821
1,0.040335
1,0.030829
1,0.040310
1,0.033337
1,0.067849
1,0.031810
1,0.175164
1,0.025804
1,0.030981
1,0.027186
1,0.034324
1,0.022906
1,0.035091
1,0.048796
1,0.034893
1,0.040379
0,0.031131
0,0.034225
0,0.025067
0,0.022723
0,0.025071
0,0.024666
0,0.026172
0,0.025038
0,0.029793
0,0.023617
0,0.028565
0,0.025790
0,0.020743
0,0.027922
0,0.028970
0,0.045600
0,0.031810
0,0.029108
0,0.028435
0,0.029038
0,0.024222
0,0.026123
0,0.024966
0,0.032578
0,0.024583
0,0.028801
0,0.034160
0,0.027947
0,0.025414
0,0.031704
0,0.018648
0,0.021409
0,0.023072
0,0.023243
0,0.029466
0,0.022787
0,0.014982
0,0.017982
0,0.029024
0,0.030554
0,0.025626
0,0.047220
0,0.032224
0,0.030019
0,0.029071
0,0.032631
0,0.032468
0,0.033309
0,0.028789
0,0.026725
0,0.032358
0,0.026931
0,0.038073
0,0.029608
0,0.033489
0,0.031918
0,0.035396
0,0.033197
0,0.031840
0,0.022960
0,0.029129
0,0.068951
0,0.024973
0,0.028683
0,0.025792
0,0.033292
0,0.034561
0,0.027068
0,0.033731
0,0.026131
0,0.030428
0,0.022960
0,0.030660
0,0.030265
0,0.021676
0,0.029046
0,0.027734
0,0.032290
0,0.026575
0,0.023822
0,0.032383
0,0.028664
0,0.035511
0,0.024325
0,0.021740
0,0.019632
0,0.022132
0,0.030673
0,0.027927
0,0.040503
0,0.030332
0,0.036346
0,0.025630
0,0.030185
0,0.027147
0,0.031383
0,0.028193
0,0.027953
0,0.024861
0,0.027635
0,0.027998
0,0.031235
0,0.034354
0,0.030201
0,0.043629
0,0.027395
0,0.034094
0,0.033530
0,0.043947
0,0.036770
0,0.031659
0,0.038780
0,0.038728
0,0.030897
0,0.029599
0,0.025965
0,0.027278
0,0.027833
0,0.032947
0,0.038105
0,0.036021
0,0.036395
0,0.045102
0,0.035048
0,0.051960
0,0.026365
0,0.024091
0,0.029197
0,0.028877
0,0.039090
0,0.037245
0,0.020740
0,0.024055
0,0.040928
0,0.025862
0,0.032580
0,0.045088
0,0.032324
0,0.027388
0,0.027993
0,0.040688
0,0.049823
0,0.066044
0,0.031617
0,0.041106
0,0.035748
0,0.034567
0,0.039102
0,0.052356
0,0.032709
0,0.033172
0,0.034873
0,0.043877
0,0.032591
0,0.032475
0,0.033150
0,0.022277
0,0.023861
0,0.029879
0,0.029461
0,0.026585
0,0.026562
0,0.035399
0,0.035802
0,0.044189
0,0.038052
0,0.027414
0,0.032934
0,0.030298
0,0.032163
0,0.030257
0,0.030013
0,0.038269
0,0.035713
0,0.030699
0,0.043628
0,0.030161
0,0.044647
0,0.037953
0,0.028472
0,0.036491
0,0.033456
0,0.039132
1,0.023730
1,0.028272
1,0.026794
1,0.046989
1,0.040997
1,0.316326
1,0.033583
1,0.034933
1,0.106281
1,0.020096
1,0.038222
1,0.049431
1,0.055017
1,0.028765
1,0.036150
1,0.065481
1,0.037350
1,0.027615
1,0.035059
1,0.016957
1,0.038841
1,0.016840
1,0.041659
1,0.023537
1,0.043152
1,0.038514
1,0.032215
1,0.022674
1,0.019706
1,0.018111
1,0.024753
1,0.034160
1,0.024322
1,0.096977
1,0.041038
1,0.038547
1,0.019894
1,0.106928
1,0.026586
1,0.020211
1,0.027285
1,0.037514
1,0.041504
1,0.031598
1,0.039016
1,0.030759
1,0.027880
1,0.036693
1,0.029502
1,0.036242
1,0.064211
1,0.056131
1,0.023834
1,0.023450
1,0.075216
1,0.024289
1,0.063099
1,0.044217
1,0.066881
1,0.220391
1,0.046947
1,0.018457
1,0.055907
1,0.069694
1,0.068476
1,0.078469
1,0.035001
1,0.035170
1,0.053715
1,0.031475
1,0.032983
1,0.065820
1,0.043102
0,0.044055
0,0.131242
0,0.068688
0,0.640619
0,0.333688
0,0.039127
0,0.046111
0,0.019724
0,0.070936
0,0.025859
0,0.079774
0,0.191907
0,0.022659
0,0.044026
0,0.016882
0,0.079284
0,0.065722
0,0.715897
0,0.278964
0,0.609060
0,0.041605
0,0.331795
0,0.497821
0,0.373960
0,0.946696
0,0.247789
0,0.077991
0,0.378330
0,0.922560
0,0.386385
0,0.019840
0,0.029213
0,0.021398
0,0.036154
0,0.173503
0,0.074645
0,0.086775
0,0.515092
0,0.072314
0,0.028289
0,0.111189
0,0.689575
0,0.581475
0,0.127196
0,0.386352
0,0.650479
0,0.964630
0,0.288800
0,0.098346
0,0.337854
0,0.236947
0,0.052201
0,0.832178
0,0.857543
0,0.053622
0,0.032381
0,0.072702
0,0.030811
0,0.111602
0,0.030690
0,0.018245
0,0.019323
0,0.034509
0,0.025134
0,0.035739
0,0.194458
0,0.053735
0,0.036801
0,0.135315
0,0.125228
0,0.528041
0,0.075386
0,0.099590
0,0.152183
0,0.834551
0,0.225650
0,0.905387
0,0.831033
0,0.921934
0,0.063769
0,0.215499
0,0.093371
0,0.139357
0,0.040923
0,0.066514
0,0.021795
0,0.177263
0,0.034017
0,0.053143
0,0.155245
0,0.155101
0,0.950140
0,0.675976
0,0.899540
0,0.096203
0,0.908633
0,0.176485
0,0.109566
0,0.454257
0,0.343562
1,0.029561
1,0.027505
1,0.022767
1,0.026598
1,0.023495
1,0.022149
1,0.027853
1,0.022138
1,0.022886
1,0.021828
1,0.035915
1,0.032307
1,0.024629
1,0.022137
1,0.026792
1,0.034324
1,0.023061
1,0.032880
1,0.030221
1,0.024781
1,0.036481
1,0.027424
1,0.028706
1,0.026353
1,0.028788
1,0.032032
1,0.024588
1,0.030301
1,0.028774
1,0.035266
1,0.030589
1,0.022871
1,0.027866
1,0.020797
1,0.023087
1,0.034936
1,0.031665
1,0.027598
1,0.027196
1,0.027733
1,0.027823
1,0.026972
1,0.049816
1,0.043641
1,0.027132
1,0.041278
1,0.034885
1,0.045416
1,0.030609
0,0.114824
0,0.112882
0,0.112882
0,0.112882
0,0.055981
0,0.332163
0,0.141491
0,0.089813
0,0.113729
0,0.110377
0,0.111082
0,0.610467
0,0.688120
0,0.354711
0,0.584230
0,0.406563
0,0.075225
0,0.037960
0,0.058020
0,0.166991
0,0.413319
0,0.808189
0,0.859904
0,0.913969
0,0.592000
0,0.665902
0,0.214367
0,0.171268
0,0.566360
0,0.389877
0,0.135627
0,0.744032
0,0.221811
0,0.177712
0,0.311811
0,0.783601
0,0.906730
0,0.288253
0,0.250659
0,0.118450
0,0.140895
0,0.099396
0,0.225333
0,0.435827
0,0.125644
0,0.233405
0,0.874683
0,0.195106
0,0.444164
0,0.101623
0,0.104153
0,0.753117
0,0.374893
0,0.693001
0,0.174471
0,0.217295
0,0.434453
0,0.416804
0,0.446619
0,0.262675
0,0.572224
0,0.731972
0,0.071611
0,0.062152
0,0.706848
0,0.925728
0,0.830408
0,0.855120
0,0.680594
0,0.177348
0,0.118179
0,0.252427
0,0.343123
0,0.729982
0,0.951086
0,0.693066
0,0.593726
0,0.267934
0,0.258846
0,0.720491
0,0.835589
0,0.274394
0,0.443298
0,0.743191
0,0.799726
0,0.606082
0,0.352710
0,0.250721
0,0.223510
0,0.428230
0,0.188207
0,0.714031
0,0.447935
0,0.251499
0,0.647435
0,0.303369
0,0.442084
0,0.268993
0,0.483319
0,0.178000
0,0.123049
0,0.209932
0,0.754190
0,0.863690
0,0.584763
0,0.618022
0,0.252504
0,0.305310
0,0.113127
0,0.257273
0,0.780347
0,0.928340
0,0.194072
0,0.330982
0,0.239909
0,0.060456
0,0.111618
0,0.391984
0,0.458619
0,0.147281
0,0.195293
0,0.164418
0,0.316249
0,0.968636
0,0.258285
0,0.132011
0,0.917548
0,0.880896
0,0.908795
0,0.703154
0,0.283812
0,0.179626
0,0.196609
0,0.102465
0,0.792313
0,0.295922
0,0.650903
0,0.339909
0,0.191062
0,0.298293
0,0.088654
0,0.076252
0,0.112962
0,0.087214
0,0.392465
0,0.256127
0,0.215254
0,0.264130
0,0.977714
0,0.244016
0,0.958661
0,0.411765
0,0.583836
0,0.937547
0,0.701086
0,0.868818
0,0.968688
0,0.969525
0,0.922213
0,0.556633
0,0.983159
0,0.466262
0,0.758764
0,0.950945
0,0.654682
0,0.025993
0,0.023311
0,0.036174
0,0.044398
0,0.039809
0,0.025666
0,0.049219
0,0.048903
0,0.024298
0,0.053715
0,0.077363
0,0.045741
0,0.039687
0,0.035987
0,0.095305
0,0.028555
0,0.038465
0,0.032227
0,0.028694
0,0.030396
0,0.036051
0,0.042987
0,0.022626
0,0.099156
0,0.039578
0,0.036222
0,0.037642
0,0.028432
0,0.036989
0,0.020034
0,0.027398
0,0.015509
0,0.023111
0,0.029337
0,0.028202
0,0.034737
0,0.026221
0,0.093168
0,0.255359
0,0.057382
0,0.036210
0,0.045136
0,0.022628
0,0.031850
0,0.028851
0,0.030604
0,0.064252
0,0.081508
0,0.019585
0,0.061879
0,0.056555
0,0.018792
0,0.057368
0,0.027944
0,0.076586
0,0.031167
0,0.018549
0,0.018850
0,0.025871
0,0.030505
0,0.032035
0,0.038966
0,0.020929
0,0.042623
0,0.037487
0,0.039586
0,0.087405
0,0.019446
0,0.036931
0,0.025679
0,0.029304
0,0.021966
0,0.041509
0,0.397188
0,0.024764
0,0.026326
0,0.031627
0,0.014391
0,0.021651
0,0.030448
0,0.040784
0,0.041159
0,0.052208
0,0.035121
0,0.035518
0,0.031850
0,0.021175
0,0.016840
0,0.028468
0,0.045936
0,0.035172
0,0.059797
0,0.068136
0,0.037267
0,0.028125
0,0.035718
0,0.020836
0,0.063944
0,0.044637
0,0.023032
1,0.312730
1,0.141708
1,0.372638
1,0.323727
1,0.325713
1,0.791544
1,0.297040
1,0.859015
1,0.808651
1,0.835583
1,0.514389
1,0.810525
1,0.875221
1,0.902828
1,0.719040
1,0.883837
1,0.515332
1,0.695430
1,0.544457
1,0.947065
1,0.826484
1,0.873592
1,0.375599
1,0.746449
1,0.220668
1,0.136905
1,0.937810
1,0.739149
1,0.841358
1,0.179207
1,0.454633
1,0.887658
1,0.970400
1,0.544213
1,0.144438
1,0.970911
1,0.864329
1,0.875116
1,0.327334
1,0.938134
1,0.887019
1,0.950101
1,0.711928
1,0.876798
1,0.920830
1,0.619924
1,0.864587
1,0.843787
1,0.656001
1,0.328335
1,0.854473
1,0.951739
1,0.677887
1,0.631560
1,0.633616
1,0.894040
1,0.754515
1,0.696892
1,0.905517
1,0.079448
1,0.805082
1,0.974572
1,0.656719
1,0.781949
1,0.755482
1,0.908897
1,0.810330
1,0.813775
1,0.514339
1,0.768687
1,0.874054
1,0.687223
1,0.860562
1,0.824987
1,0.948726
1,0.743752
1,0.960769
1,0.670502
1,0.442040
1,0.490130
1,0.040180
1,0.146588
1,0.127495
1,0.124867
1,0.081632
1,0.208701
1,0.061677
1,0.389341
1,0.041014
1,0.159240
1,0.032469
1,0.035801
1,0.236529
1,0.221568
1,0.211402
1,0.066285
1,0.241321
1,0.345832
1,0.180484
1,0.315808
1,0.065426
1,0.159687
1,0.117242
1,0.114358
1,0.216164
1,0.146970
1,0.120975
1,0.098062
1,0.131333
1,0.374321
1,0.109374
1,0.330515
1,0.287242
1,0.224077
1,0.082516
1,0.179000
1,0.185215
1,0.052922
1,0.051846
1,0.162190
1,0.079325
1,0.155815
1,0.561644
1,0.034393
1,0.525517
1,0.046551
1,0.046822
1,0.052553
1,0.066943
1,0.038491
0,0.085101
0,0.881797
0,0.610855
0,0.432383
0,0.749069
0,0.521339
0,0.956653
0,0.704493
0,0.129239
0,0.828375
0,0.355700
0,0.431463
0,0.825592
0,0.478906
0,0.197742
0,0.095153
0,0.204901
0,0.117782
0,0.131815
0,0.395556
0,0.134964
0,0.114461
0,0.220291
0,0.478546
0,0.714751
0,0.755207
0,0.249855
0,0.434000
0,0.950642
0,0.472038
0,0.194451
0,0.751736
0,0.928670
0,0.960658
0,0.933003
0,0.300185
0,0.678255
0,0.772845
0,0.143036
0,0.627988
0,0.154141
0,0.627469
0,0.166579
0,0.368833
0,0.279773
0,0.562337
0,0.558403
0,0.909703
0,0.895156
0,0.635665
0,0.331004
0,0.221649
0,0.844527
0,0.683522
0,0.939840
0,0.826432
0,0.981266
0,0.518413
0,0.515444
0,0.765891
0,0.894422
0,0.855147
0,0.819408
0,0.485135
0,0.434623
0,0.528390
0,0.525578
0,0.901213
0,0.872007
0,0.453217
0,0.823019
0,0.407446
0,0.135198
0,0.895079
0,0.903598
0,0.034049
0,0.576982
0,0.028906
0,0.027937
0,0.028447
0,0.026304
0,0.026911
0,0.026510
0,0.021725
0,0.027459
0,0.031481
0,0.030953
0,0.024361
0,0.028785
0,0.026486
0,0.030718
0,0.031937
0,0.025973
0,0.024521
0,0.026165
0,0.023829
0,0.025265
0,0.028711
0,0.029216
0,0.040129
0,0.026731
0,0.035594
0,0.028419
0,0.030615
0,0.025472
0,0.027558
0,0.031028
0,0.030962
0,0.033524
0,0.029783
0,0.019884
0,0.024028
0,0.026485
0,0.023671
0,0.032961
0,0.037412
0,0.037409
0,0.029324
0,0.039246
0,0.028246
0,0.033839
0,0.021436
0,0.035513
0,0.024232
1,0.132082
1,0.095434
1,0.141036
1,0.046551
1,0.586275
1,0.145200
1,0.091939
1,0.105382
1,0.077729
1,0.222744
1,0.103276
1,0.149884
1,0.108652
1,0.077576
1,0.059268
1,0.222295
1,0.045041
1,0.887087
1,0.100594
1,0.054663
1,0.031596
1,0.166825
1,0.084243
1,0.080929
1,0.132855
1,0.091606
1,0.171407
1,0.248770
1,0.239534
1,0.235233
1,0.099112
1,0.266186
1,0.540538
1,0.427066
1,0.199484
1,0.172208
1,0.073091
1,0.366716
1,0.041722
1,0.056676
1,0.096452
1,0.181923
1,0.096386
1,0.082903
1,0.111567
1,0.058400
1,0.209545
1,0.056599
1,0.229048
1,0.840147
1,0.256673
1,0.540170
1,0.469802
1,0.815027
1,0.309064
1,0.377794
1,0.815069
1,0.519393
1,0.726926
1,0.298272
0,0.063835
0,0.888154
0,0.029106
0,0.024735
0,0.125165
0,0.039777
0,0.062865
0,0.149182
0,0.941909
0,0.022228
0,0.114431
0,0.035823
0,0.039991
0,0.044650
0,0.857356
0,0.066717
0,0.531669
0,0.069679
0,0.242192
0,0.556492
0,0.302958
0,0.192718
0,0.037741
0,0.435437
0,0.640255
0,0.680682
0,0.148449
0,0.093690
0,0.404027
0,0.722574
0,0.030104
0,0.612384
0,0.037276
0,0.123744
0,0.574774
0,0.024419
0,0.021234
0,0.517342
0,0.065880
0,0.079683
0,0.103544
0,0.206221
0,0.187267
0,0.171046
0,0.433347
0,0.897615
0,0.100316
0,0.168441
0,0.286395
0,0.761607
0,0.515437
0,0.076516
0,0.042990
0,0.117041
0,0.200389
0,0.116408
0,0.066438
0,0.032474
0,0.059382
0,0.475513
0,0.718782
0,0.157609
0,0.117733
0,0.887197
0,0.199031
0,0.046144
0,0.062062
0,0.060726
0,0.051938
0,0.034810
0,0.521006
0,0.036383
0,0.180468
0,0.349529
0,0.026400
0,0.145670
0,0.600452
0,0.145364
0,0.024705
0,0.020328
0,0.051042
0,0.236227
0,0.025281
0,0.644667
0,0.444213
0,0.596135
0,0.128410
0,0.046536
0,0.030146
0,0.024214
0,0.034870
0,0.227565
0,0.046138
0,0.467354
0,0.040425
0,0.038954
0,0.059840
0,0.071902
0,0.113488
0,0.052751
1,0.803995
1,0.081445
1,0.973631
1,0.962187
1,0.548466
1,0.676612
1,0.824291
1,0.313541
1,0.089216
1,0.248089
1,0.229115
1,0.061658
1,0.518938
1,0.458075
1,0.049742
1,0.848161
1,0.772119
1,0.898509
1,0.062912
1,0.985060
1,0.984462
1,0.564958
1,0.290139
1,0.164209
1,0.456062
1,0.654974
1,0.729445
1,0.977207
1,0.934255
1,0.944400
1,0.765413
1,0.788979
1,0.431187
1,0.242770
1,0.331243
1,0.959308
1,0.213063
1,0.435765
1,0.271323
1,0.770402
1,0.931438
1,0.223196
1,0.538936
1,0.807211
1,0.936013
1,0.660469
1,0.240942
1,0.336687
1,0.324133
1,0.398921
1,0.484700
1,0.310629
1,0.409116
1,0.782055
1,0.806356
1,0.342981
1,0.352957
1,0.313497
1,0.549200
1,0.474834
1,0.726810
1,0.521260
1,0.750681
1,0.737641
1,0.860452
1,0.945432
1,0.883976
1,0.843747
1,0.868354
1,0.810907
1,0.825403
1,0.444562
1,0.685779
1,0.824167
1,0.688492
1,0.886314
1,0.902922
1,0.967296
1,0.955699
1,0.928464
1,0.852590
1,0.561194
1,0.568519
1,0.806686
1,0.795055
1,0.926359
1,0.956592
1,0.845137
1,0.913081
1,0.979543
1,0.764039
1,0.944594
1,0.966964
1,0.972070
1,0.972584
1,0.961595
1,0.974650
1,0.975369
1,0.972397
1,0.963749
1,0.934540
1,0.949959
1,0.762051
1,0.723650
1,0.936713
1,0.650949
1,0.920656
1,0.910286
1,0.938527
1,0.580943
1,0.895451
1,0.885487
1,0.841640
1,0.839970
1,0.865439
1,0.947699
0,0.066999
0,0.144117
0,0.036997
0,0.033112
0,0.056470
0,0.037375
0,0.151898
0,0.034548
0,0.024197
0,0.024859
0,0.021926
0,0.053736
0,0.037267
0,0.040059
0,0.168584
0,0.205127
0,0.052376
0,0.141392
0,0.040837
0,0.032761
0,0.039822
0,0.038441
0,0.154030
0,0.052576
0,0.029297
0,0.035326
0,0.093520
0,0.042217
0,0.081794
0,0.048429
0,0.034204
0,0.038587
0,0.038109
0,0.033664
0,0.054504
0,0.068230
0,0.302806
0,0.098716
0,0.028835
0,0.028732
0,0.026437
0,0.089543
0,0.032160
0,0.036901
0,0.036108
0,0.047311
0,0.166141
0,0.059325
0,0.068726
0,0.090620
0,0.042284
0,0.033715
0,0.033875
0,0.041891
0,0.051662
0,0.150188
0,0.046200
0,0.034479
0,0.039599
0,0.203642
0,0.129300
0,0.062624
0,0.028592
0,0.047552
0,0.059654
0,0.098493
0,0.081395
0,0.033161
0,0.025372
0,0.023292
0,0.024212
0,0.034242
0,0.026755
0,0.031904
0,0.048724
0,0.026728
0,0.048820
0,0.844900
0,0.816758
0,0.873924
0,0.917882
0,0.887616
0,0.921398
0,0.953053
0,0.921815
0,0.936712
0,0.925292
0,0.915812
0,0.918497
0,0.869667
0,0.919183
0,0.954551
0,0.940401
0,0.924649
0,0.911082
0,0.940658
0,0.924650
0,0.950751
0,0.943994
0,0.949632
0,0.948749
0,0.932164
0,0.944101
0,0.950635
0,0.950723
0,0.962487
0,0.887204
0,0.947344
0,0.966416
0,0.935764
0,0.941234
0,0.944498
0,0.930747
0,0.898463
0,0.903571
0,0.957869
0,0.917087
0,0.917945
0,0.963433
0,0.869904
0,0.918303
0,0.956934
0,0.939524
0,0.942761
0,0.906585
0,0.925682
0,0.798458
0,0.914003
0,0.950381
0,0.967133
0,0.935158
0,0.953263
0,0.963650
0,0.966579
0,0.964316
0,0.944961
0,0.969477
0,0.951259
0,0.957068
0,0.923433
0,0.939115
0,0.955932
0,0.915185
0,0.940937
0,0.929251
0,0.940512
0,0.949690
0,0.953280
0,0.957051
0,0.933802
0,0.920108
0,0.791751
0,0.695014
0,0.711726
0,0.359773
0,0.685438
0,0.507041
0,0.102306
0,0.128645
0,0.140014
0,0.120825
0,0.230695
0,0.228161
0,0.141076
0,0.088154
0,0.069093
0,0.073667
0,0.199925
0,0.135062
0,0.141114
0,0.062758
0,0.095638
0,0.082218
0,0.326760
0,0.123549
0,0.095576
0,0.094296
0,0.502255
0,0.241146
0,0.621570
0,0.841859
0,0.456120
0,0.752704
0,0.702125
0,0.674661
0,0.587387
0,0.213194
0,0.353234
0,0.067478
0,0.848368
0,0.690084
0,0.295289
0,0.092916
0,0.144755
0,0.146116
0,0.190533
0,0.333443
0,0.314848
0,0.212914
0,0.232382
0,0.530007
0,0.310845
0,0.347042
0,0.229391
0,0.160048
0,0.241995
0,0.337989
0,0.150605
0,0.267538
0,0.132703
0,0.355616
0,0.366526
0,0.258960
0,0.302497
0,0.467842
0,0.099981
0,0.107472
0,0.085612
0,0.127415
0,0.304785
0,0.140416
0,0.189873
0,0.189798
0,0.208730
0,0.196210
0,0.892013
0,0.161373
0,0.675905
0,0.627605
0,0.079555
0,0.682267
0,0.557572
0,0.298169
0,0.140147
0,0.142222
0,0.164125
0,0.077145
0,0.237604
0,0.719248
0,0.290325
0,0.379362
0,0.366408
0,0.903166
0,0.621449
0,0.298327
0,0.228009
0,0.143677
0,0.366298
0,0.395275
0,0.171961
0,0.386853
0,0.676973
0,0.790457
0,0.042796
0,0.494501
0,0.328411
0,0.398276
0,0.023637
0,0.028702
0,0.028035
0,0.030921
0,0.030051
0,0.026343
0,0.026338
0,0.023626
0,0.023310
0,0.024745
0,0.025537
0,0.029841
0,0.040640
0,0.025281
0,0.035145
0,0.031504
0,0.029922
0,0.033242
0,0.034525
0,0.022764
0,0.027195
0,0.019818
0,0.019544
0,0.033454
0,0.025350
0,0.030745
0,0.030466
0,0.028268
0,0.018642
0,0.023992
0,0.030287
0,0.028366
0,0.028589
0,0.029336
0,0.032986
0,0.031558
0,0.028833
0,0.024416
0,0.028044
0,0.032618
0,0.030076
0,0.032859
0,0.032821
0,0.035843
0,0.028164
0,0.025601
0,0.028256
0,0.023467
0,0.030944
0,0.034596
0,0.028694
0,0.025301
0,0.020973
0,0.026665
0,0.024987
0,0.028175
0,0.027711
0,0.024016
0,0.025342
0,0.029090
0,0.020407
0,0.021304
0,0.026775
0,0.026286
0,0.029649
0,0.024479
0,0.027874
0,0.026660
0,0.025929
0,0.025869
0,0.023953
0,0.027354
0,0.025457
0,0.023641
0,0.023926
0,0.026599
0,0.029110
0,0.033223
0,0.030683
0,0.031027
0,0.031142
0,0.038255
0,0.029878
0,0.032694
0,0.027186
0,0.029615
0,0.023682
0,0.026963
0,0.029597
0,0.026069
0,0.025136
0,0.025329
0,0.022285
0,0.033345
0,0.023222
0,0.031936
0,0.032982
0,0.033596
0,0.036472
0,0.035196
0,0.064844
0,0.228891
0,0.405989
0,0.063616
0,0.063672
0,0.174759
0,0.216241
0,0.166066
0,0.223591
0,0.182769
0,0.054364
0,0.075225
0,0.368382
0,0.176904
0,0.688008
0,0.272219
0,0.252251
0,0.651865
0,0.369792
0,0.125707
0,0.316609
0,0.065685
0,0.077803
0,0.206359
0,0.115669
0,0.169920
0,0.179450
0,0.059742
0,0.056844
0,0.039954
0,0.044405
0,0.159333
0,0.049376
0,0.034870
0,0.040909
0,0.033986
0,0.059420
0,0.077307
0,0.037910
0,0.070113
0,0.030479
0,0.035189
0,0.069403
0,0.052840
0,0.160739
0,0.042474
0,0.036630
0,0.018045
0,0.033466
0,0.037519
0,0.079247
0,0.034583
0,0.036958
0,0.035116
0,0.027458
0,0.025809
0,0.094304
0,0.032723
0,0.055513
0,0.029362
0,0.036456
0,0.061192
0,0.094847
0,0.194726
0,0.091606
0,0.031707
0,0.036296
0,0.031510
0,0.034606
0,0.041561
0,0.032468
0,0.050484
0,0.046707
0,0.029560
0,0.024764
0,0.034610
0,0.034600
0,0.039272
0,0.040499
0,0.031969
0,0.037580
0,0.044239
0,0.047687
0,0.048930
0,0.046421
0,0.148518
0,0.026564
0,0.054132
0,0.030935
0,0.054987
0,0.063387
0,0.133204
0,0.039515
0,0.050423
0,0.065986
0,0.047625
0,0.053671
0,0.291329
0,0.060566
0,0.047658
0,0.407117
0,0.166408
0,0.219076
0,0.436607
0,0.079170
0,0.220043
0,0.073687
0,0.141484
0,0.049614
0,0.055498
0,0.095732
0,0.037162
0,0.032340
0,0.158069
0,0.060639
0,0.213131
0,0.179078
0,0.116286
0,0.045916
0,0.102655
0,0.183374
0,0.068792
0,0.063541
0,0.064317
0,0.596135
0,0.113272
0,0.042319
0,0.033483
0,0.043149
0,0.022845
0,0.037130
0,0.032210
0,0.040243
0,0.117570
0,0.372454
0,0.651182
0,0.083045
0,0.150256
0,0.195931
0,0.467699
0,0.073414
0,0.467363
0,0.111235
0,0.079489
0,0.031941
0,0.818571
0,0.927093
0,0.089298
0,0.200918
0,0.106492
0,0.118026
0,0.055732
0,0.028886
0,0.091042
0,0.028836
0,0.098496
0,0.025214
0,0.064957
0,0.027204
0,0.562701
0,0.325761
0,0.206614
0,0.104383
0,0.047894
0,0.228666
0,0.153918
0,0.651717
0,0.406967
0,0.137843
0,0.050436
0,0.106099
0,0.071256
0,0.044627
0,0.041725
0,0.593508
0,0.105717
0,0.469919
0,0.249316
0,0.040352
0,0.037719
0,0.031276
0,0.034444
0,0.028889
0,0.074106
0,0.147660
0,0.127191
0,0.277815
0,0.128057
0,0.077625
0,0.047223
0,0.228790
0,0.066652
0,0.504966
0,0.188716
0,0.112087
0,0.052747
0,0.036531
0,0.063028
0,0.136282
0,0.040259
1,0.819750
1,0.932511
1,0.950574
1,0.961469
1,0.965213
1,0.958796
1,0.967353
1,0.969794
1,0.903330
1,0.961706
1,0.968652
1,0.969343
1,0.955929
1,0.943864
1,0.974852
1,0.975228
1,0.979511
1,0.979368
1,0.963268
1,0.951233
1,0.955607
1,0.778515
1,0.967491
1,0.968316
1,0.962220
1,0.965303
1,0.959482
1,0.955938
1,0.958191
1,0.952567
1,0.958159
1,0.939574
1,0.961162
1,0.955711
1,0.891141
1,0.915808
1,0.955989
1,0.961817
1,0.925533
1,0.955375
1,0.964899
1,0.963692
1,0.918384
1,0.916601
1,0.949956
1,0.930199
1,0.951830
1,0.934040
1,0.932232
1,0.942205
1,0.896636
1,0.948133
1,0.851655
1,0.956691
1,0.969915
1,0.948519
1,0.903074
1,0.945670
1,0.962987
1,0.955437
1,0.964018
1,0.955073
1,0.955580
1,0.965486
1,0.941415
1,0.791994
1,0.939796
1,0.959307
1,0.952947
1,0.933961
1,0.933221
1,0.952248
1,0.933617
1,0.921977
1,0.967789
1,0.961264
1,0.967191
1,0.951896
1,0.971935
1,0.969977
1,0.956843
1,0.944901
1,0.961593
1,0.957670
1,0.957552
1,0.968050
1,0.966642
1,0.964182
1,0.946659
1,0.958335
1,0.917764
1,0.942949
1,0.956982
1,0.942855
1,0.930058
0,0.262578
0,0.190506
0,0.221162
0,0.505725
0,0.089286
0,0.051338
0,0.067596
0,0.564687
0,0.087193
0,0.180101
0,0.117799
0,0.303617
0,0.190380
0,0.398775
0,0.059473
0,0.097721
0,0.167124
0,0.195180
0,0.095585
0,0.078587
0,0.246005
0,0.224309
0,0.165885
0,0.072765
0,0.061571
0,0.082805
0,0.196651
0,0.072626
0,0.360000
0,0.036601
0,0.696303
0,0.120046
0,0.090676
0,0.138334
0,0.385748
0,0.147447
0,0.058154
0,0.397979
0,0.113060
0,0.345917
0,0.047907
0,0.107223
0,0.685574
0,0.228975
0,0.362168
0,0.201029
0,0.307322
0,0.050074
0,0.266611
0,0.118098
0,0.271776
0,0.217110
0,0.296051
0,0.030962
0,0.027890
0,0.029403
0,0.032115
0,0.027795
0,0.024996
0,0.023676
0,0.025112
0,0.031047
0,0.038477
0,0.033044
0,0.031715
0,0.027002
0,0.030412
0,0.034306
0,0.030456
0,0.019942
0,0.021647
0,0.027578
0,0.022148
0,0.022193
0,0.020038
0,0.022573
0,0.019467
0,0.015989
0,0.022379
0,0.020384
0,0.028337
0,0.029086
0,0.023658
0,0.013065
0,0.025487
0,0.021277
0,0.026954
0,0.024765
0,0.018953
0,0.018898
0,0.021959
0,0.023320
0,0.022531
0,0.023405
0,0.025132
0,0.026889
0,0.023177
0,0.020083
0,0.018149
0,0.024227
0,0.029184
0,0.018171
0,0.020269
0,0.022128
0,0.021402
0,0.027707
0,0.022059
0,0.025818
0,0.033454
0,0.032633
0,0.027333
0,0.022620
0,0.022128
0,0.030682
0,0.026968
0,0.036825
0,0.021701
0,0.023303
0,0.032473
0,0.023306
0,0.027516
0,0.035958
0,0.032884
0,0.028665
0,0.031324
0,0.027111
0,0.028646
0,0.027267
0,0.026124
0,0.026773
0,0.032249
0,0.027508
0,0.020358
0,0.022592
0,0.023147
0,0.019958
0,0.023483
0,0.022962
0,0.020116
0,0.029630
0,0.018390
0,0.031955
0,0.027608
0,0.022543
0,0.023849
0,0.029039
0,0.028803
0,0.021514
0,0.023913
0,0.024248
0,0.017641
0,0.020122
0,0.027736
1,0.854978
1,0.963494
1,0.970739
1,0.868908
1,0.700941
1,0.939772
1,0.971198
1,0.968815
1,0.976826
1,0.930697
1,0.902562
1,0.934413
1,0.968126
1,0.975418
1,0.974050
1,0.963702
1,0.943794
1,0.975481
1,0.927013
1,0.970758
1,0.976688
1,0.973956
1,0.969561
1,0.929984
1,0.953324
1,0.975486
1,0.972262
1,0.977508
1,0.944296
1,0.974225
1,0.976119
1,0.929035
1,0.935787
1,0.935388
1,0.408459
1,0.285121
1,0.262634
1,0.968411
1,0.957749
1,0.963288
1,0.936694
1,0.966337
1,0.979332
1,0.969136
1,0.931106
1,0.977497
1,0.963900
1,0.965314
1,0.946626
1,0.976058
1,0.978479
1,0.978207
1,0.975317
1,0.951763
1,0.975273
1,0.973720
1,0.966231
1,0.975999
1,0.977856
1,0.969895
1,0.978827
1,0.972268
1,0.965127
1,0.975184
1,0.938011
1,0.958339
1,0.635720
1,0.691272
1,0.414705
1,0.796682
1,0.609339
1,0.460629
1,0.910249
1,0.911392
1,0.937634
1,0.332603
1,0.839529
1,0.933728
1,0.891215
1,0.938161
1,0.604334
1,0.040183
1,0.034584
1,0.090504
1,0.433633
1,0.970934
1,0.923283
1,0.956857
1,0.883243
1,0.935941
1,0.928408
1,0.937929
1,0.952938
1,0.969847
1,0.972758
1,0.981985
1,0.982728
1,0.975338
1,0.679540
1,0.489593
1,0.386745
1,0.128230
1,0.534799
1,0.808357
1,0.269293
1,0.309952
1,0.184099
1,0.188210
1,0.264076
1,0.075640
1,0.344449
1,0.250297
1,0.292830
1,0.728010
1,0.466168
1,0.944711
1,0.706460
1,0.140272
1,0.156187
1,0.360146
1,0.453972
1,0.762652
1,0.780438
1,0.479537
1,0.545207
1,0.925208
1,0.505119
1,0.808626
1,0.936844
1,0.610973
1,0.897251
1,0.973409
1,0.959877
1,0.350708
1,0.889989
1,0.960664
1,0.904537
1,0.960420
1,0.970934
1,0.961874
1,0.963057
1,0.944664
1,0.851005
1,0.726418
1,0.876998
1,0.963068
1,0.969833
1,0.940072
1,0.956012
1,0.964350
1,0.968013
1,0.923628
1,0.898355
1,0.888193
1,0.961202
1,0.959620
1,0.921395
1,0.977244
1,0.725194
1,0.966802
1,0.963466
1,0.934691
1,0.978889
1,0.967176
1,0.951477
1,0.598524
1,0.928611
1,0.701600
1,0.822255
1,0.950054
1,0.488628
1,0.974454
1,0.136029
1,0.648309
1,0.932165
1,0.961153
1,0.942827
1,0.899719
1,0.967719
1,0.935416
1,0.784889
1,0.830062
1,0.889967
1,0.921816
1,0.944555
1,0.766689
1,0.960573
1,0.696532
1,0.932034
1,0.815677
1,0.840938
1,0.455242
1,0.813438
1,0.468506
1,0.887263
1,0.336865
1,0.128267
0,0.027253
0,0.025768
0,0.025475
0,0.026928
0,0.028787
0,0.027130
0,0.034408
0,0.026251
0,0.024890
0,0.025523
0,0.023864
0,0.024378
0,0.030900
0,0.025814
0,0.024034
0,0.043220
0,0.028740
0,0.029644
0,0.033720
0,0.040708
0,0.031512
0,0.024461
0,0.035573
0,0.025400
0,0.032241
0,0.030314
0,0.034240
0,0.027653
0,0.026345
0,0.030369
0,0.016341
0,0.021750
0,0.023855
0,0.031120
0,0.036680
0,0.035246
0,0.035113
0,0.035137
0,0.031250
0,0.029731
0,0.026736
0,0.027714
0,0.025320
0,0.026941
0,0.021104
0,0.022379
0,0.025070
0,0.029714
0,0.039025
0,0.042123
0,0.042762
0,0.038004
0,0.035784
0,0.029283
0,0.029875
0,0.028073
0,0.028257
0,0.042774
0,0.272645
0,0.194048
0,0.130153
0,0.098362
0,0.622755
0,0.817249
0,0.328037
0,0.117608
0,0.225845
0,0.033300
0,0.289534
0,0.943493
0,0.776560
0,0.660044
0,0.902196
0,0.400903
0,0.848799
0,0.090721
0,0.812257
0,0.074670
0,0.026455
0,0.232117
0,0.959002
0,0.795803
0,0.109650
0,0.937575
0,0.233599
0,0.723633
0,0.058703
0,0.477792
0,0.896497
0,0.034588
0,0.038240
0,0.107977
0,0.071521
0,0.109279
0,0.913020
0,0.225034
0,0.044705
0,0.803850
0,0.935251
0,0.947109
0,0.453418
0,0.031027
0,0.020046
0,0.020410
0,0.142062
0,0.065741
0,0.150229
0,0.071444
0,0.021712
0,0.033085
0,0.103916
0,0.128573
0,0.808852
0,0.112206
0,0.899120
0,0.803007
0,0.292731
0,0.533573
0,0.947245
0,0.876139
0,0.906149
0,0.823730
0,0.968670
0,0.710872
0,0.146503
0,0.819809
0,0.687436
0,0.647008
0,0.932309
0,0.832019
0,0.651156
0,0.951137
0,0.832150
0,0.678024
0,0.231357
0,0.447836
0,0.981373
0,0.553998
0,0.316564
0,0.019670
0,0.044571
0,0.088824
0,0.094570
0,0.239226
0,0.113646
0,0.219197
0,0.174726
0,0.022949
0,0.081971
0,0.030554
0,0.088510
0,0.164341
0,0.231728
0,0.305781
0,0.344148
0,0.036015
0,0.023697
1,0.563114
1,0.156631
1,0.114005
1,0.115302
1,0.217205
1,0.221995
1,0.840236
1,0.164662
1,0.205575
1,0.050701
1,0.032215
1,0.196577
1,0.083137
1,0.657659
1,0.616808
1,0.766368
1,0.753708
1,0.225456
1,0.587336
1,0.306889
1,0.415111
1,0.497547
1,0.731239
1,0.080472
1,0.415402
1,0.677279
1,0.862711
1,0.391887
1,0.827742
1,0.688808
1,0.340290
1,0.571512
1,0.336705
1,0.821136
1,0.538036
1,0.161746
1,0.161609
1,0.152029
1,0.061399
1,0.157711
1,0.712163
1,0.245090
1,0.389959
1,0.319938
1,0.758973
1,0.353749
1,0.183056
1,0.204510
1,0.339242
1,0.219215
1,0.877567
1,0.414429
1,0.881312
1,0.396757
1,0.243106
1,0.569796
1,0.944276
1,0.226596
1,0.206955
1,0.853202
1,0.220217
1,0.795762
1,0.511662
1,0.266980
1,0.658365
1,0.785453
1,0.276176
1,0.312325
1,0.805230
1,0.628741
1,0.723908
1,0.239353
1,0.286027
1,0.431717
1,0.479479
1,0.747481
1,0.861221
1,0.670669
1,0.295509
1,0.793213
1,0.297521
1,0.300387
1,0.200270
1,0.198436
1,0.077973
1,0.187687
1,0.449496
1,0.198425
1,0.586162
1,0.221014
1,0.308729
1,0.221513
1,0.594483
1,0.848866
1,0.938727
1,0.938514
1,0.413294
1,0.341496
1,0.247148
1,0.336283
1,0.969296
1,0.841927
1,0.913343
1,0.943604
1,0.981087
1,0.974718
1,0.980952
1,0.974570
1,0.985677
1,0.925573
1,0.972737
1,0.941250
1,0.933273
1,0.972677
1,0.974671
1,0.979123
1,0.976344
1,0.980401
1,0.975828
1,0.973124
1,0.976046
1,0.969006
1,0.967488
1,0.975163
1,0.976083
1,0.979827
1,0.978861
1,0.979568
1,0.972955
1,0.983352
1,0.981167
1,0.982950
1,0.987266
1,0.970247
1,0.811428
1,0.934602
1,0.982964
1,0.978697
1,0.980289
1,0.980926
1,0.939075
1,0.937959
1,0.982895
1,0.671645
1,0.979315
1,0.975707
1,0.952675
1,0.974466
1,0.982526
1,0.921532
1,0.816634
1,0.867736
1,0.976620
1,0.977673
1,0.975498
1,0.912048
1,0.965495
1,0.915706
1,0.967721
1,0.967239
1,0.973787
1,0.975993
1,0.758798
1,0.960075
1,0.977649
1,0.972992
1,0.978997
1,0.972726
1,0.976147
1,0.969232
1,0.955512
1,0.946659
1,0.643460
1,0.950106
1,0.976148
1,0.982422
1,0.969711
1,0.971807
1,0.978036
1,0.980937
1,0.938786
1,0.968727
1,0.983754
1,0.978322
1,0.971763
1,0.974740
1,0.979364
1,0.974123
1,0.982112
1,0.985024
1,0.982967
1,0.982635
1,0.968358
1,0.980241
1,0.952576
1,0.965749
1,0.963323
1,0.977244
1,0.787799
1,0.976112
1,0.026290
1,0.191566
1,0.122510
1,0.790739
1,0.041622
1,0.219331
1,0.184979
1,0.847695
1,0.575249
1,0.630613
1,0.485588
1,0.727772
1,0.422908
1,0.643156
1,0.258011
1,0.849261
1,0.323100
1,0.483349
1,0.721441
1,0.828640
1,0.389537
1,0.649561
1,0.714253
1,0.084737
1,0.586695
1,0.477295
1,0.153490
1,0.735940
1,0.174940
1,0.136025
1,0.041555
1,0.113378
1,0.795758
1,0.634937
1,0.608827
1,0.552181
1,0.291999
1,0.096317
1,0.927528
1,0.202416
1,0.285832
1,0.086540
1,0.853705
1,0.777402
1,0.117319
1,0.801453
1,0.194091
1,0.190475
1,0.287797
1,0.089694
1,0.116717
0,0.028617
0,0.027359
0,0.030649
0,0.029456
0,0.031098
0,0.027653
0,0.027223
0,0.025775
0,0.025172
0,0.026172
0,0.028845
0,0.026905
0,0.031250
0,0.023347
0,0.025712
0,0.031272
0,0.025453
0,0.028155
0,0.034921
0,0.034381
0,0.022687
0,0.028384
0,0.030468
0,0.034650
0,0.023531
0,0.028725
0,0.029302
0,0.028777
0,0.032684
0,0.030825
0,0.036816
0,0.029032
0,0.027223
0,0.035647
0,0.026331
0,0.027584
0,0.031436
0,0.030710
0,0.025899
0,0.033101
0,0.033007
0,0.028324
0,0.026725
0,0.031928
0,0.027555
0,0.032919
0,0.031835
0,0.022620
0,0.032852
0,0.040375
0,0.029174
0,0.026741
0,0.017981
0,0.034438
0,0.029446
0,0.034397
0,0.032770
0,0.027865
0,0.024903
0,0.033270
0,0.033547
0,0.023008
0,0.027801
0,0.025527
0,0.032258
0,0.027483
0,0.029653
0,0.031145
0,0.032292
0,0.025050
0,0.028192
0,0.024554
0,0.030435
0,0.035299
0,0.035984
0,0.035208
0,0.028077
0,0.031796
0,0.036175
0,0.025705
0,0.024747
0,0.034441
0,0.025776
0,0.031627
0,0.036634
0,0.025215
0,0.022512
0,0.026670
0,0.026999
0,0.031994
0,0.036953
0,0.036786
0,0.029676
0,0.026950
0,0.029301
0,0.029433
0,0.024186
0,0.023561
0,0.028433
0,0.029004
0,0.029221
0,0.032455
0,0.030813
0,0.035345
0,0.030038
0,0.019798
0,0.023976
0,0.023069
0,0.027826
0,0.022920
0,0.021039
0,0.032688
0,0.027593
0,0.026722
0,0.026496
0,0.021588
0,0.024818
0,0.022882
0,0.019934
0,0.031956
0,0.024337
0,0.022929
0,0.033399
0,0.034618
0,0.029066
0,0.032105
0,0.038379
0,0.026720
0,0.032079
0,0.027429
0,0.027961
0,0.024879
0,0.024977
0,0.031405
0,0.026688
0,0.029762
0,0.029927
0,0.028335
0,0.028037
0,0.033116
0,0.038405
0,0.032664
0,0.021278
0,0.022685
0,0.028665
0,0.066723
0,0.029096
0,0.025001
0,0.024336
0,0.031259
0,0.022801
0,0.023045
0,0.033664
0,0.027811
0,0.025882
0,0.023281
0,0.028668
0,0.026301
0,0.025439
0,0.021469
0,0.025425
0,0.032565
1,0.120236
1,0.515962
1,0.161840
1,0.162630
1,0.179078
1,0.266139
1,0.388584
1,0.946168
1,0.811452
1,0.818130
1,0.695420
1,0.093093
1,0.052542
1,0.210599
1,0.296473
1,0.249089
1,0.189981
1,0.379243
1,0.598536
1,0.479400
1,0.139611
1,0.243115
1,0.528502
1,0.177023
1,0.356349
1,0.255812
1,0.191705
1,0.043105
1,0.107824
1,0.782224
1,0.878082
1,0.182577
1,0.310824
1,0.776400
1,0.066387
1,0.248191
1,0.057026
1,0.503463
1,0.080034
1,0.627162
1,0.212064
1,0.246056
1,0.619605
1,0.146547
1,0.795260
1,0.555930
1,0.862036
1,0.695538
1,0.906352
1,0.390991
1,0.828689
1,0.198444
1,0.062313
1,0.040790
1,0.030391
1,0.395630
1,0.135844
1,0.025654
1,0.325537
1,0.045544
1,0.052342
1,0.109995
1,0.979349
1,0.988829
1,0.986815
1,0.975114
1,0.972785
1,0.981647
1,0.976340
1,0.977035
1,0.961884
1,0.976485
1,0.967238
1,0.897476
1,0.980476
1,0.983751
1,0.969927
1,0.981736
1,0.977797
1,0.961657
1,0.973513
1,0.982225
1,0.976315
1,0.971796
1,0.906929
1,0.962755
1,0.967171
1,0.965506
1,0.972960
1,0.979520
1,0.983009
1,0.987529
1,0.979867
1,0.981297
1,0.955531
1,0.977701
1,0.958670
1,0.969934
1,0.975433
1,0.972337
1,0.976349
1,0.972303
1,0.969020
1,0.968169
1,0.980803
1,0.964443
1,0.972954
1,0.959440
1,0.851409
1,0.971365
1,0.973430
1,0.870625
1,0.984548
1,0.979473
1,0.983903
1,0.983111
1,0.976908
1,0.981792
1,0.975113
1,0.970521
1,0.967636
1,0.912447
1,0.881094
1,0.897776
1,0.960816
1,0.413173
1,0.841579
1,0.946304
1,0.973694
1,0.889873
1,0.970777
1,0.976163
1,0.939709
1,0.593841
1,0.984154
1,0.981221
1,0.985575
1,0.981358
1,0.984329
1,0.981894
1,0.972128
1,0.981400
1,0.985154
1,0.980078
1,0.976770
1,0.969075
0,0.049081
0,0.088330
0,0.040830
0,0.105189
0,0.220746
0,0.355119
0,0.076141
0,0.077525
0,0.046647
0,0.071665
0,0.041880
0,0.068603
0,0.049644
0,0.147598
0,0.073053
0,0.478671
0,0.448261
0,0.528846
0,0.214100
0,0.072596
0,0.254283
0,0.033238
0,0.067758
0,0.046522
0,0.027684
0,0.081193
0,0.040195
0,0.126692
0,0.062357
0,0.563785
0,0.042268
0,0.040335
0,0.033452
0,0.070998
0,0.068894
0,0.105361
0,0.114412
0,0.751563
0,0.426118
0,0.843822
0,0.397103
0,0.925686
0,0.097023
0,0.128403
0,0.075366
0,0.056000
0,0.097414
0,0.056247
0,0.084992
0,0.051616
0,0.037178
0,0.058889
0,0.036391
0,0.038574
0,0.145149
0,0.134697
0,0.039743
0,0.066873
0,0.041080
0,0.068054
0,0.078641
0,0.152617
0,0.049227
0,0.170911
0,0.047625
0,0.075494
0,0.155605
0,0.467134
0,0.051479
0,0.181400
0,0.271044
0,0.569039
0,0.240707
0,0.145977
0,0.754274
0,0.465118
0,0.724192
0,0.844959
0,0.520891
0,0.126430
0,0.218579
0,0.064016
0,0.062959
0,0.046310
0,0.049491
0,0.042079
0,0.072128
0,0.115302
0,0.049030
0,0.041655
0,0.114189
0,0.124695
0,0.049680
0,0.144078
0,0.107841
0,0.093604
0,0.069743
0,0.120097
0,0.439132
0,0.442619
0,0.866296
0,0.885806
0,0.458998
0,0.700796
0,0.055368
0,0.036104
0,0.397997
0,0.877428
0,0.815576
0,0.264461
0,0.271391
0,0.129003
0,0.122232
0,0.155848
0,0.226825
0,0.057760
0,0.126834
0,0.141336
0,0.880555
0,0.034003
0,0.162368
0,0.193756
0,0.123430
0,0.081309
0,0.043344
0,0.058522
0,0.110770
0,0.049657
0,0.069203
0,0.181735
0,0.878089
0,0.224140
0,0.275320
0,0.784307
0,0.798804
0,0.602625
0,0.108704
0,0.051494
0,0.386035
0,0.171236
0,0.246952
0,0.385136
0,0.327516
0,0.865361
0,0.445212
0,0.945162
0,0.071189
0,0.056333
0,0.062127
0,0.191807
0,0.228969
0,0.062554
0,0.218505
0,0.715396
0,0.072638
0,0.038217
0,0.050883
0,0.707891
0,0.213566
0,0.102612
0,0.501362
0,0.422480
0,0.107373
0,0.223328
0,0.166766
0,0.427570
0,0.838594
0,0.061484
0,0.398846
0,0.070147
0,0.054274
0,0.041274
0,0.090216
0,0.038326
0,0.484829
0,0.300858
0,0.369169
0,0.135404
0,0.324943
0,0.298506
0,0.856073
0,0.092524
0,0.233550
0,0.156035
0,0.585579
0,0.066491
0,0.052803
0,0.053516
0,0.091160
0,0.044724
0,0.245128
0,0.042845
0,0.055860
0,0.066386
0,0.044418
0,0.039016
0,0.054162
1,0.904111
1,0.252217
1,0.080200
1,0.826479
1,0.461448
1,0.337087
1,0.666266
1,0.425939
1,0.748788
1,0.446456
1,0.159586
1,0.155464
1,0.069786
1,0.163734
1,0.048993
1,0.074043
1,0.061087
1,0.064231
1,0.390607
1,0.082146
1,0.130218
1,0.127310
1,0.112188
1,0.201878
1,0.143535
1,0.073317
1,0.049763
1,0.084705
1,0.056983
1,0.296530
1,0.048605
1,0.066609
1,0.090885
1,0.056154
1,0.047961
1,0.306591
1,0.228738
1,0.153878
1,0.054760
1,0.071416
1,0.446457
1,0.475292
1,0.326963
1,0.226954
1,0.116789
1,0.082395
1,0.870906
1,0.119678
1,0.425324
1,0.850557
1,0.456389
1,0.712403
1,0.350995
1,0.220447
1,0.090807
1,0.731831
1,0.249414
1,0.287638
1,0.134228
1,0.524566
1,0.084905
1,0.084543
1,0.908284
1,0.139677
1,0.249006
1,0.259959
1,0.911266
1,0.071113
1,0.089575
1,0.065276
1,0.118324
1,0.157004
1,0.147316
1,0.045608
1,0.069454
1,0.429677
1,0.389061
1,0.150505
1,0.163484
1,0.046284
1,0.110480
1,0.044674
1,0.812047
1,0.211552
1,0.113872
1,0.112751
1,0.211902
1,0.122377
1,0.368199
1,0.125361
1,0.182065
1,0.292256
1,0.148504
1,0.139084
1,0.061909
1,0.223144
1,0.126157
1,0.041212
1,0.213039
1,0.096051
1,0.969142
1,0.827688
1,0.956951
1,0.959481
1,0.972309
1,0.978446
1,0.978908
1,0.948834
1,0.977952
1,0.976531
1,0.966321
1,0.971912
1,0.973590
1,0.975642
1,0.972989
1,0.947844
1,0.914955
1,0.857589
1,0.648857
1,0.894442
1,0.907996
1,0.870421
1,0.939659
1,0.967058
1,0.958125
1,0.929971
1,0.950156
1,0.517849
1,0.939929
1,0.958155
1,0.464358
1,0.935841
1,0.331642
1,0.846389
1,0.927741
1,0.875452
1,0.928339
1,0.808898
1,0.977691
1,0.937691
1,0.953554
1,0.962682
1,0.981288
1,0.836353
1,0.880925
1,0.843292
1,0.965880
1,0.945888
1,0.936108
1,0.968607
1,0.939630
1,0.954461
1,0.772951
1,0.924408
1,0.906654
1,0.895752
1,0.892485
1,0.842932
1,0.033192
1,0.894101
1,0.893089
1,0.975788
1,0.958696
1,0.971402
1,0.962713
1,0.967300
1,0.964363
1,0.971910
1,0.823302
1,0.966720
1,0.950162
1,0.962108
1,0.705329
1,0.925739
1,0.931781
1,0.947451
1,0.941604
1,0.817399
1,0.829737
1,0.931752
1,0.932272
1,0.947603
1,0.972787
1,0.967012
1,0.926676
1,0.588825
1,0.919278
1,0.936119
1,0.721130
1,0.848835
1,0.950192
1,0.949162
1,0.702716
1,0.796101
1,0.808216
1,0.569364
1,0.948658
1,0.929794
1,0.715706
1,0.931163
1,0.937629
1,0.831092
1,0.778551
1,0.764902
1,0.897180
1,0.837890
1,0.763661
1,0.864934
1,0.773991
1,0.926153
1,0.565821
1,0.940866
1,0.913895
1,0.907474
1,0.914229
1,0.872983
1,0.914671
1,0.825030
1,0.870833
1,0.950418
1,0.939018
1,0.933304
1,0.827879
1,0.874502
1,0.906438
1,0.963497
1,0.950597
1,0.931063
1,0.947234
1,0.947464
1,0.943027
1,0.909284
1,0.652352
1,0.941625
1,0.806255
1,0.931907
1,0.938873
1,0.852567
1,0.950939
1,0.779348
1,0.880614
1,0.566123
1,0.777544
1,0.813227
1,0.324311
1,0.902436
1,0.294526
1,0.921634
1,0.925278
1,0.851967
1,0.932932
1,0.722688
1,0.880909
1,0.351430
1,0.151517
1,0.373361
1,0.466768
1,0.690209
1,0.708173
1,0.890734
1,0.708520
1,0.791166
1,0.843423
1,0.531180
1,0.709642
1,0.617417
1,0.224412
1,0.841903
1,0.835966
1,0.741292
1,0.671073
1,0.964673
1,0.972770
1,0.777333
1,0.915629
1,0.958428
1,0.770397
1,0.883535
1,0.902787
1,0.915991
1,0.859401
1,0.709730
1,0.493667
1,0.610876
1,0.917391
1,0.560674
1,0.687564
1,0.736875
1,0.415824
1,0.877542
1,0.327750
1,0.726267
1,0.270537
1,0.647668
0,0.029644
0,0.049772
0,0.037802
0,0.033860
0,0.047532
0,0.035388
0,0.034919
0,0.042691
0,0.031899
0,0.034616
0,0.028726
0,0.024405
0,0.031270
0,0.031855
0,0.656701
0,0.033209
0,0.039029
0,0.026660
0,0.031694
0,0.023942
0,0.024745
0,0.025494
0,0.040349
0,0.032518
0,0.029227
0,0.030522
0,0.031923
0,0.061045
0,0.028267
0,0.026499
0,0.054822
0,0.035159
0,0.034242
0,0.049037
0,0.037871
0,0.035245
0,0.031472
0,0.035600
0,0.036384
0,0.041804
0,0.025003
0,0.025735
0,0.027225
0,0.023524
0,0.026762
0,0.026557
0,0.029029
0,0.034842
0,0.030958
0,0.023628
0,0.031024
0,0.044070
0,0.041796
0,0.039269
0,0.092347
0,0.028305
0,0.021734
0,0.027140
0,0.035191
0,0.024548
0,0.084677
0,0.027588
0,0.032429
0,0.028405
0,0.028279
0,0.024260
0,0.769833
0,0.435691
0,0.440493
0,0.354465
0,0.552816
0,0.190314
0,0.111004
0,0.102353
0,0.102805
0,0.162910
0,0.063700
0,0.054793
0,0.171582
0,0.109062
0,0.140331
0,0.603973
0,0.273702
0,0.165559
0,0.231497
0,0.613284
0,0.242976
0,0.264432
0,0.464324
0,0.539494
0,0.476240
0,0.529575
0,0.112706
0,0.058006
0,0.370352
0,0.778535
0,0.911244
0,0.857957
0,0.942910
0,0.468453
0,0.556369
0,0.361178
0,0.873363
0,0.835855
0,0.615324
0,0.275346
0,0.129106
0,0.969926
0,0.897784
0,0.414730
0,0.217664
0,0.088113
0,0.061622
0,0.287666
0,0.043173
0,0.047420
0,0.073628
0,0.470106
0,0.333892
0,0.376100
0,0.089076
0,0.280584
0,0.115026
0,0.162183
0,0.156438
0,0.090790
0,0.147431
0,0.557041
0,0.411921
0,0.328074
0,0.066499
0,0.316578
0,0.734261
0,0.236882
0,0.094281
0,0.136722
0,0.525531
0,0.549914
0,0.542513
0,0.784704
0,0.528384
0,0.254770
1,0.921760
1,0.862917
1,0.943668
1,0.869105
1,0.780048
1,0.956075
1,0.781802
1,0.963883
1,0.966795
1,0.960488
1,0.707424
1,0.639575
1,0.909777
1,0.965518
1,0.928724
1,0.948407
1,0.958138
1,0.356459
1,0.743299
1,0.688179
1,0.941110
1,0.772529
1,0.669585
1,0.612054
1,0.894956
1,0.248914
1,0.805960
1,0.935367
1,0.536353
1,0.793264
1,0.942355
1,0.921040
1,0.818368
1,0.774358
1,0.879717
1,0.908207
1,0.839071
1,0.203893
1,0.172991
1,0.666135
1,0.923645
1,0.940258
1,0.576302
1,0.519790
1,0.062729
1,0.579421
1,0.146439
1,0.683826
1,0.922609
1,0.923897
1,0.920895
1,0.929479
1,0.629669
1,0.630696
1,0.324783
1,0.914196
1,0.786649
1,0.905948
1,0.164531
1,0.712378
1,0.925653
1,0.541694
1,0.673331
1,0.665535
1,0.292774
1,0.959557
1,0.904736
1,0.558106
1,0.893008
1,0.557928
1,0.643508
1,0.885711
1,0.952597
1,0.770424
1,0.727183
1,0.664527
1,0.866708
1,0.859205
1,0.875227
1,0.945150
1,0.528777
1,0.384152
1,0.959972
1,0.680565
1,0.118180
1,0.678142
1,0.522060
1,0.658998
1,0.714451
1,0.747143
1,0.928996
1,0.930475
1,0.905947
1,0.889334
1,0.785623
1,0.840089
1,0.720420
1,0.316818
1,0.933504
1,0.937538
0,0.720436
0,0.988051
0,0.985944
0,0.883546
0,0.930362
0,0.982499
0,0.935914
0,0.961733
0,0.983899
0,0.837792
0,0.951955
0,0.870435
0,0.936948
0,0.881368
0,0.946621
0,0.896430
0,0.556157
0,0.905324
0,0.691725
0,0.508616
0,0.978844
0,0.952202
0,0.937868
0,0.928399
0,0.671854
0,0.918712
0,0.932265
0,0.992029
0,0.970539
0,0.135973
0,0.452378
0,0.980419
0,0.982160
0,0.461461
0,0.738681
0,0.954878
0,0.943276
0,0.823710
0,0.981811
0,0.459152
0,0.933729
0,0.741375
0,0.923672
0,0.974803
0,0.955738
0,0.946248
0,0.578906
0,0.739833
0,0.873050
0,0.180528
0,0.723326
0,0.936786
0,0.905609
0,0.782378
0,0.961169
0,0.514487
0,0.683431
0,0.059770
0,0.027215
0,0.133692
0,0.378941
0,0.176771
0,0.766164
0,0.105896
0,0.231758
0,0.037239
0,0.077187
0,0.164657
0,0.037061
0,0.294777
0,0.080368
0,0.139783
0,0.730579
0,0.867108
0,0.087487
0,0.212728
0,0.967274
0,0.467928
0,0.101415
0,0.090666
0,0.123610
0,0.019932
0,0.459504
0,0.277972
0,0.268103
0,0.051113
0,0.233051
0,0.596915
0,0.379633
0,0.653911
0,0.906543
0,0.265206
0,0.042427
0,0.138408
0,0.384373
0,0.064346
0,0.210972
0,0.213702
0,0.931321
0,0.926832
0,0.524945
0,0.291911
0,0.168813
0,0.787007
0,0.048800
0,0.965698
0,0.815490
0,0.035259
0,0.230004
0,0.879089
0,0.131934
0,0.041090
0,0.752546
0,0.158583
0,0.936159
0,0.169742
0,0.143766
0,0.443091
0,0.311950
0,0.107631
0,0.577014
0,0.576891
0,0.251142
0,0.208220
0,0.038965
0,0.139235
0,0.136767
0,0.061349
0,0.199415
0,0.150589
0,0.043088
0,0.045466
0,0.363836
0,0.174651
0,0.145182
0,0.042078
0,0.025601
0,0.031352
0,0.160110
0,0.039538
0,0.137233
0,0.926609
0,0.744914
0,0.033251
0,0.113822
0,0.163442
0,0.141699
0,0.193162
0,0.464615
0,0.091315
0,0.234348
0,0.086221
0,0.048440
0,0.041232
0,0.238447
0,0.191171
0,0.020769
0,0.819301
0,0.744325
0,0.158127
0,0.209037
0,0.219576
0,0.261025
0,0.366654
0,0.596037
0,0.421697
0,0.323112
0,0.552135
0,0.189913
0,0.549115
0,0.081042
0,0.553079
0,0.559543
0,0.631023
0,0.344564
0,0.134050
0,0.141698
0,0.185900
0,0.816774
0,0.715391
0,0.172517
0,0.602552
0,0.239477
0,0.061084
0,0.156760
0,0.146385
0,0.175596
0,0.593762
0,0.558460
0,0.273463
0,0.285700
0,0.040404
0,0.319671
0,0.272336
0,0.495049
0,0.342312
0,0.835937
0,0.131505
0,0.090380
0,0.065568
0,0.247779
0,0.117965
0,0.234433
0,0.315997
0,0.047852
0,0.203764
0,0.099998
0,0.063633
0,0.093775
0,0.133324
0,0.657785
0,0.126920
0,0.675723
0,0.684107
0,0.142609
0,0.224695
0,0.489396
0,0.392141
0,0.417975
0,0.115527
0,0.686649
0,0.053814
0,0.110098
0,0.146617
0,0.060294
0,0.105171
0,0.132541
0,0.839152
0,0.691939
0,0.708128
0,0.396268
0,0.829481
0,0.928219
0,0.141569
0,0.222334
0,0.323837
0,0.094512
0,0.175167
0,0.557654
0,0.137359
0,0.085516
0,0.142781
0,0.530982
0,0.108992
0,0.229264
0,0.157711
0,0.478007
0,0.205706
0,0.090394
0,0.638238
0,0.164117
0,0.107436
0,0.360743
0,0.109358
0,0.270510
0,0.257610
0,0.845342
0,0.914208
0,0.961124
0,0.962291
0,0.964980
0,0.968101
0,0.912514
0,0.962636
0,0.958103
0,0.897710
0,0.887197
0,0.944004
0,0.793974
0,0.940468
0,0.954950
0,0.924285
0,0.799320
0,0.961232
0,0.970821
0,0.974671
0,0.962054
0,0.923986
0,0.931904
0,0.971545
0,0.967750
0,0.963326
0,0.951719
0,0.964096
0,0.963945
0,0.950579
0,0.974399
0,0.977220
0,0.960780
0,0.973597
0,0.939231
0,0.971127
0,0.941248
0,0.971248
0,0.965243
0,0.922054
0,0.937989
0,0.972193
0,0.928037
0,0.970048
0,0.975307
0,0.960130
0,0.815549
0,0.961072
0,0.964125
0,0.943798
0,0.966632
0,0.957525
0,0.955091
0,0.955712
0,0.930592
0,0.894188
0,0.960069
0,0.968135
0,0.913589
0,0.927499
0,0.960155
0,0.963480
0,0.962704
0,0.969732
0,0.970096
0,0.969512
0,0.961672
0,0.955102
0,0.968807
0,0.944847
0,0.950839
0,0.962521
0,0.961833
0,0.976759
0,0.948968
0,0.967944
0,0.968296
0,0.961741
0,0.977848
0,0.954262
0,0.963726
0,0.955692
0,0.958810
0,0.964846
0,0.947132
0,0.961084
0,0.975865
1,0.980084
1,0.985475
1,0.980481
1,0.976689
1,0.984284
1,0.976953
1,0.978942
1,0.983050
1,0.977305
1,0.955306
1,0.949947
1,0.965713
1,0.959794
1,0.970915
1,0.964459
1,0.967130
1,0.961016
1,0.965004
1,0.959539
1,0.964742
1,0.966063
1,0.982780
1,0.978636
1,0.979514
1,0.982392
1,0.982848
1,0.979963
1,0.976430
1,0.976595
1,0.974531
1,0.981417
1,0.019647
1,0.215416
1,0.033376
1,0.022663
1,0.041208
1,0.056079
1,0.053332
1,0.028083
1,0.048680
1,0.452579
1,0.304595
1,0.460821
1,0.593313
1,0.150155
1,0.261335
1,0.128561
1,0.040194
1,0.017971
1,0.332589
1,0.592842
1,0.296174
1,0.128575
1,0.516893
1,0.510851
1,0.507431
1,0.671268
1,0.485332
1,0.613390
1,0.533480
1,0.676156
1,0.212574
1,0.314815
1,0.303930
1,0.048005
1,0.155200
1,0.677549
1,0.284549
1,0.118052
1,0.543608
1,0.132125
1,0.131360
1,0.266627
1,0.069891
1,0.189791
1,0.277255
1,0.114996
1,0.055957
1,0.087542
1,0.868901
1,0.032084
1,0.049455
1,0.096383
1,0.059810
1,0.047659
1,0.188056
1,0.016234
1,0.031654
1,0.037472
1,0.063418
1,0.119668
1,0.061726
1,0.433611
1,0.127323
1,0.118536
1,0.059367
1,0.131853
1,0.125523
1,0.045721
1,0.094731
1,0.099239
1,0.050516
1,0.072863
1,0.036518
0,0.035830
0,0.038319
0,0.038045
0,0.027804
0,0.029764
0,0.035091
0,0.025034
0,0.039099
0,0.032319
0,0.030329
0,0.043407
0,0.044085
0,0.029409
0,0.033961
0,0.043509
0,0.041919
0,0.042897
0,0.037760
0,0.042703
0,0.054025
0,0.034369
0,0.043481
0,0.036171
0,0.084161
0,0.033418
0,0.031539
0,0.032349
0,0.051452
0,0.031837
0,0.037811
0,0.032645
0,0.031114
0,0.046988
0,0.046121
0,0.034053
0,0.036119
0,0.032007
0,0.038104
0,0.041897
0,0.038994
0,0.030678
0,0.034331
0,0.063027
0,0.044208
0,0.040345
0,0.035602
0,0.040120
0,0.092527
0,0.178228
0,0.034479
0,0.046634
0,0.058626
0,0.060634
0,0.027925
1,0.557724
1,0.713870
1,0.102979
1,0.286885
1,0.060957
1,0.508405
1,0.292119
1,0.945747
1,0.832137
1,0.578735
1,0.126458
1,0.425653
1,0.095272
1,0.750048
1,0.938795
1,0.407481
1,0.225603
1,0.515991
1,0.066285
1,0.767528
1,0.580193
1,0.285327
1,0.618687
1,0.605901
1,0.855625
1,0.962948
1,0.370945
1,0.781810
1,0.292476
1,0.450632
1,0.070511
1,0.061628
1,0.040690
1,0.549605
1,0.572276
1,0.665556
1,0.447011
1,0.443025
1,0.657230
1,0.325179
1,0.155258
1,0.099603
1,0.406402
1,0.493460
1,0.136567
1,0.151790
1,0.064946
1,0.890079
1,0.152626
1,0.883172
1,0.099733
1,0.805009
1,0.756080
1,0.173922
1,0.568085
1,0.733948
1,0.836362
1,0.355174
1,0.221236
1,0.454954
1,0.562706
1,0.024629
1,0.521992
1,0.583380
1,0.244465
1,0.740360
1,0.529503
1,0.716451
1,0.122919
1,0.359810
1,0.359883
1,0.175481
1,0.110871
1,0.112901
1,0.137304
1,0.361677
1,0.563702
1,0.439793
1,0.491477
1,0.061945
1,0.425244
1,0.738202
1,0.422814
1,0.221544
1,0.630210
1,0.791007
1,0.924911
1,0.923697
1,0.901654
1,0.930505
1,0.400088
1,0.912940
1,0.696718
1,0.881481
1,0.148397
1,0.821083
1,0.393986
1,0.742048
0,0.036216
0,0.024927
0,0.071133
0,0.062230
0,0.034707
0,0.031230
0,0.028306
0,0.058575
0,0.027460
0,0.021179
0,0.031054
0,0.021750
0,0.021820
0,0.014481
0,0.149278
0,0.037906
0,0.024586
0,0.043047
0,0.030482
0,0.020431
0,0.019038
0,0.022108
0,0.028457
0,0.055706
0,0.041017
0,0.027106
0,0.026362
0,0.025143
0,0.022990
0,0.023201
0,0.029167
0,0.019672
0,0.031976
0,0.027088
0,0.025756
0,0.039461
0,0.020187
0,0.023624
0,0.022256
0,0.036144
0,0.028553
0,0.029520
0,0.023695
0,0.022138
0,0.015554
0,0.036971
0,0.025217
0,0.024677
0,0.039440
0,0.031399
0,0.024610
0,0.023375
0,0.031041
0,0.029062
0,0.030864
0,0.027583
0,0.029669
0,0.023144
0,0.080332
0,0.053299
0,0.050892
0,0.022897
0,0.017081
0,0.041146
0,0.083377
0,0.028380
0,0.032671
0,0.033031
0,0.021962
0,0.068102
0,0.041652
0,0.049201
0,0.037204
0,0.029540
0,0.038249
0,0.029589
0,0.029066
0,0.021478
0,0.026028
0,0.032885
0,0.026398
0,0.032673
0,0.030138
0,0.068589
0,0.033117
0,0.473156
0,0.310450
0,0.198061
0,0.075430
0,0.101280
0,0.068174
0,0.072857
0,0.031244
0,0.159277
0,0.177918
0,0.693984
0,0.044137
0,0.028250
0,0.030457
0,0.035398
0,0.039651
0,0.030162
0,0.038008
0,0.044198
0,0.048313
0,0.036309
0,0.035613
0,0.054705
0,0.057543
0,0.095474
0,0.041192
0,0.048139
0,0.085150
0,0.035128
0,0.039798
0,0.026920
0,0.025239
0,0.036244
0,0.028566
0,0.025806
0,0.022723
0,0.029744
0,0.029086
0,0.028946
0,0.055891
0,0.092303
0,0.100330
0,0.069315
0,0.079539
0,0.285262
0,0.086657
0,0.075780
0,0.063095
1,0.980970
1,0.987148
1,0.980577
1,0.976030
1,0.986913
1,0.985870
1,0.985455
1,0.988835
1,0.984875
1,0.986793
1,0.983455
1,0.962790
1,0.979650
1,0.982500
1,0.968552
1,0.976265
1,0.980817
1,0.981550
1,0.969687
1,0.985500
1,0.979489
1,0.972756
1,0.982363
1,0.980643
1,0.979097
1,0.978034
1,0.981148
1,0.976418
1,0.973393
1,0.973598
1,0.968435
1,0.985291
1,0.972625
1,0.975819
1,0.973144
1,0.975764
1,0.975305
1,0.966149
1,0.968345
1,0.976864
1,0.981940
1,0.971608
1,0.975849
1,0.975409
1,0.977881
1,0.977777
1,0.980744
1,0.975443
1,0.972150
1,0.979461
1,0.979771
1,0.978409
1,0.963860
1,0.971493
1,0.976226
1,0.960682
1,0.958470
1,0.974975
1,0.969531
1,0.964594
1,0.975982
1,0.968966
1,0.974505
1,0.977946
1,0.974371
1,0.971640
1,0.971220
1,0.972032
1,0.973385
1,0.975376
1,0.970391
1,0.974577
1,0.971656
1,0.977392
1,0.976733
1,0.961861
1,0.960459
1,0.963658
1,0.970322
1,0.966469
1,0.973140
1,0.975085
1,0.978005
1,0.964888
1,0.977994
1,0.977869
1,0.980245
1,0.977665
1,0.974877
1,0.974794
1,0.970379
1,0.976501
1,0.977143
1,0.972059
1,0.968045
1,0.971827
1,0.974669
1,0.973741
1,0.984713
1,0.981879
1,0.020788
1,0.021228
1,0.018165
1,0.177967
1,0.022706
1,0.087864
1,0.035592
1,0.110164
1,0.406211
1,0.154916
1,0.096058
1,0.599761
1,0.050990
1,0.065835
1,0.024422
1,0.027894
1,0.556523
1,0.018843
1,0.067534
1,0.022832
1,0.038266
1,0.022377
1,0.042414
1,0.045696
1,0.110690
1,0.026100
1,0.019169
1,0.061654
1,0.326697
1,0.025404
1,0.250146
1,0.082377
1,0.024908
1,0.020149
1,0.019643
1,0.016104
1,0.025399
1,0.034997
1,0.023758
1,0.073248
1,0.017639
1,0.286224
1,0.074781
1,0.386347
1,0.159362
1,0.022804
1,0.048080
1,0.521359
1,0.018798
1,0.034225
1,0.031651
1,0.032668
1,0.019659
1,0.015572
1,0.494197
1,0.260700
1,0.081164
1,0.080515
1,0.080618
1,0.204254
1,0.063156
1,0.413624
1,0.115239
1,0.377927
1,0.119779
1,0.093166
1,0.024020
1,0.145930
1,0.021411
1,0.217255
1,0.026435
1,0.036688
1,0.021039
1,0.023457
1,0.027730
1,0.165949
1,0.082476
1,0.029360
1,0.311215
1,0.915469
1,0.647085
1,0.030466
1,0.042759
1,0.026320
0,0.461316
0,0.435804
0,0.795599
0,0.046257
0,0.119858
0,0.226613
0,0.037854
0,0.894625
0,0.965420
0,0.884565
0,0.947271
0,0.781894
0,0.977163
0,0.286998
0,0.961553
0,0.877218
0,0.364803
0,0.380951
0,0.166881
0,0.924314
0,0.834485
0,0.634653
0,0.658783
0,0.163659
0,0.684810
0,0.145400
0,0.203903
0,0.238307
0,0.733364
0,0.496530
0,0.640923
0,0.103899
0,0.274658
0,0.510259
0,0.470940
0,0.050994
0,0.327577
0,0.279514
0,0.175173
0,0.824553
0,0.242165
0,0.888508
0,0.644676
0,0.959969
0,0.794860
0,0.898147
0,0.748469
0,0.922374
0,0.906875
0,0.957796
0,0.970347
0,0.958652
0,0.835443
0,0.954441
0,0.805529
0,0.888535
0,0.581360
0,0.302534
0,0.237262
0,0.407896
0,0.498212
0,0.933650
0,0.927987
0,0.791077
0,0.978462
0,0.948035
0,0.935799
0,0.517733
0,0.696465
0,0.732572
