y_true,y_prob
1,0.356127
1,0.814318
1,0.130209
1,0.179767
1,0.127659
1,0.534715
1,0.149903
1,0.710350
1,0.418751
1,0.580236
1,0.152599
1,0.887670
1,0.417278
1,0.824011
1,0.914424
1,0.868491
1,0.393451
1,0.151583
1,0.112944
1,0.333903
1,0.123549
1,0.110202
1,0.256322
1,0.190462
1,0.129888
1,0.406378
1,0.137453
1,0.152195
1,0.120506
1,0.106285
1,0.088780
1,0.104600
1,0.141922
1,0.153247
1,0.141447
1,0.227708
1,0.425233
1,0.678141
1,0.271909
1,0.127966
1,0.107763
1,0.234319
1,0.193367
1,0.102266
1,0.106001
1,0.194465
1,0.078243
1,0.103474
1,0.171518
1,0.104071
1,0.149325
1,0.123436
1,0.762174
1,0.295813
1,0.070241
1,0.895072
1,0.103697
1,0.143626
1,0.104487
1,0.093270
1,0.080413
1,0.080621
1,0.157442
1,0.112585
1,0.152213
1,0.325725
1,0.173874
1,0.142237
1,0.235391
0,0.038636
0,0.112365
0,0.038710
0,0.174856
0,0.036481
0,0.036995
0,0.034204
0,0.039215
0,0.033380
0,0.053828
0,0.070414
0,0.030558
0,0.032982
0,0.559252
0,0.032367
0,0.026403
0,0.827478
0,0.291536
0,0.614258
0,0.036542
0,0.663724
0,0.956567
0,0.952351
0,0.381556
0,0.944130
0,0.309446
0,0.943599
0,0.937662
0,0.821980
0,0.048424
0,0.123432
0,0.928902
0,0.071528
0,0.233658
0,0.907762
0,0.952341
0,0.035929
0,0.943352
0,0.943513
0,0.689496
0,0.883601
0,0.299993
0,0.561854
0,0.803757
0,0.425174
0,0.046745
0,0.073651
0,0.219837
0,0.055468
0,0.203732
0,0.898519
0,0.124812
0,0.162387
0,0.220390
0,0.938145
0,0.058790
0,0.089382
0,0.354832
0,0.098740
0,0.536184
0,0.934661
0,0.825691
0,0.463907
0,0.156160
0,0.395159
0,0.941209
0,0.943466
0,0.940271
0,0.956231
0,0.947650
0,0.946004
0,0.957913
0,0.033072
0,0.075007
0,0.059296
0,0.392099
0,0.910852
0,0.958743
0,0.081062
0,0.963894
0,0.954551
0,0.963979
0,0.055975
0,0.946494
0,0.049441
0,0.890357
0,0.158689
0,0.060881
0,0.065148
0,0.098207
0,0.042013
0,0.031544
0,0.048096
0,0.039088
0,0.042217
0,0.029761
0,0.052218
0,0.064437
0,0.044461
0,0.069081
0,0.057663
0,0.075795
0,0.086782
0,0.075033
0,0.060797
0,0.056311
0,0.087995
0,0.058590
0,0.082567
0,0.087128
0,0.078518
0,0.071499
0,0.067298
0,0.055446
0,0.059160
0,0.074197
0,0.051508
0,0.056225
0,0.052194
0,0.060561
0,0.071490
0,0.053240
0,0.055023
0,0.058338
0,0.062526
0,0.062528
0,0.052969
0,0.059211
0,0.057360
0,0.058975
0,0.053900
0,0.061485
0,0.056872
0,0.056969
0,0.052575
0,0.049428
0,0.050614
0,0.066500
0,0.075626
0,0.060657
0,0.042292
0,0.069329
0,0.100095
0,0.085431
0,0.083574
0,0.480314
0,0.066743
0,0.085325
0,0.053016
0,0.070468
0,0.065125
0,0.064172
0,0.052994
0,0.065713
0,0.056715
0,0.095789
0,0.073714
0,0.052984
0,0.088995
0,0.058606
0,0.050425
0,0.272195
0,0.064049
0,0.068240
0,0.049439
0,0.064427
0,0.057596
0,0.071933
0,0.092576
0,0.094659
0,0.065789
0,0.079976
0,0.111782
0,0.094436
0,0.071902
0,0.073528
0,0.058115
0,0.067248
0,0.072241
0,0.076706
0,0.045577
0,0.061867
0,0.067045
0,0.068383
0,0.061002
0,0.088985
0,0.101276
0,0.066750
0,0.058365
0,0.059376
0,0.068589
0,0.070365
0,0.066936
0,0.086330
0,0.098851
0,0.082017
0,0.090552
0,0.073610
0,0.076810
0,0.059004
1,0.090918
1,0.090965
1,0.061260
1,0.150038
1,0.052665
1,0.059364
1,0.085862
1,0.191173
1,0.053850
1,0.244059
1,0.167923
1,0.066877
1,0.058320
1,0.076697
1,0.058955
1,0.048444
1,0.083875
1,0.056923
1,0.071027
1,0.055084
1,0.099496
1,0.090969
1,0.058043
1,0.721597
1,0.411397
1,0.153258
1,0.078740
1,0.872632
1,0.099419
1,0.100734
1,0.651864
1,0.063521
1,0.149359
1,0.053946
1,0.150919
1,0.046840
1,0.060852
1,0.057427
1,0.135612
1,0.413336
1,0.311559
1,0.065824
1,0.074564
1,0.084808
1,0.132312
1,0.108069
1,0.062800
1,0.124584
1,0.063905
1,0.059857
1,0.057275
1,0.058149
1,0.082944
1,0.105003
1,0.871232
1,0.084037
1,0.052599
1,0.063797
1,0.069085
1,0.061936
1,0.093379
1,0.069926
0,0.080591
0,0.090793
0,0.793903
0,0.090721
0,0.097117
0,0.114409
0,0.055068
0,0.101835
0,0.241057
0,0.089215
0,0.289757
0,0.893697
0,0.233342
0,0.079892
0,0.727094
0,0.056774
0,0.056476
0,0.520737
0,0.323626
0,0.104718
0,0.746588
0,0.191167
0,0.086632
0,0.054444
0,0.118381
0,0.156185
0,0.104165
0,0.200984
0,0.108204
0,0.071655
0,0.114945
0,0.880590
0,0.074826
0,0.841735
0,0.449527
0,0.061417
0,0.095977
0,0.233098
0,0.359661
0,0.283870
0,0.876785
0,0.115012
0,0.079792
0,0.130653
0,0.256805
0,0.528754
0,0.098619
0,0.203544
0,0.294027
0,0.228287
0,0.968928
0,0.958646
0,0.960539
0,0.955220
0,0.908133
0,0.936888
0,0.434671
0,0.897872
0,0.289787
0,0.936525
0,0.968756
0,0.968901
0,0.967427
0,0.965580
0,0.963329
0,0.968781
0,0.707669
0,0.966297
0,0.961251
0,0.968456
0,0.963152
0,0.967394
0,0.968771
0,0.967559
0,0.961908
0,0.963124
0,0.963587
0,0.963095
0,0.960199
0,0.964635
0,0.963771
0,0.967467
0,0.958417
0,0.970828
0,0.969313
0,0.964618
0,0.956033
0,0.954198
0,0.965401
0,0.966838
0,0.951501
0,0.873988
0,0.950275
0,0.956199
0,0.956809
0,0.954471
0,0.953123
0,0.954744
0,0.964410
0,0.961489
0,0.968404
0,0.962551
0,0.968412
0,0.966527
0,0.964989
0,0.969872
0,0.965584
0,0.959536
0,0.955350
0,0.953760
0,0.936628
0,0.957370
0,0.961766
0,0.953534
0,0.962084
0,0.960438
0,0.960573
0,0.962410
0,0.077978
0,0.191822
0,0.169906
0,0.123338
0,0.218965
0,0.138135
0,0.083642
0,0.196645
0,0.119926
0,0.429386
0,0.494592
0,0.122272
0,0.113375
0,0.095287
0,0.065952
0,0.099754
0,0.136511
0,0.084297
0,0.123897
0,0.105810
0,0.103798
0,0.182567
0,0.094346
0,0.108685
0,0.103958
0,0.139059
0,0.107762
0,0.709724
0,0.174968
0,0.166250
0,0.282962
0,0.242865
0,0.230231
0,0.384196
0,0.420634
0,0.152503
0,0.105509
0,0.151810
0,0.135849
0,0.800117
0,0.137821
0,0.110707
0,0.125688
0,0.137726
0,0.279715
0,0.917680
0,0.882256
0,0.915013
0,0.901688
0,0.804281
0,0.886215
0,0.841648
0,0.912407
0,0.891001
0,0.843350
0,0.167099
0,0.213778
0,0.255194
0,0.101942
0,0.157879
0,0.109879
0,0.267570
0,0.138570
0,0.603475
0,0.140395
0,0.116778
0,0.121442
0,0.220254
0,0.440566
0,0.250607
0,0.829923
0,0.153201
0,0.601868
0,0.259968
0,0.123101
0,0.114671
0,0.219210
0,0.128658
0,0.115115
0,0.799141
0,0.869888
0,0.308318
0,0.912272
0,0.898659
0,0.857064
0,0.878628
0,0.914021
0,0.902199
0,0.912342
0,0.888651
0,0.894751
0,0.845884
0,0.892242
0,0.140095
0,0.083359
0,0.904899
0,0.147294
0,0.578473
0,0.832787
0,0.534598
0,0.042227
0,0.034127
0,0.042048
0,0.038700
0,0.056352
0,0.064222
0,0.058215
0,0.055152
0,0.065555
0,0.075610
0,0.061840
0,0.047218
0,0.049689
0,0.058992
0,0.048955
0,0.062987
0,0.044861
0,0.067596
0,0.037627
0,0.049055
0,0.050563
0,0.044618
0,0.072641
0,0.052500
0,0.040505
0,0.062682
0,0.037118
0,0.074985
0,0.057483
0,0.063021
0,0.071806
0,0.049402
0,0.062998
0,0.055583
0,0.049331
0,0.058823
0,0.061157
0,0.063199
0,0.073695
0,0.051266
0,0.089561
0,0.069829
0,0.066841
0,0.069825
0,0.087468
0,0.073711
0,0.069796
0,0.061379
0,0.061981
0,0.085496
0,0.068026
0,0.043142
0,0.062915
0,0.048638
0,0.062600
0,0.039708
0,0.051496
0,0.082177
0,0.084672
0,0.066640
0,0.057615
0,0.069456
0,0.069834
0,0.078549
0,0.106675
0,0.085010
0,0.074908
0,0.069316
0,0.077299
0,0.049685
0,0.057991
0,0.059813
0,0.072601
0,0.113848
0,0.081776
0,0.143347
0,0.500377
0,0.084596
0,0.087236
0,0.055216
0,0.046513
0,0.106720
0,0.067866
0,0.082128
0,0.068023
0,0.064219
0,0.071597
0,0.052688
0,0.049011
0,0.061431
0,0.059422
0,0.037678
0,0.048191
0,0.056148
0,0.045276
0,0.067096
0,0.077422
0,0.056952
0,0.049001
0,0.085508
1,0.055137
1,0.062648
1,0.060341
1,0.063436
1,0.062475
1,0.055867
1,0.067855
1,0.064444
1,0.073473
1,0.088933
1,0.068291
1,0.056665
1,0.052271
1,0.056354
1,0.066246
1,0.046298
1,0.068696
1,0.076650
1,0.071603
1,0.064458
1,0.057172
1,0.047112
1,0.047805
1,0.047926
1,0.040902
1,0.068570
1,0.065082
1,0.049829
1,0.071287
1,0.126107
1,0.141026
1,0.087932
1,0.047533
1,0.040149
1,0.058446
1,0.042786
1,0.063234
1,0.054465
1,0.061462
1,0.050832
1,0.068011
1,0.051314
1,0.065911
1,0.062826
1,0.080216
1,0.080588
1,0.083034
1,0.074374
1,0.074283
1,0.053932
1,0.044540
1,0.047918
1,0.039660
1,0.074701
1,0.500821
1,0.083646
1,0.038889
1,0.061995
1,0.047392
1,0.070078
1,0.048391
1,0.142377
1,0.059854
1,0.068008
1,0.060594
1,0.072516
1,0.049878
1,0.050548
1,0.054424
1,0.063250
1,0.059829
1,0.050898
1,0.087983
1,0.064874
1,0.061090
1,0.081690
1,0.091017
1,0.066842
1,0.075592
1,0.081533
1,0.228386
1,0.073141
1,0.043162
1,0.073985
1,0.055507
1,0.051802
1,0.046225
1,0.058608
1,0.047261
1,0.044950
1,0.081526
1,0.046117
1,0.049718
1,0.053655
1,0.080545
1,0.057212
1,0.057525
1,0.064328
1,0.063434
1,0.092068
0,0.193967
0,0.108297
0,0.076628
0,0.075563
0,0.106304
0,0.089111
0,0.098075
0,0.089266
0,0.088604
0,0.051481
0,0.079550
0,0.098000
0,0.448065
0,0.116806
0,0.563893
0,0.104322
0,0.092704
0,0.128840
0,0.123175
0,0.110859
0,0.065634
0,0.063982
0,0.051439
0,0.063777
0,0.074902
0,0.078536
0,0.120151
0,0.145227
0,0.081156
0,0.086094
0,0.096606
0,0.082353
0,0.047917
0,0.071741
0,0.055060
0,0.057048
0,0.095954
0,0.119359
0,0.062979
0,0.054236
0,0.062883
0,0.074737
0,0.071125
0,0.072234
0,0.086897
0,0.092139
0,0.092958
0,0.074353
0,0.075138
0,0.077408
0,0.054166
0,0.051856
0,0.070070
0,0.723445
0,0.154796
0,0.106559
0,0.089739
0,0.120595
0,0.110828
0,0.086933
0,0.095289
0,0.117252
0,0.088869
0,0.070971
0,0.078805
0,0.105516
0,0.075314
0,0.078528
0,0.077243
0,0.066415
0,0.080326
0,0.058936
0,0.087434
0,0.072233
0,0.043968
0,0.424965
0,0.079674
0,0.049932
0,0.081824
0,0.141564
0,0.074255
0,0.045267
0,0.093698
0,0.093076
0,0.074603
0,0.073117
0,0.069387
0,0.087030
0,0.082569
0,0.082964
0,0.081473
0,0.082864
0,0.106474
0,0.117893
0,0.080682
0,0.089174
0,0.073335
0,0.127627
0,0.076628
0,0.116699
0,0.417253
0,0.052362
0,0.478196
0,0.061423
0,0.061922
0,0.054418
0,0.077168
0,0.054901
0,0.064963
0,0.050462
0,0.063852
0,0.055791
0,0.042973
0,0.058354
0,0.046777
0,0.043828
0,0.081519
0,0.066791
0,0.064699
0,0.059405
0,0.138850
0,0.061367
0,0.078512
0,0.120071
0,0.885523
0,0.325600
0,0.232158
0,0.120495
0,0.910439
0,0.074799
0,0.069759
0,0.504946
0,0.058175
0,0.055634
0,0.065630
0,0.075181
0,0.907350
0,0.615279
0,0.082482
0,0.131810
0,0.817719
0,0.856051
0,0.942524
0,0.869553
0,0.582183
0,0.341928
0,0.078341
0,0.401472
0,0.357771
0,0.072483
0,0.046915
0,0.058876
0,0.057601
0,0.050295
0,0.444896
0,0.075410
0,0.054258
0,0.059052
0,0.053284
0,0.056692
0,0.058710
0,0.077954
0,0.060803
0,0.078564
0,0.060750
0,0.902540
0,0.051657
0,0.175742
0,0.088645
0,0.070597
0,0.194244
0,0.063330
0,0.059030
0,0.135352
0,0.160465
0,0.081793
0,0.103104
0,0.057578
0,0.049559
0,0.056643
0,0.094545
0,0.058527
0,0.053004
0,0.066170
0,0.051364
0,0.057792
0,0.113637
0,0.170256
0,0.106738
0,0.083241
0,0.071036
0,0.101234
0,0.058589
0,0.071696
0,0.060757
0,0.085529
0,0.315984
0,0.107060
0,0.044903
0,0.063919
0,0.105870
0,0.155174
0,0.094417
0,0.077122
0,0.116398
0,0.079152
0,0.058027
0,0.089597
0,0.067123
0,0.064277
0,0.057163
0,0.068734
0,0.073045
0,0.076195
0,0.062481
0,0.069661
0,0.076145
0,0.098908
0,0.067835
0,0.058804
0,0.078122
0,0.054900
0,0.074166
0,0.079151
0,0.068792
0,0.066343
0,0.074288
0,0.062598
0,0.103227
0,0.068302
0,0.098833
0,0.075304
0,0.077381
0,0.085065
0,0.106907
0,0.223543
0,0.248754
0,0.140428
0,0.100288
0,0.924188
0,0.092766
0,0.135353
0,0.072520
0,0.125252
0,0.117764
0,0.061165
0,0.301481
0,0.083414
0,0.093312
0,0.085161
0,0.518884
0,0.095470
0,0.085901
0,0.067517
0,0.072042
0,0.057009
0,0.072795
0,0.070580
0,0.086154
0,0.060887
0,0.054542
0,0.062945
0,0.072624
0,0.079636
0,0.057108
0,0.060865
0,0.078668
0,0.066244
0,0.159508
0,0.072275
0,0.085982
0,0.087189
0,0.122030
0,0.098224
0,0.152339
0,0.068444
0,0.108728
0,0.078927
0,0.119393
0,0.098345
0,0.089072
0,0.133919
0,0.735505
0,0.073080
0,0.080372
0,0.120256
0,0.068181
0,0.072894
0,0.092112
0,0.119447
0,0.068740
0,0.091294
0,0.877546
0,0.067872
0,0.079737
0,0.066884
0,0.901051
0,0.769803
0,0.932335
0,0.920321
0,0.842500
0,0.918112
0,0.772996
0,0.936557
0,0.928351
0,0.926513
0,0.924186
0,0.936665
0,0.892834
0,0.915698
0,0.950803
0,0.918342
0,0.852591
0,0.651600
0,0.903822
0,0.904232
0,0.912168
0,0.923934
0,0.921434
0,0.916390
0,0.914892
0,0.466562
0,0.896249
0,0.929788
0,0.909356
0,0.901158
0,0.895510
0,0.947318
0,0.919439
0,0.575805
0,0.761875
0,0.898368
0,0.908086
0,0.890987
0,0.922484
0,0.944338
0,0.905760
0,0.915164
0,0.939412
0,0.902513
0,0.739651
0,0.910269
0,0.950266
0,0.923620
0,0.925638
0,0.908758
0,0.875331
0,0.898645
0,0.878869
0,0.924217
0,0.898452
0,0.888461
0,0.875217
0,0.896158
0,0.809039
0,0.847781
0,0.924957
0,0.934331
0,0.857907
0,0.842690
0,0.307383
0,0.886839
0,0.900043
0,0.900998
0,0.693325
0,0.906234
0,0.916990
0,0.913602
0,0.925496
0,0.718700
0,0.881494
0,0.920495
0,0.908619
0,0.908409
0,0.866952
0,0.920485
0,0.899135
0,0.897338
0,0.911553
0,0.933933
0,0.886971
0,0.773787
0,0.695500
0,0.878918
0,0.882636
0,0.836468
0,0.814519
0,0.904009
0,0.903234
0,0.739203
0,0.859782
0,0.938082
0,0.893730
0,0.709827
0,0.916517
0,0.893936
1,0.892248
1,0.323221
1,0.222214
1,0.756958
1,0.406555
1,0.906088
1,0.899248
1,0.922887
1,0.940832
1,0.937660
1,0.942050
1,0.925763
1,0.934774
1,0.938893
1,0.938586
1,0.941421
1,0.908762
1,0.922520
1,0.930332
1,0.942905
1,0.942181
1,0.941341
1,0.942950
1,0.889792
1,0.917153
1,0.946361
1,0.876607
1,0.959183
1,0.947019
1,0.551775
1,0.726544
1,0.925564
1,0.927979
1,0.818946
1,0.256128
1,0.713467
1,0.400710
1,0.128231
1,0.937199
1,0.934073
1,0.937574
1,0.934849
1,0.941765
1,0.945049
1,0.940226
1,0.943780
1,0.778352
1,0.930926
1,0.924088
1,0.940641
1,0.951423
1,0.938801
1,0.934441
1,0.899346
1,0.929573
1,0.936494
1,0.936882
1,0.940479
1,0.940012
1,0.941406
1,0.909537
1,0.826280
1,0.942402
1,0.938775
1,0.945283
1,0.950995
1,0.943190
1,0.942076
1,0.939251
1,0.936031
1,0.080275
1,0.102204
1,0.156141
1,0.868787
1,0.897066
1,0.841802
1,0.933473
1,0.119866
1,0.737968
1,0.833167
1,0.950461
1,0.764957
1,0.913896
1,0.667366
1,0.840057
1,0.942507
1,0.946349
1,0.936233
1,0.928591
1,0.937640
1,0.846421
1,0.524304
1,0.938746
1,0.168611
1,0.923607
1,0.864214
1,0.928944
1,0.925556
1,0.938111
1,0.935696
0,0.857052
0,0.123790
0,0.235814
0,0.083267
0,0.087426
0,0.136592
0,0.080314
0,0.080220
0,0.077719
0,0.070038
0,0.078490
0,0.054314
0,0.074652
0,0.079139
0,0.158154
0,0.066823
0,0.062160
0,0.067580
0,0.059667
0,0.100673
0,0.070144
0,0.070907
0,0.057466
0,0.066127
0,0.076044
0,0.066057
0,0.073769
0,0.065790
0,0.062207
0,0.123031
0,0.066652
0,0.084959
0,0.077427
0,0.115152
0,0.116264
0,0.146335
0,0.126970
0,0.093903
0,0.313738
0,0.457566
0,0.188426
0,0.118543
0,0.069161
0,0.059703
0,0.055927
0,0.091140
0,0.057960
0,0.812542
0,0.058731
0,0.060261
0,0.065094
0,0.080819
0,0.073251
0,0.075116
0,0.092660
0,0.062686
0,0.044953
0,0.109636
0,0.088444
0,0.072799
0,0.080112
0,0.075386
0,0.085252
0,0.085482
0,0.123492
0,0.318152
0,0.100868
0,0.089550
0,0.070039
0,0.082681
0,0.082414
0,0.071690
0,0.060269
0,0.072221
1,0.060105
1,0.065041
1,0.072992
1,0.066174
1,0.066163
1,0.062677
1,0.060754
1,0.078797
1,0.068649
1,0.070871
1,0.075906
1,0.064164
1,0.068965
1,0.057912
1,0.054036
1,0.063045
1,0.089311
1,0.062195
1,0.070127
1,0.081908
1,0.063564
1,0.096730
1,0.067699
1,0.086964
1,0.059879
1,0.074694
1,0.072349
1,0.054958
1,0.074650
1,0.088556
1,0.080463
1,0.125796
1,0.086250
1,0.083002
1,0.090863
1,0.073425
1,0.070348
1,0.077881
1,0.073759
1,0.117638
1,0.060923
1,0.088419
1,0.060696
1,0.072085
1,0.073379
1,0.071612
1,0.062658
1,0.067749
1,0.055921
1,0.069032
1,0.061816
1,0.057902
1,0.074960
1,0.051888
1,0.054228
1,0.064330
1,0.076500
1,0.066677
1,0.084577
1,0.058500
1,0.093721
1,0.096607
1,0.062030
1,0.066521
1,0.073912
1,0.068645
1,0.098191
1,0.087490
1,0.078047
1,0.094544
1,0.122479
1,0.072634
1,0.315756
1,0.931561
1,0.490248
1,0.893816
1,0.088153
1,0.951321
1,0.103772
1,0.864264
1,0.077262
1,0.085546
1,0.045270
1,0.053628
1,0.074894
1,0.061483
1,0.055635
1,0.053083
1,0.061164
1,0.058962
1,0.074725
1,0.076743
1,0.092773
1,0.055755
1,0.079384
1,0.063906
1,0.066756
1,0.077256
1,0.066132
1,0.061943
1,0.052666
1,0.078070
1,0.055817
1,0.068958
1,0.089746
1,0.115157
1,0.767634
1,0.072504
1,0.042126
1,0.191542
1,0.180920
1,0.470781
1,0.157215
1,0.119824
1,0.077417
1,0.089060
1,0.876141
1,0.901430
1,0.251838
1,0.805712
1,0.922009
1,0.954884
1,0.940084
1,0.936011
1,0.776812
1,0.900734
1,0.085483
1,0.502054
1,0.067204
1,0.059220
1,0.879703
1,0.073849
1,0.091332
1,0.056688
1,0.063316
1,0.113322
1,0.053351
1,0.061232
1,0.060755
1,0.063940
1,0.226308
1,0.173196
1,0.085730
1,0.592253
1,0.069213
1,0.087083
1,0.165720
1,0.102338
1,0.057458
1,0.083835
1,0.074833
1,0.057074
1,0.063173
1,0.055297
1,0.076906
1,0.060347
1,0.064754
1,0.175146
1,0.051472
1,0.048237
1,0.043194
1,0.052772
1,0.050163
1,0.044395
1,0.063152
1,0.074831
1,0.062602
1,0.060376
1,0.062547
1,0.042222
1,0.058914
1,0.044847
1,0.059170
1,0.065288
1,0.060430
1,0.080295
1,0.087968
1,0.073060
1,0.051915
1,0.052253
1,0.049504
1,0.055717
1,0.068646
1,0.057149
1,0.084752
1,0.065471
1,0.061847
1,0.059503
1,0.059402
1,0.053349
1,0.073082
1,0.064710
1,0.057075
1,0.062823
1,0.086775
1,0.078862
1,0.076965
1,0.051551
1,0.065289
1,0.069390
1,0.087538
1,0.063068
1,0.043814
1,0.062845
1,0.058296
1,0.048239
1,0.050143
1,0.060764
1,0.056514
1,0.046510
1,0.066392
1,0.066941
1,0.066443
1,0.072693
1,0.068042
1,0.057703
1,0.082595
1,0.054640
1,0.056285
1,0.057271
1,0.057081
1,0.056153
1,0.049123
1,0.062501
1,0.063518
1,0.085909
1,0.074174
1,0.106552
1,0.081106
1,0.058416
1,0.063933
1,0.057412
1,0.092716
1,0.066719
1,0.061037
1,0.079368
1,0.048093
1,0.051772
1,0.053001
1,0.053873
1,0.052958
1,0.061878
1,0.052094
1,0.055419
1,0.068288
1,0.089969
1,0.065477
1,0.051222
1,0.055485
1,0.054879
1,0.051218
1,0.072937
1,0.069217
1,0.055363
1,0.079168
1,0.074191
1,0.093138
1,0.082851
1,0.939144
1,0.848832
1,0.761819
1,0.932078
1,0.327466
1,0.914438
1,0.890221
1,0.951063
1,0.939409
1,0.933887
1,0.911905
1,0.810592
1,0.904650
1,0.881681
1,0.857020
1,0.810390
1,0.043440
1,0.376886
1,0.074855
1,0.911706
1,0.369040
1,0.913325
1,0.673935
1,0.890599
1,0.554178
1,0.885196
1,0.917738
1,0.952553
1,0.869893
1,0.919785
1,0.210718
1,0.902333
1,0.222213
1,0.875394
1,0.931041
1,0.930080
1,0.886056
1,0.315032
1,0.897209
1,0.101311
1,0.793618
1,0.069494
1,0.151771
1,0.759251
1,0.911750
1,0.145811
1,0.819711
1,0.895172
1,0.130657
1,0.088331
1,0.825190
1,0.801627
1,0.073448
1,0.624286
1,0.895303
1,0.719119
1,0.950794
1,0.671012
1,0.955808
1,0.680366
1,0.034776
1,0.055401
1,0.042446
1,0.026138
1,0.029916
1,0.024876
1,0.024255
1,0.024329
1,0.026688
1,0.030905
1,0.145216
1,0.023243
1,0.031346
1,0.038876
1,0.028008
1,0.026385
1,0.024917
1,0.022708
1,0.022878
1,0.023532
1,0.027478
1,0.026840
1,0.023637
1,0.026454
1,0.026345
1,0.028750
1,0.105129
1,0.028737
1,0.029768
1,0.043258
1,0.041128
1,0.036995
1,0.029438
1,0.027346
1,0.022949
1,0.031512
1,0.026294
1,0.022538
1,0.031074
1,0.050209
1,0.027486
1,0.023057
1,0.038974
1,0.045357
1,0.259665
1,0.062103
1,0.027971
1,0.026092
1,0.028825
1,0.023747
1,0.024334
1,0.028859
1,0.027428
1,0.033632
1,0.032226
1,0.024188
1,0.035715
1,0.023728
1,0.029150
1,0.027480
1,0.054346
1,0.029815
1,0.029579
1,0.031994
1,0.026647
1,0.028633
1,0.025206
1,0.025821
1,0.024720
1,0.020897
1,0.022510
1,0.025789
1,0.024603
1,0.026095
1,0.024867
1,0.025697
1,0.029273
1,0.027597
1,0.026236
1,0.032190
1,0.029038
1,0.031591
1,0.052565
1,0.041825
1,0.033351
1,0.036605
1,0.038530
1,0.047642
1,0.040900
1,0.079410
1,0.047588
1,0.042256
1,0.909297
1,0.940234
1,0.049156
1,0.049321
1,0.048783
1,0.121257
1,0.046142
1,0.080713
1,0.055983
1,0.271786
1,0.120961
1,0.948093
1,0.876125
1,0.899179
1,0.196507
1,0.032363
1,0.042981
1,0.037747
1,0.034164
1,0.044810
1,0.060295
1,0.042101
1,0.039964
1,0.032359
1,0.142060
1,0.129003
1,0.097872
1,0.053144
1,0.038747
1,0.051655
1,0.052473
1,0.036519
1,0.039275
1,0.033689
1,0.049015
1,0.043491
1,0.151737
1,0.040709
1,0.030818
1,0.026165
1,0.035814
1,0.033327
1,0.030438
1,0.029573
1,0.027453
1,0.029091
1,0.028696
1,0.029116
1,0.031988
1,0.028866
1,0.030616
1,0.036879
1,0.035533
1,0.073209
1,0.060175
1,0.043394
1,0.033810
1,0.041578
1,0.075365
1,0.053431
1,0.044773
1,0.049069
1,0.039759
1,0.034365
1,0.035665
1,0.044639
1,0.112840
1,0.315157
1,0.602303
1,0.378848
1,0.463261
1,0.680635
1,0.238530
1,0.361173
1,0.192470
1,0.894233
1,0.928770
1,0.860310
1,0.870494
1,0.079175
1,0.880353
1,0.878392
1,0.232582
1,0.156220
1,0.074025
1,0.896880
1,0.826400
1,0.393125
1,0.947503
1,0.099345
1,0.865194
1,0.947536
1,0.952709
1,0.907182
1,0.848542
1,0.883934
1,0.866627
1,0.929247
1,0.881385
1,0.671216
1,0.945959
1,0.935475
1,0.852936
1,0.581403
1,0.913726
1,0.843657
1,0.579872
1,0.103559
1,0.174716
1,0.597674
1,0.876044
1,0.422798
1,0.282566
1,0.781387
1,0.229794
1,0.433540
1,0.943097
1,0.903435
1,0.865872
1,0.227505
1,0.101360
0,0.036387
0,0.036241
0,0.034825
0,0.035425
0,0.026928
0,0.052371
0,0.037070
0,0.028078
0,0.032703
0,0.030571
0,0.032921
0,0.033386
0,0.035015
0,0.032734
0,0.028690
0,0.028963
0,0.030108
0,0.029497
0,0.029658
0,0.031688
0,0.038065
0,0.037845
0,0.039271
0,0.038317
0,0.030883
0,0.051112
0,0.036777
0,0.037297
0,0.034627
0,0.039193
0,0.042787
0,0.048139
0,0.044907
0,0.036543
0,0.031839
0,0.035073
0,0.036925
0,0.031129
0,0.033587
0,0.031578
0,0.041505
0,0.038638
0,0.034497
0,0.029407
0,0.033823
0,0.037681
0,0.036410
0,0.030120
0,0.029997
0,0.032994
0,0.030911
0,0.032271
0,0.031344
0,0.035497
0,0.028601
0,0.026934
0,0.031779
0,0.043984
0,0.048736
0,0.037574
0,0.043486
0,0.036924
0,0.031861
0,0.034295
0,0.026987
0,0.029685
0,0.032828
0,0.030194
0,0.028930
0,0.038376
0,0.036409
0,0.042462
0,0.031142
0,0.031428
0,0.035890
0,0.034553
0,0.033291
0,0.030174
0,0.046185
0,0.033484
0,0.026447
0,0.031119
0,0.029239
0,0.030867
0,0.035509
0,0.036298
0,0.039174
0,0.046604
0,0.035162
0,0.034314
0,0.031860
0,0.551800
0,0.140383
0,0.278289
0,0.286448
0,0.827704
0,0.885300
0,0.815961
0,0.081429
0,0.106618
0,0.126670
0,0.901417
0,0.700226
0,0.143175
0,0.624294
0,0.306581
0,0.134885
0,0.564811
0,0.888296
0,0.244634
0,0.108254
0,0.108075
0,0.876109
0,0.244184
0,0.842558
0,0.398356
0,0.902485
0,0.831255
0,0.167664
0,0.144721
0,0.852028
0,0.622443
0,0.839419
0,0.758151
0,0.175244
0,0.807581
0,0.373521
0,0.859792
0,0.158416
0,0.219015
0,0.832537
0,0.096343
0,0.144470
0,0.852161
0,0.174366
0,0.879353
0,0.833188
0,0.342036
0,0.428383
0,0.226616
0,0.431102
0,0.169108
0,0.655940
0,0.127612
0,0.829138
0,0.312621
0,0.168628
0,0.765225
0,0.492131
0,0.390872
0,0.739574
0,0.123173
0,0.102602
0,0.255750
0,0.874944
0,0.233322
0,0.881664
0,0.863888
0,0.742105
0,0.760400
0,0.867696
0,0.437337
0,0.766458
0,0.631032
0,0.807792
0,0.827027
0,0.827145
0,0.118632
0,0.661610
0,0.842211
0,0.882616
0,0.246038
0,0.272224
0,0.148927
0,0.302949
0,0.390774
0,0.130546
0,0.785966
0,0.809669
0,0.239323
0,0.672463
0,0.855034
0,0.468606
0,0.839497
0,0.851405
0,0.376355
0,0.782847
0,0.159807
0,0.307019
0,0.645174
0,0.712608
1,0.917013
1,0.928170
1,0.929163
1,0.915107
1,0.913760
1,0.921820
1,0.918805
1,0.920039
1,0.924614
1,0.913170
1,0.925272
1,0.915183
1,0.932261
1,0.928424
1,0.928572
1,0.934417
1,0.940038
1,0.928878
1,0.918443
1,0.943665
1,0.922752
1,0.924826
1,0.921306
1,0.938964
1,0.924522
1,0.903144
1,0.916899
1,0.922266
1,0.931539
1,0.932558
1,0.923194
1,0.901781
1,0.934049
1,0.945357
1,0.923718
1,0.928954
1,0.908085
1,0.910936
1,0.925761
1,0.919225
1,0.914865
1,0.930164
1,0.925957
1,0.925679
1,0.926131
1,0.921219
1,0.917730
1,0.899747
1,0.932377
1,0.939817
1,0.930668
1,0.926582
1,0.929143
1,0.929438
1,0.937106
1,0.941298
1,0.929819
1,0.919127
1,0.909266
1,0.927150
1,0.930487
1,0.913788
1,0.927908
1,0.933402
1,0.935041
1,0.922095
1,0.923550
1,0.927061
1,0.915614
1,0.894662
1,0.901143
1,0.927416
1,0.920977
1,0.921674
1,0.930187
1,0.913749
1,0.898241
1,0.906787
1,0.937418
1,0.928268
1,0.927380
1,0.935057
1,0.924923
1,0.924613
1,0.911539
1,0.931577
1,0.924124
1,0.915033
1,0.906094
1,0.920210
1,0.915310
1,0.925151
1,0.919390
1,0.913881
1,0.896454
1,0.905471
1,0.919663
1,0.921293
1,0.905482
1,0.891627
1,0.948771
1,0.957765
1,0.945122
1,0.961903
1,0.953782
1,0.961363
1,0.958504
1,0.948310
1,0.933238
1,0.941784
1,0.946202
1,0.938688
1,0.944155
1,0.941059
1,0.936510
1,0.952605
1,0.950098
1,0.943606
1,0.954350
1,0.934826
1,0.945606
1,0.930107
1,0.929503
1,0.942477
1,0.927991
1,0.940951
1,0.945083
1,0.932930
1,0.914133
1,0.939438
1,0.926534
1,0.952112
1,0.953603
1,0.952210
1,0.956112
1,0.941877
1,0.948216
1,0.946045
1,0.957560
1,0.959364
1,0.948306
1,0.958139
1,0.953402
1,0.955281
1,0.949671
1,0.952471
1,0.951756
1,0.955543
1,0.951475
1,0.938950
1,0.943908
1,0.956383
1,0.945514
1,0.941629
1,0.949665
1,0.945379
1,0.956419
1,0.934984
1,0.930134
1,0.950088
1,0.947656
1,0.951013
1,0.935262
1,0.932578
1,0.953076
1,0.946855
1,0.947230
1,0.947617
1,0.959493
1,0.932948
1,0.947620
1,0.944639
1,0.944871
1,0.938511
1,0.947266
1,0.953207
1,0.947755
1,0.940145
1,0.951440
1,0.953571
1,0.937956
1,0.936820
1,0.931077
1,0.944566
1,0.948315
1,0.939358
1,0.936781
1,0.924633
1,0.935585
1,0.937565
1,0.938108
1,0.944271
1,0.955537
1,0.933720
1,0.930719
1,0.928732
1,0.917160
1,0.934066
1,0.918312
1,0.927965
1,0.922668
1,0.934433
1,0.933293
1,0.928619
1,0.933064
1,0.947454
1,0.941722
1,0.917218
1,0.942163
1,0.923615
1,0.918401
1,0.926699
1,0.937368
1,0.919305
1,0.905250
1,0.929419
1,0.931550
1,0.903043
1,0.926934
1,0.927349
1,0.934178
1,0.948123
1,0.939214
1,0.938448
1,0.961802
1,0.960229
1,0.958876
1,0.961921
1,0.950229
1,0.944912
1,0.951314
1,0.933865
1,0.937700
1,0.938346
1,0.953862
1,0.947650
1,0.954251
1,0.943480
1,0.932123
1,0.947248
1,0.945269
1,0.937061
1,0.930914
1,0.944462
1,0.921562
1,0.929880
1,0.933603
1,0.933584
1,0.939662
1,0.938512
1,0.948355
1,0.060854
1,0.071445
1,0.070382
1,0.059703
1,0.045502
1,0.069204
1,0.048291
1,0.074532
1,0.052073
1,0.071850
1,0.084453
1,0.049711
1,0.082928
1,0.064737
1,0.078190
1,0.057110
1,0.047991
1,0.051265
1,0.050207
1,0.077556
1,0.079944
1,0.130387
1,0.085132
1,0.063314
1,0.049175
1,0.073821
1,0.076951
1,0.064097
1,0.066066
1,0.055923
1,0.043577
1,0.047160
1,0.063828
1,0.054477
1,0.102246
1,0.083751
1,0.043454
1,0.060935
1,0.067051
1,0.080848
1,0.139553
1,0.082329
1,0.071088
1,0.060640
1,0.044172
1,0.068767
1,0.073891
1,0.067384
1,0.074280
1,0.070541
1,0.100443
1,0.094154
1,0.057925
1,0.059923
1,0.058830
1,0.093002
1,0.052218
1,0.058105
1,0.055542
1,0.048405
1,0.059028
1,0.075652
1,0.074020
1,0.056344
1,0.039613
1,0.035631
1,0.050508
1,0.039965
1,0.069734
1,0.071865
1,0.038942
1,0.054328
1,0.044779
1,0.079262
1,0.064882
1,0.052747
1,0.047898
1,0.033293
1,0.045847
1,0.045326
1,0.034807
1,0.052086
1,0.046185
1,0.042887
1,0.048739
1,0.049850
1,0.041011
1,0.068668
1,0.069487
1,0.052114
1,0.068222
1,0.065298
1,0.080103
1,0.217442
1,0.081495
1,0.047587
1,0.095700
1,0.036950
1,0.053168
1,0.063744
1,0.028971
1,0.033608
1,0.035493
1,0.046548
1,0.042361
1,0.033567
1,0.032886
1,0.028613
1,0.040765
1,0.032793
1,0.027868
1,0.031160
1,0.028655
1,0.646214
1,0.036847
1,0.035216
1,0.033156
1,0.027576
1,0.030387
1,0.912574
1,0.963679
1,0.961266
1,0.808826
1,0.029538
1,0.025838
1,0.034700
1,0.031930
1,0.036456
1,0.029199
1,0.037498
1,0.039144
1,0.043761
1,0.063564
1,0.035292
1,0.035984
1,0.037387
1,0.029114
1,0.047307
1,0.039456
1,0.043950
1,0.036007
1,0.041007
1,0.037363
1,0.049377
1,0.033734
1,0.040813
1,0.031767
1,0.028479
1,0.785341
1,0.150427
1,0.725354
1,0.027646
1,0.099873
1,0.025225
1,0.057800
1,0.024428
1,0.043917
1,0.021724
1,0.037224
1,0.035014
1,0.033989
1,0.043004
1,0.053259
1,0.048829
1,0.047544
1,0.082074
1,0.079398
1,0.055884
1,0.067879
1,0.212682
1,0.905947
1,0.052682
1,0.064807
1,0.036967
1,0.346200
1,0.051645
1,0.084219
1,0.033097
1,0.038736
1,0.035186
1,0.033440
1,0.032274
1,0.041019
0,0.824903
0,0.773222
0,0.315236
0,0.109265
0,0.093441
0,0.290597
0,0.597872
0,0.198619
0,0.185404
0,0.209601
0,0.203050
0,0.300054
0,0.122108
0,0.468538
0,0.137831
0,0.199071
0,0.336066
0,0.432927
0,0.068803
0,0.143957
0,0.089508
0,0.139856
0,0.186892
0,0.093049
0,0.089687
0,0.243747
0,0.286565
0,0.586723
0,0.556998
0,0.848466
0,0.809871
0,0.819092
0,0.426226
0,0.892283
0,0.284681
0,0.260285
0,0.112587
0,0.429825
0,0.110712
0,0.103563
0,0.225798
0,0.117240
0,0.500699
0,0.169193
0,0.073945
0,0.086401
0,0.796137
0,0.111765
0,0.078095
0,0.095084
0,0.560692
0,0.105622
0,0.068608
0,0.087605
0,0.090226
0,0.109194
0,0.067664
0,0.091033
0,0.078611
0,0.221749
0,0.071469
0,0.121912
0,0.092427
0,0.091086
0,0.285904
0,0.112503
0,0.085176
0,0.650891
0,0.102588
0,0.120993
0,0.579417
0,0.152048
0,0.126528
0,0.091775
0,0.116834
0,0.058515
0,0.071746
0,0.091655
0,0.474787
0,0.084243
0,0.080169
0,0.178615
0,0.122766
0,0.189769
0,0.204828
0,0.062154
0,0.172347
0,0.092358
0,0.080224
0,0.077871
0,0.077087
0,0.071078
0,0.105489
0,0.066809
0,0.092678
0,0.171979
0,0.075058
0,0.189697
0,0.075826
0,0.079584
0,0.959055
0,0.959814
0,0.960945
0,0.959834
0,0.960285
0,0.970664
0,0.955782
0,0.966850
0,0.964330
0,0.966415
0,0.961510
0,0.956865
0,0.959458
0,0.960548
0,0.958029
0,0.954333
0,0.961412
0,0.951895
0,0.957040
0,0.961978
0,0.960747
0,0.962902
0,0.960164
0,0.961451
0,0.949846
0,0.963013
0,0.952928
0,0.966546
0,0.965311
0,0.967355
0,0.971735
0,0.965455
0,0.965673
0,0.967425
0,0.958212
0,0.955009
0,0.960771
0,0.965079
0,0.953369
0,0.958478
0,0.952782
0,0.957253
0,0.952969
0,0.957938
0,0.961441
0,0.943805
0,0.968910
0,0.954127
1,0.061545
1,0.067267
1,0.057696
1,0.076543
1,0.059664
1,0.091159
1,0.066228
1,0.082167
1,0.102385
1,0.053127
1,0.064265
1,0.048836
1,0.053882
1,0.127239
1,0.742399
1,0.178820
1,0.098886
1,0.259760
1,0.064714
1,0.674669
1,0.053611
1,0.065584
1,0.055897
1,0.047758
1,0.074357
1,0.062279
1,0.110660
1,0.069066
1,0.533319
1,0.053690
1,0.049075
1,0.083101
1,0.220015
1,0.069856
1,0.059854
1,0.057454
1,0.054663
1,0.052001
1,0.103422
1,0.067413
1,0.075746
1,0.069263
1,0.126560
1,0.090217
1,0.408701
1,0.421467
1,0.548557
1,0.296803
1,0.853583
1,0.064358
1,0.283747
1,0.100522
1,0.501310
1,0.937166
1,0.951423
1,0.924263
1,0.909286
1,0.419646
1,0.817484
1,0.078870
1,0.076008
1,0.084696
1,0.042804
1,0.064093
1,0.041380
1,0.093173
1,0.064516
1,0.090082
1,0.079488
1,0.121503
1,0.096970
1,0.078804
1,0.066737
1,0.080902
1,0.088942
1,0.071572
1,0.502992
1,0.114447
1,0.053073
1,0.091489
1,0.055661
1,0.048053
1,0.042130
1,0.936344
1,0.944014
1,0.932228
1,0.942042
1,0.916133
1,0.939246
1,0.924100
1,0.938118
1,0.924712
1,0.912322
1,0.912677
1,0.908298
1,0.894470
1,0.928438
1,0.922445
1,0.936275
1,0.921960
1,0.929321
1,0.930046
1,0.930326
1,0.929853
1,0.943383
1,0.938135
1,0.923666
1,0.929062
1,0.947112
1,0.917892
1,0.920332
1,0.933874
1,0.936868
1,0.939524
1,0.922336
1,0.940619
1,0.934396
1,0.937367
1,0.936154
1,0.933265
1,0.938999
1,0.930568
1,0.931831
1,0.938832
1,0.946478
1,0.953165
1,0.931905
1,0.937751
1,0.945158
1,0.948159
1,0.941221
1,0.931640
1,0.939954
1,0.922229
1,0.935034
1,0.941085
1,0.935295
1,0.916097
1,0.931406
1,0.942066
1,0.937742
1,0.915751
1,0.908238
1,0.928269
1,0.921435
1,0.916234
1,0.943203
1,0.934293
1,0.923344
1,0.898160
1,0.508049
1,0.740324
1,0.499670
1,0.108350
1,0.261279
1,0.086333
1,0.306913
1,0.870235
1,0.886610
1,0.762614
1,0.736962
1,0.125520
1,0.885620
1,0.769314
1,0.769318
1,0.735059
1,0.651997
1,0.212184
1,0.869946
1,0.935032
1,0.799901
1,0.203630
1,0.058735
1,0.177000
1,0.245632
1,0.927502
1,0.913592
1,0.906545
1,0.434793
1,0.338665
1,0.095814
1,0.127099
1,0.466440
1,0.740554
1,0.880579
1,0.932566
1,0.865588
1,0.777725
1,0.860890
1,0.621187
1,0.788856
1,0.404260
1,0.219035
1,0.386266
1,0.499042
1,0.632515
1,0.343616
1,0.816609
1,0.888658
1,0.901217
1,0.831669
1,0.850393
1,0.697941
1,0.881847
1,0.282380
1,0.773181
1,0.088739
1,0.875515
1,0.788737
1,0.842331
1,0.431131
1,0.568345
1,0.920626
1,0.906081
1,0.916066
1,0.907490
1,0.873218
1,0.899955
1,0.899413
1,0.732624
1,0.527752
1,0.865000
1,0.676210
1,0.942843
1,0.917355
1,0.880055
1,0.210247
1,0.854954
1,0.261756
1,0.140740
1,0.140196
1,0.085351
1,0.796964
1,0.903913
1,0.918251
1,0.919211
1,0.931598
1,0.913390
1,0.856962
1,0.374646
1,0.836490
1,0.150175
1,0.808858
1,0.083439
1,0.387471
0,0.066403
0,0.097168
0,0.055031
0,0.041904
0,0.061322
0,0.064962
0,0.065225
0,0.048157
0,0.112427
0,0.048626
0,0.047300
0,0.042933
0,0.042022
0,0.049823
0,0.039317
0,0.064623
0,0.046071
0,0.054447
0,0.040181
0,0.043453
0,0.058425
0,0.085807
0,0.059137
0,0.067314
0,0.050629
0,0.066894
0,0.048995
0,0.035718
0,0.038119
0,0.049993
0,0.047113
0,0.048484
0,0.034870
0,0.062450
0,0.079871
0,0.059506
0,0.049870
0,0.047632
0,0.042647
0,0.070847
0,0.788706
0,0.891750
0,0.129881
0,0.053053
0,0.087970
0,0.050536
0,0.056826
0,0.064672
0,0.054716
0,0.089920
0,0.050726
0,0.051819
0,0.061410
0,0.043180
0,0.046003
0,0.041704
0,0.036136
0,0.033346
0,0.037485
0,0.038059
0,0.034594
0,0.039499
0,0.036187
0,0.033901
0,0.036531
0,0.038662
0,0.043434
0,0.038058
0,0.033368
0,0.034416
0,0.033513
0,0.027698
0,0.032520
0,0.031924
0,0.038722
0,0.037047
0,0.035154
0,0.035478
0,0.039685
0,0.031409
0,0.033252
0,0.039312
0,0.035183
0,0.030661
0,0.038881
0,0.039229
0,0.040608
0,0.046914
0,0.036291
0,0.041406
0,0.039252
0,0.040581
0,0.037483
0,0.039001
0,0.038501
0,0.031363
0,0.042124
0,0.039940
0,0.045545
0,0.038796
0,0.041769
0,0.036388
0,0.036051
0,0.037976
0,0.043125
0,0.039985
0,0.035954
0,0.036522
0,0.039344
0,0.042263
0,0.039055
0,0.036403
0,0.037415
0,0.038003
0,0.036954
0,0.047240
0,0.032724
0,0.028908
0,0.036121
0,0.034645
0,0.037663
0,0.034673
0,0.030571
0,0.035196
0,0.033905
0,0.037572
0,0.036609
0,0.037089
0,0.038972
0,0.042411
0,0.040780
0,0.036018
0,0.043251
0,0.035086
0,0.037005
0,0.031913
0,0.036379
0,0.036850
0,0.046670
0,0.036621
0,0.047885
0,0.036117
0,0.038257
0,0.042289
0,0.037800
0,0.035153
0,0.035065
0,0.030524
0,0.032182
0,0.035040
0,0.036095
0,0.040511
0,0.052372
0,0.044764
0,0.893330
0,0.894065
0,0.842355
0,0.746723
0,0.882973
0,0.284517
0,0.067918
0,0.050846
0,0.081227
0,0.267446
0,0.235962
0,0.872861
0,0.902309
0,0.894270
0,0.903889
0,0.899617
0,0.673321
0,0.841905
0,0.881436
0,0.904484
0,0.870962
0,0.876769
0,0.901365
0,0.880331
0,0.913073
0,0.716927
0,0.872428
0,0.874323
0,0.867143
0,0.864861
0,0.848130
0,0.837994
0,0.874716
0,0.888822
0,0.923223
0,0.845277
0,0.864559
0,0.889644
0,0.843075
0,0.860268
0,0.899380
0,0.867258
0,0.204188
0,0.375742
0,0.197348
0,0.836274
0,0.825103
0,0.925509
0,0.884466
0,0.912618
0,0.893097
0,0.917761
0,0.868612
0,0.845754
0,0.674694
0,0.817534
0,0.908425
0,0.808441
0,0.899718
0,0.918681
0,0.906559
0,0.876947
0,0.894761
0,0.873836
0,0.919576
0,0.777622
0,0.853227
0,0.449515
0,0.401377
0,0.854263
0,0.911302
0,0.902902
0,0.855623
0,0.849298
0,0.906292
0,0.885018
0,0.896764
0,0.886271
0,0.863183
0,0.916011
0,0.815325
0,0.902954
0,0.869430
0,0.910902
0,0.922781
0,0.890537
0,0.640866
0,0.863919
0,0.872863
0,0.890536
0,0.088570
0,0.158676
0,0.686535
0,0.152200
0,0.286474
0,0.061804
0,0.081343
0,0.107705
0,0.752295
0,0.133868
0,0.116875
0,0.429707
0,0.094708
0,0.075827
0,0.257285
0,0.063108
0,0.096336
0,0.102481
0,0.224365
0,0.081674
0,0.123579
0,0.089919
0,0.067757
0,0.048724
0,0.074069
0,0.086379
0,0.054306
0,0.044948
0,0.082124
0,0.073241
0,0.114090
0,0.066158
0,0.094361
0,0.054185
0,0.045951
0,0.056159
0,0.053612
0,0.462123
0,0.065535
0,0.070852
0,0.070567
0,0.073445
0,0.072529
0,0.091308
0,0.080748
0,0.065662
0,0.071971
0,0.106113
0,0.072663
0,0.065833
0,0.174386
0,0.207511
0,0.078958
0,0.103395
0,0.143824
0,0.049584
0,0.068023
0,0.052130
0,0.079949
0,0.745650
0,0.245527
0,0.140077
0,0.171865
0,0.133306
0,0.145731
0,0.074950
0,0.186531
0,0.043228
0,0.082191
0,0.059171
0,0.063403
0,0.142285
0,0.102561
0,0.065856
0,0.056799
0,0.061053
0,0.053170
0,0.079027
0,0.113081
0,0.718764
0,0.143753
0,0.049628
0,0.065065
1,0.172504
1,0.943626
1,0.950290
1,0.477980
1,0.245881
1,0.077747
1,0.949962
1,0.849888
1,0.884291
1,0.560851
1,0.086099
1,0.811995
1,0.212393
1,0.127643
1,0.479109
1,0.910932
1,0.476168
1,0.111351
1,0.550266
1,0.872967
1,0.927383
1,0.132232
1,0.632925
1,0.567409
1,0.518963
1,0.691755
1,0.602664
1,0.560372
1,0.909279
1,0.119878
1,0.938727
1,0.879600
1,0.906273
1,0.421509
1,0.580421
1,0.191409
1,0.774321
1,0.911724
1,0.956535
1,0.183122
1,0.943688
1,0.931321
1,0.813592
1,0.771496
1,0.901245
1,0.906766
1,0.629398
1,0.891219
1,0.960198
1,0.938409
1,0.760329
1,0.941720
1,0.952243
1,0.926076
1,0.905542
1,0.351506
1,0.092816
1,0.737048
1,0.768623
1,0.644722
1,0.854967
1,0.940642
1,0.928678
1,0.946773
1,0.949689
1,0.373154
1,0.696607
1,0.949640
1,0.959751
1,0.925894
1,0.055156
1,0.070807
1,0.051463
1,0.087362
1,0.095665
1,0.811317
1,0.211697
1,0.088064
1,0.090336
1,0.132160
1,0.076992
1,0.138874
1,0.841976
1,0.234760
1,0.148956
1,0.133026
1,0.107435
1,0.051000
1,0.063647
1,0.072972
1,0.094544
1,0.057123
1,0.065401
1,0.073391
1,0.059154
1,0.174101
1,0.078536
1,0.205919
1,0.102016
1,0.070339
1,0.157472
1,0.140425
1,0.054486
1,0.084823
1,0.044347
1,0.044444
1,0.056636
1,0.044601
1,0.051911
1,0.079123
1,0.045139
1,0.071701
1,0.058177
1,0.046170
1,0.079380
1,0.109562
1,0.062044
1,0.075638
1,0.114667
1,0.078389
1,0.064527
1,0.058590
1,0.074227
1,0.087409
1,0.066139
1,0.044735
1,0.054887
1,0.056337
1,0.115823
1,0.072833
1,0.090583
1,0.061175
1,0.085987
1,0.048075
1,0.053966
1,0.093671
1,0.151494
1,0.106597
1,0.079201
1,0.125617
1,0.106713
1,0.063558
1,0.051953
1,0.083347
1,0.088680
1,0.087525
1,0.093341
1,0.083488
1,0.090090
1,0.085078
1,0.079292
1,0.069142
1,0.088443
1,0.066657
1,0.060669
1,0.063997
1,0.044723
1,0.064898
1,0.037509
1,0.053588
1,0.085554
1,0.078838
1,0.096850
1,0.077619
1,0.053310
1,0.069561
1,0.083351
1,0.067552
1,0.061228
1,0.079474
0,0.039777
0,0.040008
0,0.045442
0,0.047290
0,0.034014
0,0.050406
0,0.045858
0,0.047284
0,0.041723
0,0.039383
0,0.042015
0,0.042658
0,0.049180
0,0.040523
0,0.034140
0,0.032366
0,0.035620
0,0.036254
0,0.037518
0,0.045596
0,0.036062
0,0.040868
0,0.045093
0,0.049825
0,0.036679
0,0.049821
0,0.049155
0,0.050482
0,0.044748
0,0.037386
0,0.065894
0,0.037745
0,0.041009
0,0.036405
0,0.053981
0,0.069512
0,0.054443
0,0.046306
0,0.049556
0,0.046101
0,0.054470
0,0.053093
0,0.037239
0,0.045041
0,0.042758
0,0.065224
0,0.072134
0,0.059629
0,0.050682
0,0.050695
0,0.040292
0,0.047162
0,0.050442
0,0.040390
0,0.044124
0,0.042219
0,0.038762
0,0.041439
0,0.050347
0,0.053110
0,0.067760
0,0.064585
0,0.052339
0,0.062380
0,0.070015
0,0.059663
0,0.046627
0,0.051308
0,0.051277
0,0.053505
0,0.048414
0,0.051103
0,0.041363
0,0.046441
0,0.040012
0,0.043572
0,0.052153
0,0.044269
0,0.052210
0,0.045525
0,0.035207
0,0.036716
0,0.042273
0,0.051259
0,0.053214
0,0.056816
0,0.045742
0,0.055088
0,0.070687
1,0.536280
1,0.865454
1,0.883565
1,0.945517
1,0.748889
1,0.937654
1,0.927396
1,0.182511
1,0.867269
1,0.911667
1,0.880205
1,0.862383
1,0.300771
1,0.918212
1,0.932065
1,0.912966
1,0.527462
1,0.928758
1,0.900998
1,0.911750
1,0.716425
1,0.530967
1,0.943241
1,0.930696
1,0.884973
1,0.938051
1,0.571205
1,0.720848
1,0.371830
1,0.942276
1,0.928986
1,0.931528
1,0.134883
1,0.893294
1,0.517596
1,0.915906
1,0.905340
1,0.926916
1,0.897982
1,0.926586
1,0.921080
1,0.852781
1,0.900383
1,0.894757
1,0.915018
1,0.802463
1,0.871103
1,0.879716
1,0.186730
1,0.185537
1,0.869709
1,0.881299
1,0.079450
1,0.802821
1,0.114735
1,0.114701
1,0.912130
1,0.934089
1,0.911376
1,0.545604
1,0.940007
1,0.857628
1,0.124780
1,0.406965
1,0.495117
1,0.328318
1,0.931538
1,0.907974
1,0.797922
1,0.687743
1,0.950431
1,0.087016
1,0.228333
1,0.816984
1,0.116847
1,0.905183
1,0.906306
1,0.861361
1,0.928994
1,0.920249
1,0.912555
1,0.369393
1,0.851056
1,0.829323
1,0.248965
1,0.854090
1,0.835606
1,0.906247
1,0.916013
1,0.945228
1,0.888364
1,0.903155
1,0.910139
1,0.928333
1,0.913569
1,0.897245
1,0.912029
1,0.931118
1,0.904172
1,0.931028
1,0.922032
1,0.890150
1,0.880123
1,0.927112
1,0.933209
1,0.925108
1,0.923294
1,0.914060
1,0.792345
1,0.860274
1,0.905663
1,0.760435
1,0.855504
1,0.909844
1,0.903734
1,0.902725
1,0.920635
1,0.922575
1,0.910671
1,0.911030
1,0.915736
1,0.922719
1,0.873661
1,0.872434
1,0.911924
1,0.910101
1,0.923309
1,0.928707
1,0.920112
1,0.920341
1,0.918335
1,0.880505
1,0.887285
1,0.920843
1,0.901242
1,0.897534
1,0.910826
1,0.944394
1,0.920979
1,0.915448
1,0.903864
1,0.915469
1,0.907783
1,0.897685
1,0.846097
1,0.901880
1,0.871357
1,0.895395
1,0.889355
1,0.915446
1,0.930041
1,0.906205
1,0.906147
1,0.911866
1,0.922886
1,0.897659
1,0.916818
1,0.901044
1,0.903941
1,0.911389
1,0.921784
1,0.912730
1,0.908575
1,0.885575
1,0.901363
1,0.893628
1,0.903041
1,0.871477
1,0.899398
1,0.868940
1,0.881526
1,0.885917
1,0.925686
1,0.913718
1,0.298517
1,0.960748
1,0.589978
1,0.942931
1,0.881571
1,0.954017
1,0.962319
1,0.971556
1,0.940748
1,0.967233
1,0.962300
1,0.967559
1,0.957533
1,0.964958
1,0.951688
1,0.955572
1,0.957525
1,0.955576
1,0.962965
1,0.966613
1,0.967067
1,0.963285
1,0.965447
1,0.962195
1,0.972165
1,0.915004
1,0.953711
1,0.950410
1,0.964356
1,0.964596
1,0.942018
1,0.948663
1,0.940964
1,0.952304
1,0.912157
1,0.929098
1,0.955288
1,0.953108
1,0.958509
1,0.954067
1,0.918620
1,0.956623
1,0.955747
1,0.958387
1,0.718295
1,0.954878
1,0.967046
1,0.962225
1,0.941549
1,0.965122
1,0.971456
1,0.904844
1,0.968070
1,0.969166
1,0.964452
1,0.968608
1,0.967221
1,0.959836
1,0.966363
1,0.948516
1,0.972096
1,0.969436
1,0.964989
1,0.966517
1,0.969321
1,0.966937
1,0.968828
1,0.964318
1,0.967995
1,0.967102
1,0.967687
1,0.966318
1,0.956637
1,0.932389
1,0.958283
1,0.947659
1,0.902905
1,0.908214
1,0.716188
1,0.859206
1,0.156642
1,0.939166
1,0.830182
1,0.933540
1,0.955770
1,0.967975
1,0.948874
1,0.721048
1,0.960912
1,0.942099
1,0.051111
1,0.341864
1,0.616625
1,0.479112
1,0.438804
1,0.934101
1,0.943187
1,0.930228
1,0.883700
1,0.925298
1,0.812672
1,0.908020
1,0.593803
1,0.191082
1,0.724448
1,0.840010
1,0.298123
1,0.871854
1,0.350427
1,0.703294
1,0.110979
1,0.723224
1,0.108618
1,0.813542
1,0.100780
1,0.160014
1,0.915025
1,0.943695
1,0.938056
1,0.638650
1,0.916697
0,0.064112
0,0.073805
0,0.052129
0,0.070926
0,0.061966
0,0.664088
0,0.189401
0,0.170471
0,0.057248
0,0.076595
0,0.110590
0,0.085861
0,0.815599
0,0.073174
0,0.134756
0,0.086719
0,0.090587
0,0.050447
0,0.275883
0,0.106264
0,0.728548
0,0.070503
0,0.074272
0,0.092585
0,0.064481
0,0.060694
0,0.091049
0,0.135641
0,0.048026
0,0.066138
0,0.148353
0,0.056841
0,0.073956
0,0.934774
0,0.054227
0,0.532220
0,0.121704
0,0.061542
0,0.072387
0,0.058081
0,0.057961
0,0.161736
0,0.940616
0,0.188425
0,0.267981
0,0.082500
0,0.639573
0,0.808563
0,0.082116
0,0.087402
0,0.053502
0,0.428640
0,0.079690
0,0.078254
0,0.145935
0,0.082586
0,0.252986
0,0.061334
0,0.089463
0,0.082720
0,0.118898
0,0.087521
0,0.065514
0,0.069086
0,0.085655
0,0.058305
0,0.143487
0,0.212927
0,0.106629
0,0.053805
0,0.066934
0,0.130852
0,0.108910
0,0.082392
0,0.074346
0,0.074337
0,0.155090
0,0.062083
0,0.848459
0,0.646991
0,0.619092
0,0.938525
0,0.870299
0,0.790949
0,0.947576
0,0.913105
0,0.833302
0,0.484813
0,0.846053
0,0.180423
0,0.676314
0,0.832703
0,0.127236
0,0.788215
0,0.885543
0,0.547901
0,0.890272
0,0.313441
0,0.934093
0,0.909358
0,0.098465
0,0.450997
0,0.113392
0,0.107273
0,0.113107
0,0.254050
0,0.278832
0,0.935776
0,0.899365
0,0.934339
0,0.188538
0,0.887818
0,0.778537
0,0.867297
0,0.267411
0,0.119514
0,0.938887
0,0.780278
0,0.638566
0,0.367537
0,0.305277
0,0.377240
0,0.120017
0,0.719761
0,0.932636
0,0.873622
0,0.902700
0,0.895609
0,0.931274
0,0.081322
0,0.938965
0,0.928098
0,0.870509
0,0.159880
0,0.920758
0,0.931537
0,0.379370
0,0.284674
0,0.889405
0,0.732570
0,0.888873
0,0.941097
0,0.942017
0,0.811959
0,0.790890
0,0.923094
0,0.917752
0,0.915796
0,0.925552
0,0.285756
0,0.144461
0,0.208504
0,0.910804
0,0.793006
1,0.151804
1,0.078716
1,0.703258
1,0.933147
1,0.894408
1,0.079367
1,0.077225
1,0.171356
1,0.080786
1,0.120818
1,0.049184
1,0.376959
1,0.074547
1,0.064556
1,0.061347
1,0.126118
1,0.077334
1,0.232291
1,0.081867
1,0.089514
1,0.094153
1,0.132113
1,0.593532
1,0.426932
1,0.940275
1,0.918790
1,0.476039
1,0.060770
1,0.140501
1,0.135441
1,0.048332
1,0.098597
1,0.882497
1,0.551546
1,0.826497
1,0.863848
1,0.195263
1,0.851125
1,0.847693
1,0.930458
1,0.256538
1,0.690820
1,0.905756
1,0.186293
1,0.837027
1,0.695832
1,0.606422
1,0.094200
1,0.831050
1,0.111972
1,0.091848
1,0.869130
1,0.179186
1,0.192733
1,0.052019
1,0.050392
1,0.062314
1,0.088395
1,0.054544
1,0.075748
1,0.064685
1,0.432662
1,0.075082
1,0.090659
1,0.520178
1,0.146817
1,0.079812
1,0.250528
1,0.862348
1,0.066699
1,0.092927
1,0.067100
1,0.096618
1,0.618153
1,0.901606
1,0.912304
1,0.244392
1,0.142886
1,0.103948
1,0.049946
1,0.038367
1,0.909343
1,0.754137
1,0.467740
1,0.109513
1,0.492199
1,0.615827
1,0.920139
1,0.074345
1,0.081118
1,0.089370
1,0.084440
1,0.099039
1,0.878603
1,0.910221
1,0.336495
1,0.786240
1,0.322204
1,0.065562
1,0.079291
1,0.951625
1,0.957202
1,0.950018
1,0.949131
1,0.951773
1,0.954643
1,0.961796
1,0.960554
1,0.958805
1,0.959475
1,0.955772
1,0.947914
1,0.955376
1,0.957618
1,0.963928
1,0.959336
1,0.959367
1,0.958332
1,0.960469
1,0.951283
1,0.950492
1,0.935020
1,0.952244
1,0.952435
1,0.956305
1,0.954859
1,0.956711
1,0.951192
1,0.955851
1,0.952386
1,0.958617
1,0.955500
1,0.936040
1,0.951854
1,0.957451
1,0.952037
1,0.963500
1,0.949660
1,0.965897
1,0.944885
1,0.959617
1,0.958065
1,0.958517
1,0.955430
1,0.959660
1,0.954722
1,0.958393
1,0.950756
1,0.931654
1,0.958084
1,0.927952
1,0.959140
1,0.948178
1,0.963785
1,0.961701
1,0.951377
1,0.839375
1,0.915744
1,0.960621
1,0.957728
1,0.952178
1,0.953366
1,0.956908
1,0.955961
1,0.956066
1,0.938374
1,0.935706
1,0.929576
1,0.938984
1,0.947927
1,0.955195
1,0.954402
1,0.840222
1,0.899559
1,0.959383
1,0.964302
1,0.962277
1,0.963103
1,0.959124
1,0.952453
1,0.954740
1,0.960989
1,0.955914
1,0.955064
1,0.956122
1,0.934348
1,0.247982
1,0.943251
1,0.956561
1,0.947041
1,0.939153
1,0.943205
1,0.956482
1,0.955850
1,0.950122
1,0.957530
0,0.102915
0,0.871974
0,0.891972
0,0.944754
0,0.946433
0,0.922656
0,0.592757
0,0.948575
0,0.119311
0,0.950487
0,0.170971
0,0.939938
0,0.936284
0,0.887829
0,0.952800
0,0.925302
0,0.927896
0,0.941369
0,0.916401
0,0.886929
0,0.944462
0,0.944178
0,0.937790
0,0.930944
0,0.551228
0,0.924460
0,0.138492
0,0.930933
0,0.888116
0,0.168713
0,0.778844
0,0.169864
0,0.932824
0,0.945105
0,0.933326
0,0.566421
0,0.952306
0,0.118963
0,0.918388
0,0.916991
0,0.934050
0,0.899763
0,0.941615
0,0.275615
0,0.942089
0,0.947948
0,0.873085
0,0.181633
0,0.934147
0,0.128756
0,0.941736
0,0.932893
0,0.843583
0,0.341974
0,0.930026
0,0.543166
0,0.355152
0,0.071766
0,0.443209
0,0.112097
0,0.089340
0,0.367802
0,0.922892
0,0.878416
0,0.109428
0,0.116657
0,0.672935
1,0.895082
1,0.922607
1,0.911108
1,0.885555
1,0.919477
1,0.912577
1,0.915296
1,0.891880
1,0.895567
1,0.919593
1,0.890534
1,0.896539
1,0.917851
1,0.859952
1,0.851949
1,0.926512
1,0.886286
1,0.860444
1,0.893372
1,0.901995
1,0.896796
1,0.894575
1,0.903901
1,0.895938
1,0.922956
1,0.904969
1,0.908884
1,0.913958
1,0.917801
1,0.926429
1,0.905929
1,0.896677
1,0.923816
1,0.914245
1,0.928027
1,0.869711
1,0.912905
1,0.924829
1,0.905852
1,0.905269
1,0.907423
1,0.923619
1,0.904563
1,0.883966
1,0.898582
1,0.919822
1,0.891801
1,0.886688
1,0.894161
1,0.915781
1,0.890392
1,0.907234
1,0.814127
1,0.912350
1,0.865189
1,0.906977
1,0.103503
1,0.104827
1,0.112009
1,0.137672
1,0.113688
1,0.862258
1,0.118871
1,0.820777
1,0.901618
1,0.876927
1,0.922672
1,0.925918
1,0.496449
1,0.629927
1,0.895712
1,0.919783
1,0.852535
1,0.882694
1,0.943146
1,0.888497
1,0.183367
1,0.912253
1,0.436645
1,0.926025
1,0.226273
1,0.950288
1,0.662621
1,0.904431
1,0.907098
1,0.902160
1,0.906099
1,0.919677
1,0.475089
1,0.083879
1,0.339883
1,0.166632
1,0.338648
1,0.749269
1,0.688532
1,0.886206
1,0.610676
1,0.914969
1,0.813042
1,0.924145
1,0.302164
1,0.926814
1,0.913815
1,0.481184
1,0.343712
1,0.920158
1,0.936545
1,0.924671
1,0.743595
1,0.278154
1,0.839750
1,0.916213
1,0.906824
1,0.814966
1,0.931091
1,0.922356
1,0.853271
0,0.060659
0,0.072598
0,0.080261
0,0.044656
0,0.051819
0,0.045371
0,0.049994
0,0.046940
0,0.051382
0,0.043882
0,0.070811
0,0.057247
0,0.056861
0,0.064201
0,0.054564
0,0.039297
0,0.070214
0,0.049920
0,0.052080
0,0.055130
0,0.056444
0,0.044287
0,0.066285
0,0.076676
0,0.110300
0,0.081636
0,0.082256
0,0.065216
0,0.068029
0,0.057088
0,0.062059
0,0.077927
0,0.088451
0,0.052551
0,0.064591
0,0.085523
0,0.051162
0,0.113481
0,0.090322
0,0.204165
0,0.044953
0,0.055675
0,0.067560
0,0.063205
0,0.035766
0,0.049229
0,0.069636
0,0.061013
0,0.065111
0,0.050878
0,0.087099
0,0.063657
0,0.101478
0,0.058630
0,0.068473
0,0.072991
0,0.066008
0,0.069369
0,0.058723
0,0.075867
0,0.071827
0,0.062228
0,0.071750
0,0.084596
0,0.078950
0,0.069364
0,0.065167
0,0.054421
0,0.050213
0,0.076935
0,0.050904
0,0.069852
0,0.083478
0,0.091272
0,0.092659
0,0.055318
0,0.064361
0,0.066335
0,0.063230
0,0.064064
0,0.047864
0,0.045431
0,0.084238
0,0.093918
0,0.074705
0,0.077086
0,0.049014
0,0.067356
0,0.049214
0,0.075842
0,0.087370
0,0.090631
0,0.107401
0,0.078123
0,0.131158
0,0.058914
0,0.045112
0,0.042671
0,0.065193
0,0.060373
1,0.941853
1,0.915742
1,0.925369
1,0.933241
1,0.926993
1,0.948030
1,0.935238
1,0.933171
1,0.843690
1,0.803182
1,0.961316
1,0.954239
1,0.957567
1,0.940698
1,0.954966
1,0.954171
1,0.954424
1,0.947613
1,0.953529
1,0.906604
1,0.952594
1,0.948007
1,0.936186
1,0.868337
1,0.960096
1,0.956263
1,0.967422
1,0.965728
1,0.963352
1,0.965055
1,0.968163
1,0.954094
1,0.966043
1,0.950201
1,0.963539
1,0.960066
1,0.965993
1,0.963894
1,0.961242
1,0.962035
1,0.962539
1,0.845624
1,0.428330
1,0.918043
1,0.938630
1,0.930487
1,0.767002
1,0.286718
1,0.369421
1,0.925694
1,0.910690
1,0.911371
1,0.453411
1,0.792870
1,0.825277
1,0.577808
1,0.901451
1,0.613521
1,0.884720
1,0.883678
1,0.356631
1,0.853163
1,0.187204
1,0.592636
1,0.610902
1,0.731828
1,0.735211
1,0.634321
1,0.924869
1,0.952641
1,0.967147
1,0.958182
1,0.962717
1,0.965124
1,0.964059
1,0.957285
1,0.960909
1,0.969122
1,0.959429
1,0.963398
1,0.960304
1,0.962636
1,0.959933
1,0.964754
1,0.965157
1,0.960669
1,0.891497
1,0.961129
1,0.958672
1,0.772074
1,0.643156
1,0.954074
1,0.962913
1,0.955468
1,0.960021
1,0.961140
1,0.960896
1,0.959194
1,0.957314
1,0.954918
1,0.057891
1,0.062786
1,0.074770
1,0.076520
1,0.089983
1,0.061053
1,0.071608
1,0.091145
1,0.087932
1,0.053748
1,0.080874
1,0.072589
1,0.069442
1,0.067106
1,0.078738
1,0.070254
1,0.053333
1,0.073495
1,0.064849
1,0.058436
1,0.055609
1,0.078526
1,0.064645
1,0.053281
1,0.076707
1,0.045316
1,0.064657
1,0.057484
1,0.057397
1,0.054737
1,0.066379
1,0.064247
1,0.068348
1,0.093387
1,0.070622
1,0.074115
1,0.053526
1,0.051512
1,0.072950
1,0.078076
1,0.049714
1,0.062249
1,0.059045
1,0.058978
1,0.070090
1,0.067349
1,0.064419
1,0.079764
1,0.072943
1,0.056327
1,0.074974
1,0.142249
1,0.067004
1,0.071233
1,0.058773
1,0.054386
1,0.065741
1,0.090174
1,0.082301
1,0.060400
1,0.070954
1,0.076876
1,0.158565
1,0.044226
1,0.052560
1,0.070727
1,0.050389
1,0.040672
1,0.048436
1,0.054727
1,0.058676
1,0.050210
1,0.068993
1,0.066578
1,0.059845
1,0.069575
1,0.051081
1,0.067205
1,0.061023
1,0.078917
1,0.069486
1,0.074676
1,0.057235
1,0.074825
1,0.058194
1,0.066532
1,0.065759
1,0.060975
1,0.064194
1,0.060923
1,0.061210
1,0.054750
1,0.063598
1,0.047942
1,0.057120
1,0.050589
1,0.054351
1,0.047384
1,0.043052
1,0.054088
0,0.040564
0,0.046260
0,0.037947
0,0.042259
0,0.050940
0,0.056065
0,0.043638
0,0.038487
0,0.046204
0,0.056965
0,0.057475
0,0.054829
0,0.057183
0,0.038976
0,0.039012
0,0.041291
0,0.039966
0,0.053021
0,0.046308
0,0.035276
0,0.035618
0,0.041567
0,0.042069
0,0.059997
0,0.039364
0,0.047430
0,0.035013
0,0.042055
0,0.045129
0,0.041330
0,0.039870
0,0.046146
0,0.037527
0,0.045776
0,0.046096
0,0.038175
0,0.047054
0,0.042513
0,0.057724
0,0.045797
0,0.083533
0,0.070742
0,0.093557
0,0.064831
0,0.046617
0,0.052357
0,0.096441
0,0.071693
0,0.072840
0,0.053012
0,0.086849
0,0.051745
0,0.077536
0,0.055063
0,0.060383
0,0.064222
0,0.107539
0,0.070605
0,0.052169
0,0.060899
0,0.071252
0,0.124557
0,0.077479
0,0.057703
0,0.064326
0,0.087681
0,0.072341
0,0.055233
0,0.072804
0,0.055088
0,0.055053
0,0.050772
0,0.040835
0,0.043279
0,0.047126
0,0.048197
0,0.043617
0,0.049611
0,0.036478
0,0.037548
0,0.051439
0,0.053728
0,0.060292
0,0.052524
0,0.058571
0,0.052467
0,0.050854
0,0.055869
0,0.051975
0,0.061746
0,0.046080
0,0.058123
0,0.034912
0,0.036165
0,0.027569
0,0.032703
0,0.038225
0,0.038811
0,0.030020
0,0.039843
0,0.042282
0,0.043381
0,0.051499
0,0.058456
0,0.051232
0,0.085652
0,0.072186
0,0.051403
0,0.048277
0,0.041845
0,0.052345
0,0.041112
0,0.052709
0,0.041854
0,0.067745
0,0.050453
0,0.063217
0,0.059826
0,0.055719
0,0.050940
0,0.039485
0,0.066449
0,0.052084
0,0.058403
0,0.040499
0,0.042621
0,0.049005
0,0.062199
0,0.048235
0,0.055131
0,0.072149
0,0.051793
0,0.063388
0,0.080451
0,0.074896
0,0.048554
0,0.052657
0,0.058916
0,0.045655
0,0.046033
0,0.057191
0,0.114957
0,0.051757
0,0.066526
0,0.055026
0,0.080013
0,0.046144
0,0.110559
0,0.061667
0,0.051811
0,0.054495
0,0.062635
0,0.075779
0,0.066719
0,0.040131
0,0.058812
0,0.046293
0,0.055162
0,0.045578
0,0.045874
0,0.058128
0,0.053454
0,0.070526
0,0.054001
0,0.042165
0,0.060503
0,0.061559
0,0.054876
0,0.056514
0,0.062237
0,0.046478
0,0.053702
0,0.048847
0,0.062407
0,0.041202
0,0.049304
0,0.055454
0,0.054932
0,0.045965
0,0.053257
0,0.048704
0,0.060897
0,0.074859
1,0.062580
1,0.057534
1,0.081280
1,0.094726
1,0.089007
1,0.096983
1,0.072309
1,0.052443
1,0.052798
1,0.051026
1,0.044567
1,0.057633
1,0.061075
1,0.051179
1,0.061773
1,0.069449
1,0.057567
1,0.047629
1,0.073573
1,0.057962
1,0.051556
1,0.050532
1,0.057185
1,0.075365
1,0.056339
1,0.074676
1,0.063845
1,0.044381
1,0.049712
1,0.049595
1,0.056660
1,0.077302
1,0.054156
1,0.062588
1,0.047562
1,0.052033
1,0.051093
1,0.064745
1,0.064358
1,0.046972
1,0.044347
1,0.056907
1,0.072525
1,0.053046
1,0.043310
1,0.056655
1,0.047380
1,0.054671
1,0.048832
1,0.065518
1,0.071132
1,0.053162
1,0.053382
1,0.042344
1,0.045159
1,0.050827
1,0.078718
1,0.061597
1,0.067316
1,0.080355
1,0.047211
1,0.051573
1,0.086366
1,0.080325
1,0.070351
1,0.074264
1,0.059669
1,0.060030
1,0.052966
1,0.071620
1,0.061749
1,0.065018
1,0.070728
0,0.050604
0,0.073739
0,0.063785
0,0.153781
0,0.054763
0,0.047854
0,0.048569
0,0.044713
0,0.051019
0,0.041816
0,0.054642
0,0.070409
0,0.048600
0,0.042441
0,0.045728
0,0.084274
0,0.077858
0,0.092244
0,0.041726
0,0.104548
0,0.063934
0,0.098099
0,0.143223
0,0.060161
0,0.302637
0,0.097898
0,0.060121
0,0.182489
0,0.381418
0,0.071504
0,0.043847
0,0.053232
0,0.047787
0,0.068161
0,0.080737
0,0.051905
0,0.094938
0,0.103896
0,0.079603
0,0.091448
0,0.057269
0,0.594243
0,0.793677
0,0.099682
0,0.065100
0,0.521561
0,0.928836
0,0.120146
0,0.073434
0,0.364544
0,0.071290
0,0.032821
0,0.088373
0,0.082424
0,0.054472
0,0.053144
0,0.056219
0,0.050068
0,0.068234
0,0.050095
0,0.048430
0,0.045633
0,0.067702
0,0.067020
0,0.055041
0,0.041195
0,0.072632
0,0.096399
0,0.071759
0,0.070956
0,0.074956
0,0.050086
0,0.600683
0,0.058876
0,0.888096
0,0.927005
0,0.930321
0,0.910650
0,0.930394
0,0.051477
0,0.063790
0,0.068192
0,0.094870
0,0.052838
0,0.064333
0,0.051683
0,0.072797
0,0.050680
0,0.059447
0,0.081429
0,0.104589
0,0.838576
0,0.352622
0,0.855368
0,0.056647
0,0.124927
0,0.075662
0,0.076390
0,0.060973
0,0.085528
1,0.052579
1,0.057656
1,0.044947
1,0.035878
1,0.038785
1,0.041595
1,0.039563
1,0.048489
1,0.038526
1,0.041826
1,0.039847
1,0.050170
1,0.045105
1,0.040889
1,0.046579
1,0.044483
1,0.045614
1,0.044955
1,0.042125
1,0.034862
1,0.065752
1,0.042291
1,0.046862
1,0.039430
1,0.050433
1,0.041696
1,0.029541
1,0.035150
1,0.038776
1,0.044720
1,0.038838
1,0.039411
1,0.046811
1,0.043074
1,0.050031
1,0.045223
1,0.040143
1,0.041857
1,0.042341
1,0.045228
1,0.047266
1,0.044640
1,0.052510
1,0.052499
1,0.073736
1,0.046560
1,0.058780
1,0.050020
1,0.044001
0,0.557988
0,0.562022
0,0.562022
0,0.562022
0,0.305649
0,0.944712
0,0.942917
0,0.915966
0,0.941166
0,0.870370
0,0.927155
0,0.849122
0,0.947199
0,0.106763
0,0.171324
0,0.094367
0,0.952897
0,0.051468
0,0.857344
0,0.967768
0,0.973476
0,0.959043
0,0.966536
0,0.966183
0,0.969944
0,0.969709
0,0.955122
0,0.530850
0,0.966045
0,0.958608
0,0.827221
0,0.961792
0,0.968342
0,0.965985
0,0.967844
0,0.965819
0,0.967464
0,0.965982
0,0.963313
0,0.966703
0,0.960593
0,0.895485
0,0.960771
0,0.964729
0,0.957558
0,0.967101
0,0.968615
0,0.955816
0,0.968201
0,0.388670
0,0.946759
0,0.968934
0,0.961128
0,0.968718
0,0.952093
0,0.951886
0,0.968164
0,0.969318
0,0.953571
0,0.940494
0,0.828203
0,0.967580
0,0.953086
0,0.869646
0,0.960736
0,0.973781
0,0.972798
0,0.963710
0,0.871624
0,0.037037
0,0.045978
0,0.057878
0,0.181702
0,0.934768
0,0.964574
0,0.932825
0,0.958487
0,0.829073
0,0.490532
0,0.954250
0,0.965954
0,0.950351
0,0.936607
0,0.947338
0,0.961479
0,0.924732
0,0.919735
0,0.939786
0,0.709400
0,0.953290
0,0.368282
0,0.888604
0,0.654970
0,0.769978
0,0.920679
0,0.957654
0,0.950010
0,0.967166
0,0.970280
0,0.962443
0,0.905735
0,0.931428
0,0.938288
0,0.918950
0,0.897038
0,0.900182
0,0.876116
0,0.890597
0,0.904280
0,0.901354
0,0.907334
0,0.938376
0,0.905965
0,0.929361
0,0.927647
0,0.934512
0,0.921027
0,0.939993
0,0.935259
0,0.819459
0,0.925767
0,0.927957
0,0.927627
0,0.943934
0,0.930114
0,0.932563
0,0.939672
0,0.947084
0,0.935782
0,0.937821
0,0.923828
0,0.942188
0,0.915672
0,0.939162
0,0.936262
0,0.922726
0,0.932314
0,0.933665
0,0.943659
0,0.934839
0,0.920092
0,0.929971
0,0.931865
0,0.930164
0,0.946480
0,0.816427
0,0.918105
0,0.894839
0,0.947537
0,0.882124
0,0.938358
0,0.910707
0,0.914942
0,0.934917
0,0.918272
0,0.930973
0,0.917990
0,0.947029
0,0.941913
0,0.936766
0,0.946192
0,0.933183
0,0.937087
0,0.953535
0,0.954468
0,0.058414
0,0.102397
0,0.103900
0,0.091266
0,0.052670
0,0.056549
0,0.071832
0,0.069213
0,0.074221
0,0.072647
0,0.114710
0,0.080623
0,0.093853
0,0.061570
0,0.114122
0,0.078802
0,0.096123
0,0.067173
0,0.068578
0,0.075185
0,0.053953
0,0.068991
0,0.057082
0,0.137906
0,0.076032
0,0.066962
0,0.071733
0,0.051160
0,0.064577
0,0.060042
0,0.073469
0,0.086659
0,0.048941
0,0.054362
0,0.068194
0,0.066870
0,0.062886
0,0.084057
0,0.103797
0,0.078491
0,0.082539
0,0.069995
0,0.060043
0,0.077003
0,0.070960
0,0.056528
0,0.053678
0,0.077074
0,0.089822
0,0.089206
0,0.063526
0,0.079379
0,0.082529
0,0.073240
0,0.075805
0,0.070944
0,0.082957
0,0.062622
0,0.066825
0,0.083767
0,0.069794
0,0.094817
0,0.049553
0,0.068150
0,0.100377
0,0.134394
0,0.076498
0,0.088251
0,0.071021
0,0.064989
0,0.064792
0,0.119867
0,0.082377
0,0.921660
0,0.057665
0,0.072363
0,0.077669
0,0.059516
0,0.096492
0,0.093003
0,0.078110
0,0.061892
0,0.050571
0,0.060304
0,0.076477
0,0.055102
0,0.050378
0,0.068513
0,0.082604
0,0.041575
0,0.058688
0,0.075847
0,0.073139
0,0.058469
0,0.058558
0,0.072768
0,0.066454
0,0.092237
0,0.072635
0,0.067513
1,0.056276
1,0.060091
1,0.045245
1,0.067782
1,0.085675
1,0.093494
1,0.056723
1,0.049357
1,0.092800
1,0.109629
1,0.069964
1,0.064081
1,0.837022
1,0.857917
1,0.445748
1,0.112333
1,0.084327
1,0.189093
1,0.060634
1,0.090058
1,0.056535
1,0.110235
1,0.084175
1,0.066468
1,0.084420
1,0.063263
1,0.096832
1,0.085247
1,0.090964
1,0.055175
1,0.068653
1,0.280386
1,0.107275
1,0.065940
1,0.065017
1,0.088112
1,0.079540
1,0.086102
1,0.063639
1,0.297828
1,0.079463
1,0.204121
1,0.080535
1,0.087498
1,0.115707
1,0.091231
1,0.075704
1,0.065658
1,0.055030
1,0.053927
1,0.069575
1,0.075232
1,0.063011
1,0.060872
1,0.062796
1,0.056483
1,0.073022
1,0.170435
1,0.056520
1,0.062534
1,0.256697
1,0.918506
1,0.056778
1,0.735681
1,0.061876
1,0.876233
1,0.163095
1,0.499314
1,0.312586
1,0.121846
1,0.064770
1,0.056309
1,0.102261
1,0.059549
1,0.196573
1,0.126969
1,0.107899
1,0.064127
1,0.847191
1,0.340339
1,0.057240
1,0.074473
1,0.068427
1,0.067866
1,0.057661
1,0.107079
1,0.084836
1,0.089511
1,0.048848
1,0.061743
1,0.071538
1,0.061018
1,0.087933
1,0.058966
1,0.064618
1,0.056568
1,0.059920
1,0.063662
1,0.064278
1,0.083255
1,0.064818
1,0.073997
1,0.058373
1,0.065749
1,0.072719
1,0.102022
1,0.078036
1,0.082126
1,0.069331
1,0.065041
1,0.057096
1,0.079527
1,0.076605
1,0.057366
1,0.054425
1,0.051379
1,0.065954
1,0.056205
1,0.065236
1,0.046974
1,0.099859
1,0.085954
1,0.137883
1,0.064103
1,0.210343
1,0.067638
1,0.061213
1,0.063030
1,0.063863
1,0.062234
0,0.091227
0,0.884354
0,0.186575
0,0.322619
0,0.080196
0,0.636183
0,0.950751
0,0.834059
0,0.104582
0,0.471180
0,0.081762
0,0.072098
0,0.065084
0,0.227756
0,0.047060
0,0.056822
0,0.059529
0,0.054027
0,0.057520
0,0.137902
0,0.065534
0,0.048515
0,0.045273
0,0.219669
0,0.435989
0,0.459834
0,0.062535
0,0.068330
0,0.956347
0,0.336875
0,0.107006
0,0.086792
0,0.936337
0,0.474694
0,0.269140
0,0.114964
0,0.541859
0,0.920999
0,0.089555
0,0.242311
0,0.069943
0,0.063586
0,0.056729
0,0.076995
0,0.094699
0,0.076333
0,0.073585
0,0.429312
0,0.093858
0,0.081333
0,0.089582
0,0.081465
0,0.468037
0,0.072603
0,0.905005
0,0.127430
0,0.942164
0,0.142573
0,0.110207
0,0.090566
0,0.676207
0,0.114602
0,0.143273
0,0.058327
0,0.534113
0,0.144114
0,0.074432
0,0.360555
0,0.272266
0,0.060363
0,0.081574
0,0.078818
0,0.058521
0,0.667478
0,0.694867
0,0.089135
0,0.864941
0,0.045033
0,0.045466
0,0.044817
0,0.045176
0,0.049642
0,0.046120
0,0.058110
0,0.109606
0,0.052849
0,0.051233
0,0.102864
0,0.099386
0,0.051882
0,0.042916
0,0.040401
0,0.041147
0,0.035462
0,0.034342
0,0.048111
0,0.033797
0,0.051306
0,0.046256
0,0.050316
0,0.037544
0,0.042779
0,0.050078
0,0.042970
0,0.035437
0,0.037272
0,0.043882
0,0.042191
0,0.063622
0,0.044203
0,0.044459
0,0.743765
0,0.120644
0,0.119097
0,0.202164
0,0.044434
0,0.057402
0,0.037976
0,0.054946
0,0.050372
0,0.039412
0,0.037398
0,0.039356
0,0.040137
1,0.309629
1,0.322407
1,0.842381
1,0.147892
1,0.218979
1,0.115768
1,0.093398
1,0.146502
1,0.103122
1,0.431509
1,0.200302
1,0.153886
1,0.130872
1,0.092110
1,0.098407
1,0.221148
1,0.105227
1,0.911359
1,0.813865
1,0.087961
1,0.095933
1,0.565859
1,0.240419
1,0.237282
1,0.082605
1,0.121818
1,0.097667
1,0.127946
1,0.198549
1,0.141117
1,0.169820
1,0.343536
1,0.813014
1,0.860505
1,0.195775
1,0.215919
1,0.120632
1,0.385347
1,0.069340
1,0.101146
1,0.225315
1,0.533460
1,0.557133
1,0.452263
1,0.089059
1,0.085800
1,0.110097
1,0.083416
1,0.139517
1,0.202602
1,0.391933
1,0.225023
1,0.844477
1,0.841502
1,0.267125
1,0.139455
1,0.436833
1,0.127840
1,0.518163
1,0.176732
0,0.055449
0,0.832778
0,0.059541
0,0.045914
0,0.077720
0,0.059547
0,0.085634
0,0.227258
0,0.916622
0,0.053794
0,0.074718
0,0.065791
0,0.156274
0,0.062539
0,0.896609
0,0.133503
0,0.440484
0,0.061786
0,0.193577
0,0.918977
0,0.879730
0,0.539795
0,0.065642
0,0.660421
0,0.886584
0,0.530436
0,0.099307
0,0.079359
0,0.845152
0,0.902608
0,0.064438
0,0.881568
0,0.056794
0,0.201186
0,0.293618
0,0.049137
0,0.046970
0,0.699468
0,0.484449
0,0.097778
0,0.427944
0,0.102551
0,0.081709
0,0.103727
0,0.826234
0,0.919773
0,0.056629
0,0.396924
0,0.871958
0,0.222781
0,0.546230
0,0.090150
0,0.052687
0,0.125550
0,0.107905
0,0.127120
0,0.133901
0,0.051199
0,0.066152
0,0.866677
0,0.251891
0,0.134934
0,0.268769
0,0.912196
0,0.243897
0,0.368750
0,0.638458
0,0.092280
0,0.078753
0,0.045460
0,0.883780
0,0.107933
0,0.787995
0,0.630143
0,0.061993
0,0.068294
0,0.919019
0,0.057871
0,0.053818
0,0.075248
0,0.072120
0,0.175599
0,0.044553
0,0.929172
0,0.084100
0,0.565805
0,0.108908
0,0.060806
0,0.100265
0,0.053167
0,0.067067
0,0.896155
0,0.119739
0,0.182023
0,0.058736
0,0.064117
0,0.049417
0,0.048610
0,0.075974
0,0.045167
1,0.073452
1,0.044004
1,0.905212
1,0.114465
1,0.047500
1,0.060603
1,0.035368
1,0.036502
1,0.034308
1,0.032620
1,0.038335
1,0.048239
1,0.028108
1,0.042349
1,0.028076
1,0.353566
1,0.134346
1,0.125109
1,0.081174
1,0.921116
1,0.855520
1,0.058965
1,0.042633
1,0.055137
1,0.061752
1,0.042082
1,0.074792
1,0.573024
1,0.884189
1,0.784057
1,0.250019
1,0.055589
1,0.071112
1,0.051746
1,0.038223
1,0.078472
1,0.039946
1,0.052097
1,0.042770
1,0.149877
1,0.068717
1,0.028496
1,0.038912
1,0.038584
1,0.058353
1,0.044908
1,0.048722
1,0.044085
1,0.045702
1,0.047459
1,0.048581
1,0.036951
1,0.044305
1,0.051758
1,0.063019
1,0.036323
1,0.081942
1,0.032260
1,0.029695
1,0.049186
1,0.071708
1,0.063880
1,0.065919
1,0.084999
1,0.850001
1,0.919242
1,0.661096
1,0.737748
1,0.861726
1,0.927779
1,0.884990
1,0.211124
1,0.856921
1,0.694371
1,0.581087
1,0.875516
1,0.587250
1,0.911154
1,0.805693
1,0.775407
1,0.405787
1,0.909433
1,0.892385
1,0.840010
1,0.739209
1,0.905681
1,0.842559
1,0.779012
1,0.914339
1,0.930285
1,0.186737
1,0.928949
1,0.921973
1,0.945671
1,0.944393
1,0.942073
1,0.928870
1,0.938685
1,0.919794
1,0.950868
1,0.923999
1,0.890903
1,0.445240
1,0.889974
1,0.824241
1,0.275852
1,0.158631
1,0.853477
1,0.786727
1,0.794439
1,0.910746
1,0.742101
1,0.799440
1,0.486823
1,0.667053
1,0.924718
0,0.247266
0,0.649962
0,0.045096
0,0.095627
0,0.315956
0,0.064291
0,0.704996
0,0.133927
0,0.068904
0,0.056471
0,0.053152
0,0.099355
0,0.338022
0,0.081514
0,0.729295
0,0.684037
0,0.205911
0,0.231728
0,0.132321
0,0.129793
0,0.742612
0,0.191316
0,0.837396
0,0.218449
0,0.395575
0,0.143621
0,0.834514
0,0.269851
0,0.196770
0,0.081745
0,0.066259
0,0.081414
0,0.087442
0,0.053319
0,0.089649
0,0.079014
0,0.600508
0,0.180438
0,0.059681
0,0.068388
0,0.066216
0,0.316079
0,0.058224
0,0.063134
0,0.055590
0,0.216792
0,0.916135
0,0.302134
0,0.151309
0,0.111913
0,0.054270
0,0.044813
0,0.160147
0,0.100754
0,0.494773
0,0.106267
0,0.058054
0,0.071721
0,0.108642
0,0.135626
0,0.208712
0,0.116168
0,0.047368
0,0.109409
0,0.117836
0,0.225645
0,0.074992
0,0.053923
0,0.045734
0,0.060076
0,0.064922
0,0.100603
0,0.064027
0,0.096226
0,0.462206
0,0.105253
0,0.872959
0,0.952922
0,0.947057
0,0.942944
0,0.939094
0,0.925364
0,0.909754
0,0.932334
0,0.934743
0,0.932248
0,0.925072
0,0.935661
0,0.924471
0,0.919778
0,0.929489
0,0.910647
0,0.935374
0,0.879080
0,0.929750
0,0.942332
0,0.936023
0,0.935921
0,0.907113
0,0.927154
0,0.921406
0,0.939208
0,0.918791
0,0.945769
0,0.926722
0,0.949142
0,0.831758
0,0.917276
0,0.939954
0,0.930530
0,0.956918
0,0.906212
0,0.912029
0,0.932401
0,0.925866
0,0.945039
0,0.934357
0,0.928735
0,0.952261
0,0.886504
0,0.840122
0,0.948557
0,0.907088
0,0.938824
0,0.904274
0,0.926894
0,0.906806
0,0.948496
0,0.931049
0,0.938691
0,0.914577
0,0.860823
0,0.952477
0,0.943794
0,0.932973
0,0.930566
0,0.941914
0,0.953898
0,0.938409
0,0.922032
0,0.937459
0,0.948384
0,0.922612
0,0.948706
0,0.917272
0,0.937922
0,0.938260
0,0.940456
0,0.944941
0,0.942819
0,0.937286
0,0.857672
0,0.918085
0,0.889016
0,0.826932
0,0.860219
0,0.726858
0,0.156275
0,0.165703
0,0.148763
0,0.284232
0,0.859740
0,0.401045
0,0.119283
0,0.135921
0,0.090935
0,0.184132
0,0.137819
0,0.119041
0,0.879037
0,0.650601
0,0.128026
0,0.187231
0,0.900892
0,0.167230
0,0.124842
0,0.120335
0,0.400103
0,0.107010
0,0.284721
0,0.889510
0,0.731491
0,0.814733
0,0.764788
0,0.791769
0,0.785088
0,0.235053
0,0.203224
0,0.104896
0,0.907603
0,0.805646
0,0.782392
0,0.119094
0,0.693128
0,0.348650
0,0.912686
0,0.872343
0,0.562874
0,0.141677
0,0.362959
0,0.611217
0,0.266558
0,0.129581
0,0.453930
0,0.134071
0,0.701338
0,0.115557
0,0.139899
0,0.183388
0,0.191192
0,0.147461
0,0.235847
0,0.126796
0,0.101917
0,0.589807
0,0.112765
0,0.382274
0,0.118057
0,0.282459
0,0.759538
0,0.351462
0,0.404765
0,0.099207
0,0.179011
0,0.155276
0,0.910337
0,0.901545
0,0.807751
0,0.888770
0,0.132696
0,0.803653
0,0.872863
0,0.261878
0,0.774120
0,0.833452
0,0.811681
0,0.189210
0,0.651507
0,0.887377
0,0.926947
0,0.835324
0,0.469956
0,0.923945
0,0.694855
0,0.774084
0,0.177109
0,0.125964
0,0.218346
0,0.272378
0,0.485124
0,0.296138
0,0.929810
0,0.439273
0,0.096876
0,0.731690
0,0.456211
0,0.268202
0,0.050183
0,0.045245
0,0.044626
0,0.030926
0,0.037848
0,0.040137
0,0.036047
0,0.029403
0,0.046634
0,0.038423
0,0.033038
0,0.036607
0,0.041801
0,0.045950
0,0.031294
0,0.027893
0,0.033101
0,0.030541
0,0.039860
0,0.042420
0,0.029340
0,0.032935
0,0.027478
0,0.041215
0,0.042196
0,0.036552
0,0.035746
0,0.038716
0,0.045999
0,0.034023
0,0.029898
0,0.029347
0,0.033601
0,0.026419
0,0.035659
0,0.022424
0,0.024594
0,0.030941
0,0.032942
0,0.035767
0,0.028164
0,0.047394
0,0.025360
0,0.028771
0,0.024511
0,0.029236
0,0.028124
0,0.046965
0,0.027693
0,0.027857
0,0.030462
0,0.040151
0,0.030331
0,0.028465
0,0.026750
0,0.042016
0,0.033670
0,0.024685
0,0.030260
0,0.038281
0,0.035251
0,0.030123
0,0.030000
0,0.046626
0,0.038942
0,0.032016
0,0.032981
0,0.033259
0,0.047719
0,0.036601
0,0.032072
0,0.029450
0,0.033051
0,0.024541
0,0.056518
0,0.030564
0,0.030536
0,0.034872
0,0.027766
0,0.037442
0,0.027911
0,0.058656
0,0.030600
0,0.049040
0,0.036654
0,0.030243
0,0.033623
0,0.034395
0,0.045788
0,0.030605
0,0.030333
0,0.032254
0,0.034432
0,0.027679
0,0.041503
0,0.026704
0,0.030320
0,0.024496
0,0.030197
0,0.029159
0,0.270744
0,0.802292
0,0.687586
0,0.851066
0,0.881779
0,0.808179
0,0.915219
0,0.392929
0,0.910153
0,0.922985
0,0.388645
0,0.779025
0,0.911786
0,0.900624
0,0.812390
0,0.902634
0,0.904190
0,0.929194
0,0.910254
0,0.929173
0,0.900937
0,0.104506
0,0.076443
0,0.513498
0,0.925801
0,0.618522
0,0.934101
0,0.798461
0,0.875107
0,0.413113
0,0.187696
0,0.833913
0,0.497410
0,0.060949
0,0.433065
0,0.133465
0,0.306395
0,0.336345
0,0.872598
0,0.853770
0,0.062675
0,0.134724
0,0.272861
0,0.745478
0,0.532961
0,0.059506
0,0.068058
0,0.068303
0,0.073985
0,0.142003
0,0.506488
0,0.085085
0,0.098224
0,0.061087
0,0.086107
0,0.060280
0,0.313351
0,0.058466
0,0.188637
0,0.072850
0,0.152046
0,0.260260
0,0.174867
0,0.836078
0,0.823761
0,0.144701
0,0.442079
0,0.103907
0,0.098816
0,0.086566
0,0.093084
0,0.103167
0,0.252942
0,0.102582
0,0.064185
0,0.091485
0,0.055946
0,0.152828
0,0.208236
0,0.060273
0,0.102598
0,0.864427
0,0.731514
0,0.214985
0,0.543732
0,0.812905
0,0.074954
0,0.272882
0,0.336646
0,0.143870
0,0.070752
0,0.089031
0,0.284494
0,0.086958
0,0.110104
0,0.093860
0,0.078720
0,0.796961
0,0.236237
0,0.807765
0,0.122786
0,0.074069
0,0.089463
0,0.236092
0,0.120859
0,0.854315
0,0.094609
0,0.074740
0,0.071373
0,0.071110
0,0.056178
0,0.071937
0,0.089103
0,0.114468
0,0.105529
0,0.108862
0,0.072066
0,0.090502
0,0.095528
0,0.086320
0,0.073836
0,0.083278
0,0.119241
0,0.138553
0,0.144533
0,0.086791
0,0.060199
0,0.056696
0,0.051861
0,0.050382
0,0.080881
0,0.060725
0,0.094367
0,0.069571
0,0.090734
0,0.090650
0,0.081632
0,0.096438
0,0.732914
0,0.588726
0,0.082066
0,0.886959
0,0.223285
0,0.126230
0,0.095286
0,0.361366
0,0.079567
0,0.112184
0,0.091015
0,0.252234
0,0.095549
0,0.099847
0,0.080360
0,0.087851
0,0.065884
0,0.582778
0,0.084472
0,0.086698
0,0.070842
0,0.858739
0,0.840789
0,0.237085
0,0.176019
0,0.111802
0,0.338385
0,0.470268
0,0.679193
0,0.076291
0,0.089535
0,0.057718
0,0.074529
0,0.072314
0,0.062412
0,0.044636
0,0.800967
0,0.092298
0,0.325713
0,0.339869
0,0.086817
0,0.080039
0,0.094814
0,0.070367
0,0.062928
0,0.114742
0,0.103075
0,0.065098
0,0.104667
0,0.090982
0,0.106986
0,0.056200
0,0.073451
0,0.074477
0,0.091547
0,0.075058
0,0.081771
0,0.078740
0,0.101033
0,0.058033
0,0.083880
0,0.069062
1,0.885109
1,0.957426
1,0.969482
1,0.963132
1,0.971404
1,0.964865
1,0.971597
1,0.966280
1,0.965535
1,0.968084
1,0.972688
1,0.968652
1,0.969147
1,0.965321
1,0.932081
1,0.938400
1,0.928360
1,0.928762
1,0.933378
1,0.965444
1,0.961047
1,0.927264
1,0.933283
1,0.936661
1,0.961060
1,0.904333
1,0.964200
1,0.921180
1,0.925513
1,0.965149
1,0.963778
1,0.962971
1,0.930003
1,0.965298
1,0.961183
1,0.963363
1,0.968896
1,0.965140
1,0.964179
1,0.961646
1,0.962622
1,0.965232
1,0.964012
1,0.965492
1,0.955093
1,0.956535
1,0.962075
1,0.964933
1,0.960860
1,0.964716
1,0.956297
1,0.957061
1,0.909327
1,0.957731
1,0.959032
1,0.964082
1,0.960761
1,0.961790
1,0.971020
1,0.968174
1,0.960396
1,0.959735
1,0.957633
1,0.964007
1,0.961843
1,0.961600
1,0.964203
1,0.965901
1,0.962311
1,0.962047
1,0.966327
1,0.965761
1,0.967158
1,0.960450
1,0.958254
1,0.965247
1,0.965778
1,0.964941
1,0.967466
1,0.957176
1,0.972187
1,0.962139
1,0.961356
1,0.967248
1,0.967216
1,0.965503
1,0.967549
1,0.963781
1,0.964571
1,0.960795
1,0.958627
1,0.958925
1,0.960298
1,0.954108
1,0.957525
0,0.068410
0,0.043751
0,0.053971
0,0.770512
0,0.057916
0,0.054475
0,0.039599
0,0.041717
0,0.041276
0,0.051923
0,0.100860
0,0.040682
0,0.034071
0,0.050742
0,0.073829
0,0.045234
0,0.044255
0,0.041964
0,0.057864
0,0.044889
0,0.062174
0,0.052782
0,0.053331
0,0.061092
0,0.045287
0,0.075064
0,0.053430
0,0.055679
0,0.048161
0,0.058828
0,0.055970
0,0.073563
0,0.047477
0,0.042628
0,0.042402
0,0.045236
0,0.055834
0,0.048133
0,0.064461
0,0.052685
0,0.045322
0,0.040164
0,0.086447
0,0.056878
0,0.060035
0,0.096058
0,0.064777
0,0.043124
0,0.059341
0,0.068716
0,0.047159
0,0.050098
0,0.059237
0,0.029519
0,0.044059
0,0.040765
0,0.054967
0,0.033555
0,0.034713
0,0.044320
0,0.040236
0,0.046933
0,0.051582
0,0.032714
0,0.030963
0,0.050709
0,0.048115
0,0.026452
0,0.029572
0,0.033297
0,0.039563
0,0.036568
0,0.046126
0,0.039075
0,0.035831
0,0.032746
0,0.038314
0,0.050030
0,0.042632
0,0.045163
0,0.062823
0,0.061512
0,0.064789
0,0.043889
0,0.037954
0,0.061166
0,0.038454
0,0.042996
0,0.043580
0,0.041072
0,0.030494
0,0.059713
0,0.062396
0,0.057059
0,0.058809
0,0.057195
0,0.089834
0,0.053656
0,0.037094
0,0.033431
0,0.045054
0,0.041521
0,0.051376
0,0.040507
0,0.054353
0,0.044124
0,0.040028
0,0.048617
0,0.054776
0,0.045078
0,0.041250
0,0.039937
0,0.039875
0,0.049483
0,0.034842
0,0.050658
0,0.050689
0,0.050655
0,0.030734
0,0.042068
0,0.038320
0,0.039843
0,0.058154
0,0.041976
0,0.051851
0,0.061587
0,0.057708
0,0.051043
0,0.054507
0,0.049810
0,0.056962
0,0.049480
0,0.057532
0,0.051615
0,0.062953
0,0.044842
0,0.046555
0,0.048301
0,0.050429
0,0.051352
0,0.056325
0,0.042543
0,0.049367
0,0.065736
0,0.058694
0,0.039658
0,0.037863
0,0.063426
0,0.043424
0,0.049738
0,0.047118
0,0.057713
0,0.063608
1,0.541284
1,0.861635
1,0.843399
1,0.158692
1,0.125615
1,0.115166
1,0.865932
1,0.865872
1,0.846594
1,0.118188
1,0.107855
1,0.447373
1,0.859609
1,0.889397
1,0.879088
1,0.865628
1,0.276367
1,0.811543
1,0.132957
1,0.938805
1,0.834586
1,0.850900
1,0.884926
1,0.126092
1,0.348399
1,0.915153
1,0.898531
1,0.861739
1,0.668180
1,0.840273
1,0.253088
1,0.204230
1,0.549804
1,0.771116
1,0.218212
1,0.177445
1,0.081477
1,0.738314
1,0.869675
1,0.754173
1,0.309491
1,0.306920
1,0.248224
1,0.880092
1,0.097777
1,0.274550
1,0.675660
1,0.506556
1,0.122947
1,0.912963
1,0.778694
1,0.935050
1,0.272264
1,0.881962
1,0.872922
1,0.893873
1,0.192682
1,0.853176
1,0.909372
1,0.331125
1,0.268750
1,0.537869
1,0.196285
1,0.910050
1,0.948037
1,0.938972
1,0.952817
1,0.939079
1,0.889454
1,0.920032
1,0.924895
1,0.930448
1,0.937785
1,0.924841
1,0.936365
1,0.859149
1,0.946698
1,0.942307
1,0.915127
1,0.951578
1,0.927473
1,0.924453
1,0.425792
1,0.938178
1,0.945452
1,0.948207
1,0.782364
1,0.936167
1,0.956315
1,0.952442
1,0.951418
1,0.946556
1,0.949007
1,0.942629
1,0.940785
1,0.956789
1,0.948474
1,0.940102
1,0.932404
1,0.917476
1,0.916610
1,0.219433
1,0.927081
1,0.930910
1,0.926673
1,0.930110
1,0.936519
1,0.859111
1,0.916452
1,0.880534
1,0.937869
1,0.290309
1,0.939346
1,0.962790
1,0.927812
1,0.942775
1,0.929873
1,0.933256
1,0.933984
1,0.939921
1,0.937425
1,0.942003
1,0.953227
1,0.934387
1,0.934978
1,0.938666
1,0.922852
1,0.924456
1,0.928640
1,0.915511
1,0.942839
1,0.941273
1,0.949529
1,0.929830
1,0.792419
1,0.222969
1,0.269460
1,0.247383
1,0.715539
1,0.119057
1,0.866954
1,0.562916
1,0.131874
1,0.336097
1,0.804187
1,0.865929
1,0.881805
1,0.140749
1,0.880085
1,0.793294
1,0.844467
1,0.527308
1,0.151927
1,0.801783
1,0.187736
1,0.515157
1,0.169074
1,0.505663
1,0.104268
1,0.788365
1,0.116575
1,0.288572
1,0.422730
1,0.274846
1,0.138519
1,0.105488
1,0.112501
1,0.081465
1,0.075932
1,0.122160
1,0.062224
1,0.457213
1,0.108267
1,0.086297
1,0.120563
1,0.880150
1,0.118357
1,0.092971
1,0.091294
1,0.663695
1,0.119498
1,0.125399
1,0.110480
1,0.115292
1,0.744427
1,0.348549
1,0.823968
1,0.183241
1,0.171991
1,0.771821
1,0.138120
1,0.207788
1,0.248323
1,0.084798
1,0.143749
1,0.106347
1,0.108213
0,0.049625
0,0.042044
0,0.050743
0,0.044957
0,0.037989
0,0.034089
0,0.041153
0,0.038539
0,0.035778
0,0.054969
0,0.058222
0,0.060667
0,0.076373
0,0.064714
0,0.030562
0,0.054639
0,0.051425
0,0.043404
0,0.035719
0,0.036335
0,0.038978
0,0.028350
0,0.034459
0,0.047375
0,0.038933
0,0.033538
0,0.038244
0,0.034827
0,0.026223
0,0.043127
0,0.043635
0,0.037336
0,0.042048
0,0.034699
0,0.028267
0,0.028094
0,0.030644
0,0.029269
0,0.025220
0,0.027676
0,0.029190
0,0.031298
0,0.036286
0,0.039653
0,0.036015
0,0.043903
0,0.042636
0,0.044849
0,0.054313
0,0.053576
0,0.049684
0,0.045138
0,0.030519
0,0.045892
0,0.039946
0,0.032200
0,0.028454
0,0.174696
0,0.883897
0,0.437322
0,0.473069
0,0.146895
0,0.605600
0,0.368140
0,0.896515
0,0.188959
0,0.130682
0,0.087194
0,0.683781
0,0.883002
0,0.712409
0,0.833054
0,0.922132
0,0.900651
0,0.861326
0,0.115490
0,0.851027
0,0.873256
0,0.607549
0,0.873930
0,0.888273
0,0.690988
0,0.147884
0,0.843043
0,0.533451
0,0.886621
0,0.434349
0,0.796690
0,0.895585
0,0.106150
0,0.176660
0,0.872628
0,0.507079
0,0.739474
0,0.857697
0,0.924597
0,0.330417
0,0.416342
0,0.509550
0,0.863871
0,0.792010
0,0.823838
0,0.249536
0,0.655136
0,0.877861
0,0.816274
0,0.226794
0,0.458831
0,0.131412
0,0.089896
0,0.199372
0,0.544343
0,0.928438
0,0.186912
0,0.833528
0,0.878285
0,0.759239
0,0.836392
0,0.911791
0,0.909383
0,0.865046
0,0.896499
0,0.889821
0,0.232489
0,0.912107
0,0.930502
0,0.179839
0,0.729342
0,0.907187
0,0.796570
0,0.610471
0,0.864695
0,0.625589
0,0.765835
0,0.422974
0,0.317598
0,0.895697
0,0.201450
0,0.755680
0,0.241195
0,0.367552
0,0.117783
0,0.072618
0,0.107291
0,0.107291
0,0.093697
0,0.437134
0,0.064887
0,0.293484
0,0.109711
0,0.453977
0,0.600212
0,0.842121
0,0.862991
0,0.199751
0,0.080632
0,0.551666
1,0.922002
1,0.949457
1,0.943511
1,0.872624
1,0.938533
1,0.720753
1,0.937992
1,0.931105
1,0.853750
1,0.854278
1,0.152302
1,0.934826
1,0.135063
1,0.918908
1,0.905072
1,0.766384
1,0.908846
1,0.844558
1,0.930878
1,0.921469
1,0.928812
1,0.903278
1,0.920136
1,0.580346
1,0.844209
1,0.923685
1,0.905731
1,0.913819
1,0.950916
1,0.933733
1,0.946415
1,0.918380
1,0.910238
1,0.875562
1,0.581466
1,0.595345
1,0.224085
1,0.710967
1,0.244593
1,0.854278
1,0.919475
1,0.924235
1,0.941516
1,0.937813
1,0.935985
1,0.916353
1,0.845911
1,0.838525
1,0.890026
1,0.368793
1,0.920822
1,0.872663
1,0.935154
1,0.931786
1,0.944950
1,0.932758
1,0.941635
1,0.930226
1,0.916184
1,0.919388
1,0.894588
1,0.923165
1,0.918109
1,0.625174
1,0.901089
1,0.920429
1,0.950190
1,0.917351
1,0.921962
1,0.935235
1,0.946357
1,0.954162
1,0.922009
1,0.911745
1,0.865254
1,0.930745
1,0.904211
1,0.924225
1,0.934071
1,0.930693
1,0.907686
1,0.912814
1,0.605081
1,0.462362
1,0.436538
1,0.932694
1,0.913856
1,0.885708
1,0.919587
1,0.895188
1,0.914800
1,0.826520
1,0.540920
1,0.911471
1,0.926562
1,0.927901
1,0.910362
1,0.915522
1,0.906544
1,0.840174
1,0.940788
1,0.889076
1,0.953034
1,0.956981
1,0.954994
1,0.964279
1,0.961336
1,0.964098
1,0.953762
1,0.954977
1,0.950575
1,0.945521
1,0.936837
1,0.951244
1,0.954728
1,0.938523
1,0.953958
1,0.953601
1,0.949096
1,0.958023
1,0.952291
1,0.956160
1,0.954819
1,0.958834
1,0.957614
1,0.958942
1,0.940688
1,0.957677
1,0.953862
1,0.948108
1,0.950028
1,0.954927
1,0.937377
1,0.953611
1,0.938771
1,0.946654
1,0.941417
1,0.951342
1,0.951523
1,0.955210
1,0.945582
1,0.938747
1,0.955730
1,0.947198
1,0.958232
1,0.953614
1,0.946261
1,0.958511
1,0.950379
1,0.947398
1,0.947681
1,0.947094
1,0.950490
1,0.952129
1,0.949917
1,0.934224
1,0.944426
1,0.938310
1,0.942209
1,0.947781
1,0.950591
1,0.942089
1,0.945137
1,0.950635
1,0.956915
1,0.951093
1,0.966624
1,0.967749
1,0.963700
1,0.953064
1,0.949658
1,0.946129
1,0.867243
1,0.939420
1,0.954404
1,0.946345
1,0.959591
1,0.957004
1,0.944530
1,0.950136
1,0.944783
1,0.952373
1,0.947762
1,0.952729
1,0.949552
1,0.946546
1,0.950072
1,0.960063
1,0.959102
1,0.956339
1,0.952663
1,0.949878
1,0.949066
1,0.954316
1,0.945877
1,0.948516
1,0.950998
1,0.953718
1,0.956099
1,0.954112
1,0.044427
1,0.607939
1,0.249218
1,0.863731
1,0.039845
1,0.219660
1,0.108048
1,0.960370
1,0.692116
1,0.394365
1,0.437555
1,0.926516
1,0.784611
1,0.864543
1,0.710419
1,0.970401
1,0.854337
1,0.952249
1,0.954420
1,0.907094
1,0.079140
1,0.229717
1,0.750487
1,0.060868
1,0.873848
1,0.906964
1,0.782726
1,0.943308
1,0.383010
1,0.188398
1,0.182886
1,0.255555
1,0.928256
1,0.489442
1,0.697717
1,0.530562
1,0.080205
1,0.115262
1,0.916379
1,0.099829
1,0.681581
1,0.106502
1,0.913471
1,0.954122
1,0.830667
1,0.958536
1,0.904646
1,0.758361
1,0.833367
1,0.065975
1,0.270295
0,0.047349
0,0.050322
0,0.054418
0,0.058567
0,0.054375
0,0.036906
0,0.047262
0,0.061983
0,0.066794
0,0.068557
0,0.048394
0,0.065897
0,0.048483
0,0.057579
0,0.052756
0,0.062697
0,0.052249
0,0.054558
0,0.039960
0,0.053018
0,0.048949
0,0.071375
0,0.058237
0,0.044880
0,0.044841
0,0.069730
0,0.042044
0,0.058811
0,0.067704
0,0.047891
0,0.068124
0,0.050386
0,0.057332
0,0.078201
0,0.051411
0,0.056060
0,0.050073
0,0.053058
0,0.052358
0,0.057697
0,0.072425
0,0.059750
0,0.064001
0,0.047859
0,0.053595
0,0.053495
0,0.059839
0,0.041645
0,0.059779
0,0.049252
0,0.076657
0,0.043624
0,0.066177
0,0.062442
0,0.058416
0,0.055067
0,0.057949
0,0.059154
0,0.069303
0,0.042687
0,0.075836
0,0.041784
0,0.074317
0,0.060914
0,0.066448
0,0.048032
0,0.076457
0,0.044966
0,0.068856
0,0.048314
0,0.065473
0,0.048233
0,0.070328
0,0.046101
0,0.047458
0,0.059757
0,0.046627
0,0.044022
0,0.065167
0,0.058156
0,0.063832
0,0.045232
0,0.050606
0,0.053136
0,0.053784
0,0.048605
0,0.051371
0,0.038357
0,0.044553
0,0.060775
0,0.054001
0,0.055707
0,0.052113
0,0.064438
0,0.058304
0,0.064925
0,0.061728
0,0.057330
0,0.050445
0,0.084706
0,0.043828
0,0.042871
0,0.039094
0,0.040775
0,0.044447
0,0.040835
0,0.025432
0,0.031844
0,0.034261
0,0.032397
0,0.032745
0,0.067196
0,0.039221
0,0.043474
0,0.045812
0,0.043251
0,0.042633
0,0.034212
0,0.047074
0,0.055323
0,0.049635
0,0.043053
0,0.036756
0,0.032037
0,0.035787
0,0.033847
0,0.029160
0,0.038012
0,0.040552
0,0.035704
0,0.046539
0,0.037093
0,0.039091
0,0.041453
0,0.043701
0,0.039150
0,0.049486
0,0.036396
0,0.041893
0,0.039468
0,0.046708
0,0.042574
0,0.042267
0,0.037542
0,0.052663
0,0.021281
0,0.029732
0,0.036849
0,0.040150
0,0.062732
0,0.039201
0,0.049658
0,0.041905
0,0.039916
0,0.043937
0,0.041393
0,0.047430
0,0.047067
0,0.042078
0,0.037736
0,0.040230
0,0.032699
1,0.035636
1,0.062314
1,0.056663
1,0.649566
1,0.045261
1,0.197392
1,0.573215
1,0.951261
1,0.957363
1,0.950347
1,0.950833
1,0.036838
1,0.035617
1,0.080552
1,0.049816
1,0.182627
1,0.106254
1,0.098727
1,0.204442
1,0.219431
1,0.089724
1,0.065973
1,0.805896
1,0.284785
1,0.155766
1,0.074990
1,0.098016
1,0.056497
1,0.085162
1,0.158304
1,0.880712
1,0.566745
1,0.776737
1,0.822957
1,0.279357
1,0.064491
1,0.085174
1,0.109256
1,0.040312
1,0.107593
1,0.170630
1,0.049994
1,0.279339
1,0.044142
1,0.147708
1,0.031909
1,0.055750
1,0.710881
1,0.611398
1,0.795335
1,0.930041
1,0.032996
1,0.035547
1,0.035281
1,0.032573
1,0.080068
1,0.035437
1,0.031664
1,0.049420
1,0.039132
1,0.039976
1,0.035542
1,0.947515
1,0.929038
1,0.934275
1,0.939958
1,0.940010
1,0.904978
1,0.186235
1,0.921700
1,0.887545
1,0.872999
1,0.105164
1,0.194554
1,0.569325
1,0.429928
1,0.903329
1,0.915412
1,0.933946
1,0.840239
1,0.855033
1,0.894208
1,0.902738
1,0.165046
1,0.094009
1,0.169417
1,0.271985
1,0.530300
1,0.658158
1,0.838530
1,0.907011
1,0.931504
1,0.921449
1,0.869284
1,0.269485
1,0.853872
1,0.789322
1,0.119083
1,0.209621
1,0.809269
1,0.892594
1,0.876143
1,0.908558
1,0.517327
1,0.822312
1,0.714624
1,0.339753
1,0.104523
1,0.182510
1,0.118404
1,0.190545
1,0.099978
1,0.597036
1,0.842288
1,0.866346
1,0.905827
1,0.897232
1,0.231402
1,0.208246
1,0.889890
1,0.419921
1,0.055245
1,0.034788
1,0.065600
1,0.126823
1,0.072110
1,0.081253
1,0.097079
1,0.365327
1,0.101864
1,0.881685
1,0.915653
1,0.103502
1,0.213442
1,0.881733
1,0.252897
1,0.891354
1,0.935054
1,0.924118
1,0.930156
1,0.940968
1,0.945520
1,0.915901
1,0.919478
1,0.924539
1,0.884585
0,0.049723
0,0.831384
0,0.094843
0,0.892184
0,0.673198
0,0.869861
0,0.127608
0,0.799144
0,0.082883
0,0.517490
0,0.097223
0,0.081324
0,0.084089
0,0.550374
0,0.557515
0,0.931075
0,0.915206
0,0.934846
0,0.789228
0,0.206251
0,0.404013
0,0.075686
0,0.085859
0,0.111595
0,0.080417
0,0.073576
0,0.073816
0,0.084932
0,0.797502
0,0.915985
0,0.095582
0,0.095362
0,0.063525
0,0.084209
0,0.179185
0,0.086313
0,0.576697
0,0.931282
0,0.933518
0,0.934402
0,0.923984
0,0.922459
0,0.330537
0,0.255419
0,0.180934
0,0.355604
0,0.744052
0,0.233029
0,0.208522
0,0.107251
0,0.140854
0,0.072086
0,0.118499
0,0.085050
0,0.075606
0,0.075567
0,0.080551
0,0.126487
0,0.110993
0,0.135502
0,0.134467
0,0.127087
0,0.266637
0,0.594279
0,0.088801
0,0.900542
0,0.910041
0,0.912979
0,0.147587
0,0.290317
0,0.196167
0,0.278557
0,0.559587
0,0.479858
0,0.937779
0,0.877900
0,0.929509
0,0.923351
0,0.912519
0,0.092524
0,0.144668
0,0.291122
0,0.166391
0,0.431310
0,0.505428
0,0.104139
0,0.119948
0,0.547300
0,0.206418
0,0.131060
0,0.119348
0,0.142971
0,0.097809
0,0.543001
0,0.531176
0,0.121706
0,0.275747
0,0.130706
0,0.764833
0,0.892447
0,0.929910
0,0.927666
0,0.926549
0,0.941750
0,0.919869
0,0.924333
0,0.925072
0,0.939547
0,0.907275
0,0.586405
0,0.898739
0,0.558701
0,0.680492
0,0.845872
0,0.183900
0,0.902027
0,0.892310
0,0.915638
0,0.920263
0,0.132452
0,0.898031
0,0.919750
0,0.866063
0,0.337725
0,0.110821
0,0.135243
0,0.293613
0,0.833766
0,0.347677
0,0.920196
0,0.942467
0,0.930343
0,0.924431
0,0.914561
0,0.906458
0,0.892713
0,0.815255
0,0.652536
0,0.861187
0,0.830249
0,0.857765
0,0.919013
0,0.909740
0,0.915185
0,0.919348
0,0.935740
0,0.737251
0,0.712999
0,0.869805
0,0.929006
0,0.870215
0,0.738941
0,0.941007
0,0.948166
0,0.906633
0,0.875954
0,0.875487
0,0.914544
0,0.921756
0,0.932473
0,0.948591
0,0.888176
0,0.901568
0,0.687910
0,0.857839
0,0.898203
0,0.915136
0,0.917130
0,0.866005
0,0.925823
0,0.710376
0,0.262713
0,0.863774
0,0.183791
0,0.885786
0,0.909929
0,0.933043
0,0.608625
0,0.885851
0,0.850857
0,0.935972
0,0.928438
0,0.923636
0,0.788135
0,0.930181
0,0.226794
0,0.164078
0,0.471657
0,0.823025
0,0.411525
0,0.872810
0,0.534048
0,0.863604
0,0.914423
0,0.707042
0,0.094211
0,0.686684
1,0.938855
1,0.903123
1,0.220729
1,0.956850
1,0.901239
1,0.930738
1,0.951817
1,0.954143
1,0.950284
1,0.935505
1,0.940805
1,0.922968
1,0.939708
1,0.864713
1,0.449195
1,0.702875
1,0.755177
1,0.175290
1,0.923865
1,0.771087
1,0.949133
1,0.799797
1,0.507155
1,0.850292
1,0.855230
1,0.830562
1,0.527979
1,0.953620
1,0.949199
1,0.950357
1,0.899256
1,0.935072
1,0.883014
1,0.921717
1,0.629863
1,0.856398
1,0.927299
1,0.359143
1,0.730300
1,0.506338
1,0.896962
1,0.939949
1,0.933518
1,0.910689
1,0.886462
1,0.281030
1,0.950009
1,0.915874
1,0.828631
1,0.897460
1,0.876908
1,0.896025
1,0.348778
1,0.779677
1,0.930922
1,0.956047
1,0.169242
1,0.855488
1,0.606354
1,0.932542
1,0.330086
1,0.520680
1,0.948961
1,0.848679
1,0.425519
1,0.915645
1,0.941163
1,0.333539
1,0.397447
1,0.093895
1,0.213437
1,0.727606
1,0.926567
1,0.279289
1,0.140179
1,0.900830
1,0.904853
1,0.934138
1,0.862590
1,0.177737
1,0.220844
1,0.082529
1,0.910986
1,0.906242
1,0.940850
1,0.624404
1,0.943996
1,0.782252
1,0.943646
1,0.208608
1,0.878921
1,0.929085
1,0.867091
1,0.117135
1,0.171903
1,0.922475
1,0.875551
1,0.813774
1,0.225688
1,0.593571
1,0.179491
1,0.881241
1,0.945214
1,0.909964
1,0.810766
1,0.960842
1,0.883771
1,0.421900
1,0.953956
1,0.877407
1,0.901332
1,0.942649
1,0.950987
1,0.200786
1,0.047776
1,0.488480
1,0.917891
1,0.887795
1,0.035104
1,0.032146
1,0.160675
1,0.832386
1,0.959121
1,0.948179
1,0.886657
1,0.045227
1,0.947919
1,0.037692
1,0.816980
1,0.945466
1,0.171798
1,0.100359
1,0.053049
1,0.048141
1,0.127126
1,0.028376
1,0.872781
1,0.042503
1,0.950875
1,0.588051
1,0.950715
1,0.963262
1,0.963164
1,0.794175
1,0.945036
1,0.918188
1,0.033560
1,0.359393
1,0.821146
1,0.933016
1,0.941681
1,0.696318
1,0.041979
1,0.119984
1,0.854853
1,0.610379
1,0.630442
1,0.897456
1,0.019573
1,0.088119
1,0.044699
1,0.951699
1,0.956303
1,0.943712
1,0.886652
1,0.959170
1,0.945101
1,0.963517
1,0.071830
1,0.934344
1,0.137533
1,0.379561
1,0.110978
1,0.817822
1,0.844019
1,0.933608
1,0.190337
1,0.465277
1,0.878642
1,0.867126
1,0.072138
1,0.113179
1,0.919281
1,0.641344
1,0.100741
1,0.031755
1,0.578807
1,0.913781
1,0.072382
1,0.863179
1,0.934639
1,0.584031
1,0.071623
1,0.057260
1,0.059858
1,0.044729
1,0.687593
1,0.083509
1,0.969573
1,0.971633
1,0.967658
1,0.973188
1,0.935232
1,0.972054
1,0.973294
1,0.955057
1,0.968323
1,0.963165
1,0.957736
1,0.962746
1,0.963224
1,0.966051
1,0.969397
1,0.966773
1,0.966508
1,0.969040
1,0.969339
1,0.964393
1,0.970836
1,0.970785
1,0.967687
1,0.970693
1,0.972285
1,0.970560
1,0.968757
1,0.971514
1,0.965051
1,0.967073
1,0.968598
1,0.973873
1,0.957407
1,0.968210
1,0.964989
1,0.967761
1,0.968856
1,0.952484
1,0.968229
1,0.960208
1,0.972344
1,0.972422
1,0.974196
1,0.960717
1,0.957583
1,0.963920
1,0.957455
1,0.972039
1,0.930181
1,0.955097
1,0.971956
1,0.966059
1,0.964817
1,0.955559
1,0.965556
1,0.969972
1,0.924204
1,0.961459
1,0.958728
1,0.961972
1,0.964654
1,0.964739
1,0.970557
1,0.963534
1,0.964840
1,0.945489
1,0.964905
1,0.967034
1,0.952708
1,0.964692
1,0.967817
1,0.962059
1,0.966222
1,0.971564
1,0.974128
1,0.963189
1,0.974010
1,0.973513
1,0.966355
1,0.974618
1,0.969767
1,0.972632
1,0.965535
1,0.969774
1,0.875834
1,0.967316
1,0.953610
1,0.909458
1,0.969157
1,0.961232
1,0.966088
1,0.971070
1,0.747516
1,0.966207
1,0.938044
1,0.959984
0,0.041361
0,0.054117
0,0.037003
0,0.049218
0,0.048602
0,0.042732
0,0.035608
0,0.055695
0,0.061082
0,0.060866
0,0.043750
0,0.041341
0,0.063290
0,0.039535
0,0.055664
0,0.051640
0,0.035966
0,0.056915
0,0.047221
0,0.037487
0,0.039729
0,0.045609
0,0.043245
0,0.037304
0,0.046195
0,0.047974
0,0.037326
0,0.044690
0,0.060149
0,0.044343
0,0.039995
0,0.042145
0,0.042942
0,0.051478
0,0.061681
0,0.049247
0,0.037482
0,0.068182
0,0.055173
0,0.050023
0,0.042869
0,0.040826
0,0.050794
0,0.036430
0,0.038336
0,0.035963
0,0.043908
0,0.042578
0,0.043708
0,0.044757
0,0.038192
0,0.045841
0,0.054917
0,0.052925
0,0.043065
0,0.050071
0,0.043790
0,0.028658
0,0.052089
0,0.051527
0,0.072115
0,0.055428
0,0.051690
0,0.031347
0,0.047812
0,0.055088
0,0.928510
0,0.358102
0,0.727775
0,0.921895
0,0.952597
0,0.943410
0,0.902969
0,0.952026
0,0.942373
0,0.929767
0,0.915658
0,0.450081
0,0.946709
0,0.938362
0,0.955583
0,0.949445
0,0.856196
0,0.324128
0,0.664787
0,0.885646
0,0.916585
0,0.904841
0,0.932585
0,0.925346
0,0.902636
0,0.936531
0,0.935738
0,0.238617
0,0.877908
0,0.935396
0,0.953746
0,0.955820
0,0.964724
0,0.962879
0,0.967565
0,0.919446
0,0.943742
0,0.956470
0,0.940693
0,0.699594
0,0.078082
0,0.909525
0,0.372620
0,0.861648
0,0.299538
0,0.683895
0,0.128718
0,0.606326
0,0.101612
0,0.123870
0,0.795166
0,0.911406
0,0.905973
0,0.957640
0,0.909631
0,0.956677
0,0.963388
0,0.955273
0,0.962238
0,0.934502
0,0.936925
0,0.958341
0,0.911251
0,0.876099
0,0.130791
0,0.181079
0,0.927675
0,0.891167
0,0.853643
0,0.764184
0,0.920227
0,0.943219
0,0.733242
0,0.885242
0,0.339371
0,0.821609
1,0.884617
1,0.926907
1,0.908253
1,0.924940
1,0.693055
1,0.925496
1,0.932971
1,0.900423
1,0.918119
1,0.924035
1,0.936032
1,0.898200
1,0.915300
1,0.954761
1,0.871391
1,0.880578
1,0.895729
1,0.187919
1,0.495232
1,0.212156
1,0.894302
1,0.779396
1,0.871588
1,0.272003
1,0.908367
1,0.521072
1,0.854031
1,0.934909
1,0.141340
1,0.909125
1,0.935057
1,0.927023
1,0.924056
1,0.921037
1,0.924206
1,0.912395
1,0.887688
1,0.880694
1,0.858791
1,0.910437
1,0.916325
1,0.908492
1,0.906166
1,0.801237
1,0.573553
1,0.891985
1,0.860141
1,0.873827
1,0.893880
1,0.885397
1,0.929369
1,0.938813
1,0.911695
1,0.297636
1,0.096458
1,0.937421
1,0.929413
1,0.850652
1,0.301604
1,0.866076
1,0.905119
1,0.537068
1,0.836111
1,0.102428
1,0.118562
1,0.927935
1,0.899106
1,0.789675
1,0.760477
1,0.852383
1,0.839443
1,0.633304
1,0.899829
1,0.716790
1,0.847350
1,0.419252
1,0.918486
1,0.925362
1,0.833472
1,0.905753
1,0.886759
1,0.687503
1,0.923861
1,0.932913
1,0.897036
1,0.942459
1,0.918757
1,0.856771
1,0.895283
1,0.926564
1,0.874867
1,0.899811
1,0.872018
1,0.913236
1,0.652891
1,0.912703
1,0.802608
1,0.214221
1,0.927585
1,0.938979
0,0.935974
0,0.958774
0,0.949121
0,0.944572
0,0.929464
0,0.949633
0,0.937042
0,0.942692
0,0.946662
0,0.949498
0,0.954127
0,0.953060
0,0.943011
0,0.955451
0,0.941409
0,0.946951
0,0.940008
0,0.950488
0,0.901869
0,0.956384
0,0.955082
0,0.958334
0,0.951692
0,0.951848
0,0.946733
0,0.956217
0,0.947881
0,0.957642
0,0.940038
0,0.925634
0,0.943033
0,0.949651
0,0.957654
0,0.897429
0,0.950425
0,0.955453
0,0.948730
0,0.951361
0,0.945116
0,0.856648
0,0.952515
0,0.938439
0,0.938502
0,0.943387
0,0.940463
0,0.957537
0,0.941535
0,0.949822
0,0.932543
0,0.774927
0,0.927744
0,0.943840
0,0.929766
0,0.945603
0,0.936397
0,0.898146
0,0.954315
0,0.085248
0,0.079285
0,0.087342
0,0.228318
0,0.084503
0,0.891185
0,0.120218
0,0.638915
0,0.076181
0,0.070362
0,0.081937
0,0.046191
0,0.138613
0,0.080421
0,0.086536
0,0.685993
0,0.870163
0,0.088898
0,0.134623
0,0.906370
0,0.363373
0,0.086931
0,0.118026
0,0.093901
0,0.080506
0,0.443043
0,0.080054
0,0.133608
0,0.088568
0,0.066874
0,0.865079
0,0.561497
0,0.213469
0,0.871983
0,0.108830
0,0.060588
0,0.067262
0,0.107287
0,0.098008
0,0.089405
0,0.087271
0,0.333989
0,0.383966
0,0.101607
0,0.069274
0,0.142733
0,0.908583
0,0.091713
0,0.855422
0,0.680687
0,0.061438
0,0.081777
0,0.587369
0,0.104433
0,0.092624
0,0.193237
0,0.086391
0,0.241831
0,0.097479
0,0.081889
0,0.095038
0,0.112262
0,0.128171
0,0.192056
0,0.119500
0,0.146946
0,0.117045
0,0.087377
0,0.095470
0,0.099343
0,0.108859
0,0.120088
0,0.074598
0,0.055941
0,0.063201
0,0.109934
0,0.176323
0,0.072647
0,0.060984
0,0.072845
0,0.054093
0,0.088122
0,0.086758
0,0.095389
0,0.291495
0,0.177067
0,0.114382
0,0.060665
0,0.073380
0,0.069617
0,0.062758
0,0.294399
0,0.099876
0,0.062516
0,0.056769
0,0.074018
0,0.055838
0,0.086307
0,0.108453
0,0.071379
0,0.965994
0,0.903808
0,0.878085
0,0.910729
0,0.743479
0,0.894219
0,0.943076
0,0.949182
0,0.840438
0,0.899098
0,0.818750
0,0.495241
0,0.731704
0,0.950049
0,0.914032
0,0.900920
0,0.611826
0,0.911528
0,0.636178
0,0.139530
0,0.940297
0,0.951962
0,0.935886
0,0.955149
0,0.962869
0,0.546905
0,0.943540
0,0.918030
0,0.949335
0,0.965904
0,0.960367
0,0.927600
0,0.452726
0,0.499330
0,0.079572
0,0.202632
0,0.913944
0,0.891602
0,0.956884
0,0.957428
0,0.791857
0,0.958405
0,0.936707
0,0.908978
0,0.082394
0,0.741410
0,0.947674
0,0.945194
0,0.963560
0,0.771408
0,0.512452
0,0.918748
0,0.939410
0,0.960204
0,0.090393
0,0.956109
0,0.954453
0,0.936617
0,0.945076
0,0.801656
0,0.695638
0,0.358211
0,0.958025
0,0.910126
0,0.365179
0,0.915742
0,0.116264
0,0.089757
0,0.102842
0,0.095227
0,0.105563
0,0.811581
0,0.941031
0,0.961313
0,0.971001
0,0.962093
0,0.941715
0,0.963856
0,0.963727
0,0.957372
0,0.551597
0,0.953057
0,0.905194
0,0.924953
0,0.942510
0,0.936775
0,0.110539
0,0.721873
0,0.760015
0,0.955540
0,0.754857
0,0.954497
0,0.940663
0,0.962363
0,0.953969
0,0.891361
0,0.834277
0,0.717239
0,0.090563
0,0.922890
0,0.959014
0,0.959073
0,0.964864
0,0.965515
0,0.965635
0,0.960713
0,0.963243
0,0.958374
0,0.963714
0,0.959921
0,0.963655
0,0.959149
0,0.965645
0,0.964873
0,0.963928
0,0.964428
0,0.965044
0,0.963988
0,0.962938
0,0.961722
0,0.965454
0,0.967496
0,0.971872
0,0.969288
0,0.963183
0,0.965968
0,0.966267
0,0.969909
0,0.963429
0,0.968164
0,0.965068
0,0.968977
0,0.966399
0,0.965649
0,0.966025
0,0.963214
0,0.967444
0,0.965480
0,0.963302
0,0.966672
0,0.972853
0,0.965069
0,0.964140
0,0.971067
0,0.965692
0,0.960576
0,0.962238
0,0.958606
0,0.962020
0,0.959040
0,0.968107
0,0.968369
0,0.963562
0,0.961930
0,0.961517
0,0.970716
0,0.969975
0,0.965877
0,0.962248
0,0.961761
0,0.959659
0,0.967329
0,0.958694
0,0.963376
0,0.963221
0,0.970567
0,0.965789
0,0.964260
0,0.964993
0,0.967290
0,0.964116
0,0.965451
0,0.970458
0,0.965282
0,0.972057
0,0.969545
0,0.963807
0,0.969074
0,0.966992
0,0.967509
0,0.967013
0,0.964360
0,0.969317
0,0.970031
0,0.971116
0,0.963928
1,0.936748
1,0.933510
1,0.895063
1,0.907578
1,0.938785
1,0.939400
1,0.945963
1,0.942351
1,0.936850
1,0.928305
1,0.923971
1,0.926530
1,0.929498
1,0.943036
1,0.945261
1,0.948478
1,0.928172
1,0.925444
1,0.919849
1,0.926052
1,0.939176
1,0.935298
1,0.943061
1,0.924292
1,0.921849
1,0.936568
1,0.944710
1,0.950610
1,0.943290
1,0.947665
1,0.943379
1,0.066880
1,0.076904
1,0.075529
1,0.061873
1,0.057873
1,0.075338
1,0.064139
1,0.062602
1,0.060146
1,0.590536
1,0.095564
1,0.125617
1,0.133444
1,0.138730
1,0.171942
1,0.084255
1,0.082905
1,0.093503
1,0.322364
1,0.252872
1,0.125166
1,0.079545
1,0.187204
1,0.644772
1,0.388991
1,0.120448
1,0.126216
1,0.187381
1,0.166358
1,0.342332
1,0.280340
1,0.145607
1,0.485427
1,0.071987
1,0.079273
1,0.097178
1,0.077952
1,0.071632
1,0.087155
1,0.091059
1,0.111097
1,0.091372
1,0.084993
1,0.227653
1,0.067236
1,0.077916
1,0.082869
1,0.097222
1,0.746497
1,0.063112
1,0.068474
1,0.078779
1,0.079416
1,0.091089
1,0.093704
1,0.065665
1,0.081310
1,0.062669
1,0.089747
1,0.135511
1,0.080681
1,0.065836
1,0.064738
1,0.064132
1,0.081667
1,0.068664
1,0.069547
1,0.060553
1,0.064630
1,0.068048
1,0.060541
1,0.069524
1,0.062546
0,0.067785
0,0.074976
0,0.050970
0,0.048350
0,0.046978
0,0.061475
0,0.051205
0,0.076599
0,0.060456
0,0.059638
0,0.063582
0,0.082405
0,0.057449
0,0.064411
0,0.053158
0,0.064664
0,0.080521
0,0.071670
0,0.060420
0,0.105591
0,0.074448
0,0.072104
0,0.060802
0,0.133533
0,0.059454
0,0.058020
0,0.055766
0,0.070457
0,0.070704
0,0.087160
0,0.047217
0,0.048927
0,0.051312
0,0.110667
0,0.070961
0,0.057984
0,0.077888
0,0.132434
0,0.109777
0,0.137072
0,0.060619
0,0.094461
0,0.173120
0,0.067063
0,0.064988
0,0.061058
0,0.075555
0,0.216062
0,0.194743
0,0.066830
0,0.062545
0,0.072715
0,0.071288
0,0.061017
1,0.924833
1,0.938245
1,0.941513
1,0.911760
1,0.874961
1,0.946405
1,0.895756
1,0.952789
1,0.920898
1,0.899715
1,0.781455
1,0.399509
1,0.306109
1,0.883278
1,0.946242
1,0.853111
1,0.629001
1,0.830774
1,0.197820
1,0.907396
1,0.892421
1,0.926000
1,0.935812
1,0.931652
1,0.940814
1,0.934381
1,0.934728
1,0.935039
1,0.927514
1,0.921074
1,0.929967
1,0.795996
1,0.162137
1,0.873993
1,0.933646
1,0.895587
1,0.816073
1,0.935715
1,0.941025
1,0.925072
1,0.385000
1,0.476486
1,0.935148
1,0.943971
1,0.943776
1,0.919617
1,0.921145
1,0.911958
1,0.272860
1,0.874715
1,0.233643
1,0.914157
1,0.923496
1,0.123660
1,0.915142
1,0.925328
1,0.936942
1,0.911456
1,0.708325
1,0.552462
1,0.913170
1,0.078914
1,0.916777
1,0.904486
1,0.884947
1,0.927974
1,0.933246
1,0.909674
1,0.092433
1,0.746466
1,0.916529
1,0.549033
1,0.382618
1,0.733012
1,0.392360
1,0.826578
1,0.933410
1,0.887028
1,0.871933
1,0.711069
1,0.899855
1,0.883602
1,0.906131
1,0.693555
1,0.858910
1,0.944089
1,0.920564
1,0.944682
1,0.946940
1,0.943619
1,0.197407
1,0.935341
1,0.929913
1,0.941936
1,0.147671
1,0.941967
1,0.638658
1,0.944016
0,0.049272
0,0.042056
0,0.041780
0,0.051699
0,0.050240
0,0.057456
0,0.048098
0,0.046686
0,0.058536
0,0.043366
0,0.058189
0,0.066374
0,0.050123
0,0.052599
0,0.084414
0,0.061483
0,0.055777
0,0.055902
0,0.057413
0,0.035061
0,0.045738
0,0.059057
0,0.039724
0,0.045818
0,0.058872
0,0.055115
0,0.059896
0,0.048671
0,0.042477
0,0.054747
0,0.048857
0,0.041305
0,0.062980
0,0.045054
0,0.052471
0,0.053227
0,0.038814
0,0.031689
0,0.039316
0,0.033471
0,0.050505
0,0.024979
0,0.051249
0,0.024286
0,0.031201
0,0.046674
0,0.047400
0,0.040756
0,0.041139
0,0.052862
0,0.067772
0,0.057446
0,0.054154
0,0.036644
0,0.061411
0,0.059780
0,0.047839
0,0.037815
0,0.053451
0,0.055307
0,0.053423
0,0.043815
0,0.034941
0,0.034722
0,0.064866
0,0.037474
0,0.045210
0,0.047782
0,0.037133
0,0.047163
0,0.062095
0,0.062355
0,0.061510
0,0.043809
0,0.054401
0,0.040817
0,0.036902
0,0.037203
0,0.046708
0,0.039716
0,0.041564
0,0.037930
0,0.055540
0,0.932895
0,0.054014
0,0.936602
0,0.940902
0,0.121069
0,0.108813
0,0.113830
0,0.041784
0,0.043268
0,0.045088
0,0.173228
0,0.221430
0,0.931733
0,0.902603
0,0.084886
0,0.061834
0,0.092222
0,0.077960
0,0.171824
0,0.064301
0,0.075791
0,0.072753
0,0.082996
0,0.076842
0,0.098458
0,0.095431
0,0.649129
0,0.410424
0,0.092561
0,0.717602
0,0.096720
0,0.192809
0,0.102494
0,0.093587
0,0.114569
0,0.214823
0,0.095398
0,0.167280
0,0.092906
0,0.218518
0,0.082290
0,0.186770
0,0.176797
0,0.273180
0,0.911005
0,0.776295
0,0.943025
0,0.901755
0,0.921003
0,0.278923
1,0.948893
1,0.944575
1,0.944818
1,0.955812
1,0.955823
1,0.951290
1,0.953094
1,0.952126
1,0.946553
1,0.949507
1,0.956179
1,0.940890
1,0.953687
1,0.960437
1,0.959553
1,0.950076
1,0.949827
1,0.957250
1,0.952402
1,0.962392
1,0.954854
1,0.953243
1,0.956799
1,0.960944
1,0.958078
1,0.955762
1,0.956874
1,0.959613
1,0.959159
1,0.948294
1,0.952227
1,0.951525
1,0.959170
1,0.962199
1,0.961578
1,0.956698
1,0.958229
1,0.962227
1,0.953314
1,0.955861
1,0.952532
1,0.960174
1,0.959370
1,0.958041
1,0.963345
1,0.950759
1,0.940661
1,0.961672
1,0.965866
1,0.964886
1,0.970015
1,0.960965
1,0.973195
1,0.967592
1,0.964274
1,0.967380
1,0.961351
1,0.953213
1,0.965850
1,0.946228
1,0.955775
1,0.956280
1,0.964933
1,0.959595
1,0.961655
1,0.949160
1,0.953170
1,0.957620
1,0.958744
1,0.961926
1,0.962421
1,0.959960
1,0.948071
1,0.954785
1,0.954340
1,0.957799
1,0.956895
1,0.964857
1,0.970277
1,0.969179
1,0.962000
1,0.962949
1,0.960678
1,0.962566
1,0.951281
1,0.959355
1,0.962081
1,0.963729
1,0.958423
1,0.962503
1,0.959316
1,0.954487
1,0.961698
1,0.954585
1,0.959233
1,0.955192
1,0.956329
1,0.960228
1,0.961513
1,0.946560
1,0.044875
1,0.048233
1,0.038699
1,0.097559
1,0.055905
1,0.036652
1,0.041066
1,0.045199
1,0.051365
1,0.087521
1,0.045362
1,0.872629
1,0.043529
1,0.039921
1,0.054006
1,0.046988
1,0.080593
1,0.032914
1,0.076231
1,0.033557
1,0.041175
1,0.040931
1,0.050012
1,0.057395
1,0.067776
1,0.036519
1,0.074275
1,0.065381
1,0.047975
1,0.043775
1,0.043087
1,0.043941
1,0.041705
1,0.028035
1,0.039219
1,0.042447
1,0.059000
1,0.071619
1,0.086565
1,0.080310
1,0.063253
1,0.189258
1,0.072633
1,0.100063
1,0.113450
1,0.048825
1,0.743583
1,0.128654
1,0.040765
1,0.033147
1,0.041026
1,0.049615
1,0.031189
1,0.036386
1,0.119197
1,0.181883
1,0.075295
1,0.043838
1,0.052052
1,0.092630
1,0.054565
1,0.333278
1,0.083522
1,0.077664
1,0.692545
1,0.056252
1,0.046826
1,0.114986
1,0.076774
1,0.870131
1,0.037944
1,0.038682
1,0.046824
1,0.044183
1,0.051178
1,0.034615
1,0.048765
1,0.036436
1,0.049378
1,0.923118
1,0.673838
1,0.046889
1,0.054625
1,0.050279
0,0.126317
0,0.112058
0,0.874096
0,0.732147
0,0.913652
0,0.948566
0,0.943122
0,0.939031
0,0.933191
0,0.920156
0,0.939651
0,0.893972
0,0.951239
0,0.951350
0,0.943542
0,0.947201
0,0.940548
0,0.943713
0,0.933163
0,0.950377
0,0.945411
0,0.932650
0,0.920128
0,0.535081
0,0.873269
0,0.359413
0,0.530249
0,0.679378
0,0.877484
0,0.697622
0,0.609917
0,0.180561
0,0.726382
0,0.149480
0,0.779215
0,0.062139
0,0.838447
0,0.178420
0,0.164847
0,0.096879
0,0.478455
0,0.170688
0,0.399147
0,0.941943
0,0.187946
0,0.922543
0,0.770640
0,0.944644
0,0.947137
0,0.952759
0,0.947649
0,0.945808
0,0.942847
0,0.953486
0,0.108494
0,0.380176
0,0.509470
0,0.313158
0,0.212704
0,0.338764
0,0.080563
0,0.955669
0,0.948392
0,0.951727
0,0.954406
0,0.950979
0,0.954601
0,0.947289
0,0.924077
0,0.949692
