y_true,y_prob
1,0.492823
1,0.509583
1,0.480546
1,0.494369
1,0.503687
1,0.493101
1,0.499286
1,0.500651
1,0.480507
1,0.476169
1,0.475045
1,0.462163
1,0.481008
1,0.488600
1,0.463606
1,0.466715
1,0.443949
1,0.472959
1,0.497118
1,0.484600
1,0.493913
1,0.478399
1,0.460411
1,0.491537
1,0.484243
1,0.476651
1,0.508555
1,0.507527
1,0.495200
1,0.537977
1,0.465742
1,0.499268
1,0.464730
1,0.493131
1,0.478672
1,0.467848
1,0.483518
1,0.468903
1,0.483834
1,0.478292
1,0.492572
1,0.475445
1,0.498135
1,0.481972
1,0.462821
1,0.479363
1,0.476513
1,0.460242
1,0.438632
1,0.464734
1,0.499279
1,0.459480
1,0.483600
1,0.491762
1,0.476844
1,0.510667
1,0.470899
1,0.511885
1,0.455817
1,0.477380
1,0.506724
1,0.484832
1,0.498525
1,0.481647
1,0.474058
1,0.497037
1,0.492687
1,0.460198
1,0.519270
0,0.505627
0,0.494282
0,0.475935
0,0.470300
0,0.469069
0,0.461137
0,0.472763
0,0.496215
0,0.475313
0,0.466636
0,0.446855
0,0.476000
0,0.425603
0,0.463675
0,0.495280
0,0.429819
0,0.464064
0,0.462408
0,0.452798
0,0.472176
0,0.476616
0,0.490382
0,0.453873
0,0.482586
0,0.465290
0,0.464728
0,0.461853
0,0.443444
0,0.441596
0,0.461389
0,0.455653
0,0.456798
0,0.453950
0,0.456182
0,0.475688
0,0.464102
0,0.465716
0,0.436749
0,0.472308
0,0.453393
0,0.468726
0,0.479938
0,0.459440
0,0.441008
0,0.472289
0,0.473383
0,0.436755
0,0.477322
0,0.480844
0,0.472455
0,0.480713
0,0.464305
0,0.459342
0,0.455464
0,0.471006
0,0.450426
0,0.476339
0,0.501850
0,0.444682
0,0.468019
0,0.494620
0,0.463310
0,0.465218
0,0.446882
0,0.440675
0,0.470379
0,0.466369
0,0.471834
0,0.465948
0,0.471381
0,0.482926
0,0.446211
0,0.462446
0,0.471954
0,0.490582
0,0.442569
0,0.473901
0,0.442513
0,0.445219
0,0.465473
0,0.467120
0,0.485694
0,0.449373
0,0.466555
0,0.445710
0,0.461056
0,0.457985
0,0.473436
0,0.476089
0,0.473107
0,0.468175
0,0.455827
0,0.463367
0,0.452425
0,0.475213
0,0.473363
0,0.483562
0,0.475204
0,0.467349
0,0.467043
0,0.490529
0,0.454177
0,0.465386
0,0.470680
0,0.509130
0,0.465576
0,0.491072
0,0.477566
0,0.457055
0,0.495368
0,0.497685
0,0.488318
0,0.481510
0,0.491201
0,0.463482
0,0.509044
0,0.470597
0,0.492984
0,0.455150
0,0.500428
0,0.476709
0,0.472105
0,0.482086
0,0.471254
0,0.471716
0,0.474264
0,0.477638
0,0.478020
0,0.484132
0,0.457382
0,0.475005
0,0.469758
0,0.479348
0,0.475299
0,0.467611
0,0.478305
0,0.474413
0,0.459230
0,0.481556
0,0.476672
0,0.467397
0,0.472973
0,0.498007
0,0.463046
0,0.452258
0,0.472251
0,0.464886
0,0.491223
0,0.479926
0,0.474290
0,0.466272
0,0.470726
0,0.450236
0,0.478001
0,0.492882
0,0.474302
0,0.465891
0,0.470190
0,0.464525
0,0.486597
0,0.454666
0,0.492520
0,0.501278
0,0.472544
0,0.459495
0,0.456921
0,0.484096
0,0.466891
0,0.466019
0,0.491731
0,0.481471
0,0.508239
0,0.485312
0,0.483162
0,0.468346
0,0.459238
0,0.465501
0,0.468821
0,0.467892
0,0.486612
0,0.486771
0,0.464755
0,0.490573
0,0.470154
0,0.487675
0,0.475638
0,0.472149
0,0.485670
0,0.475277
0,0.486956
0,0.457925
0,0.458269
0,0.481942
0,0.482444
0,0.438091
0,0.476530
0,0.468043
0,0.477950
0,0.482573
0,0.466874
1,0.461969
1,0.459719
1,0.461352
1,0.480612
1,0.453989
1,0.494094
1,0.461776
1,0.475972
1,0.488834
1,0.475033
1,0.467815
1,0.488199
1,0.464171
1,0.476141
1,0.466333
1,0.463831
1,0.458316
1,0.473782
1,0.477064
1,0.475051
1,0.468436
1,0.466783
1,0.463436
1,0.470225
1,0.475754
1,0.466870
1,0.497048
1,0.499884
1,0.496608
1,0.490448
1,0.458076
1,0.482370
1,0.476456
1,0.460175
1,0.478613
1,0.497976
1,0.465120
1,0.448904
1,0.482854
1,0.466542
1,0.480285
1,0.485015
1,0.505779
1,0.470671
1,0.477600
1,0.469068
1,0.468887
1,0.495008
1,0.483819
1,0.487459
1,0.468424
1,0.490902
1,0.472602
1,0.476804
1,0.485106
1,0.506944
1,0.452141
1,0.480884
1,0.471455
1,0.477296
1,0.452696
1,0.470301
0,0.457277
0,0.470076
0,0.494454
0,0.486101
0,0.474692
0,0.495546
0,0.473052
0,0.474011
0,0.462823
0,0.467012
0,0.497117
0,0.474391
0,0.481985
0,0.457579
0,0.460502
0,0.438228
0,0.448974
0,0.474446
0,0.469475
0,0.477119
0,0.470564
0,0.455938
0,0.476266
0,0.484317
0,0.482761
0,0.490828
0,0.489873
0,0.498096
0,0.466107
0,0.468380
0,0.485837
0,0.481616
0,0.477719
0,0.465905
0,0.451426
0,0.462292
0,0.482823
0,0.490370
0,0.474788
0,0.481795
0,0.473455
0,0.489368
0,0.475162
0,0.453464
0,0.478391
0,0.491256
0,0.475938
0,0.475329
0,0.481432
0,0.464208
0,0.543591
0,0.531850
0,0.524569
0,0.526906
0,0.522444
0,0.532725
0,0.538088
0,0.536039
0,0.526854
0,0.540928
0,0.519954
0,0.552678
0,0.535141
0,0.551297
0,0.546266
0,0.533925
0,0.547843
0,0.555635
0,0.542159
0,0.543142
0,0.530643
0,0.520461
0,0.540112
0,0.542844
0,0.507508
0,0.536087
0,0.564781
0,0.542117
0,0.528044
0,0.540629
0,0.524415
0,0.569386
0,0.531863
0,0.522510
0,0.535990
0,0.517907
0,0.541852
0,0.522161
0,0.540809
0,0.559613
0,0.536150
0,0.547354
0,0.545685
0,0.543727
0,0.531839
0,0.537754
0,0.557088
0,0.544728
0,0.508109
0,0.529954
0,0.540382
0,0.547769
0,0.553911
0,0.512721
0,0.509310
0,0.553827
0,0.547039
0,0.540229
0,0.563540
0,0.555532
0,0.561865
0,0.568988
0,0.549710
0,0.533553
0,0.551667
0,0.508560
0,0.554680
0,0.546979
0,0.483023
0,0.487777
0,0.478981
0,0.502496
0,0.514775
0,0.497609
0,0.479026
0,0.491957
0,0.498780
0,0.509530
0,0.471260
0,0.529744
0,0.509988
0,0.505468
0,0.492860
0,0.503523
0,0.479055
0,0.468645
0,0.519316
0,0.505298
0,0.489020
0,0.481445
0,0.484663
0,0.485822
0,0.493660
0,0.483929
0,0.466530
0,0.483375
0,0.512250
0,0.533475
0,0.508781
0,0.481267
0,0.482746
0,0.502515
0,0.481926
0,0.475370
0,0.492920
0,0.493190
0,0.486331
0,0.479706
0,0.478578
0,0.512013
0,0.483744
0,0.515473
0,0.518214
0,0.495605
0,0.505902
0,0.521682
0,0.498530
0,0.506720
0,0.497377
0,0.510828
0,0.504448
0,0.478256
0,0.510691
0,0.522011
0,0.478908
0,0.460744
0,0.472029
0,0.496297
0,0.491850
0,0.495119
0,0.504590
0,0.492380
0,0.511528
0,0.494270
0,0.485570
0,0.518037
0,0.493969
0,0.521755
0,0.480966
0,0.484876
0,0.489804
0,0.520636
0,0.497655
0,0.481771
0,0.506712
0,0.483109
0,0.488489
0,0.492029
0,0.474599
0,0.478688
0,0.517181
0,0.489440
0,0.492406
0,0.469289
0,0.484481
0,0.501412
0,0.514298
0,0.479299
0,0.521613
0,0.510970
0,0.518368
0,0.488581
0,0.487061
0,0.471396
0,0.467437
0,0.483404
0,0.510535
0,0.500905
0,0.512366
0,0.508286
0,0.474424
0,0.473898
0,0.507366
0,0.460903
0,0.480499
0,0.470630
0,0.472762
0,0.494771
0,0.480552
0,0.525334
0,0.486617
0,0.519299
0,0.482549
0,0.482850
0,0.461261
0,0.482545
0,0.502043
0,0.513984
0,0.505138
0,0.494321
0,0.485141
0,0.486812
0,0.488974
0,0.477308
0,0.504392
0,0.472758
0,0.479518
0,0.494545
0,0.442397
0,0.508517
0,0.529094
0,0.490722
0,0.507304
0,0.505424
0,0.487660
0,0.473315
0,0.502207
0,0.479303
0,0.497492
0,0.460024
0,0.450550
0,0.471416
0,0.481332
0,0.530869
0,0.476874
0,0.491638
0,0.485648
0,0.487773
0,0.483839
0,0.481623
0,0.479202
0,0.476360
0,0.489550
0,0.449890
0,0.469193
0,0.458194
0,0.448038
0,0.470647
0,0.445677
0,0.460244
0,0.468425
0,0.460978
0,0.505662
0,0.462206
0,0.486663
0,0.470967
0,0.473599
0,0.515211
0,0.471058
0,0.501251
0,0.489494
0,0.487356
0,0.464254
0,0.481711
0,0.509084
0,0.478773
0,0.474945
0,0.502910
0,0.480226
0,0.492833
0,0.480693
0,0.497077
0,0.476871
0,0.493001
0,0.453866
0,0.494492
0,0.471015
0,0.503769
0,0.488304
0,0.499157
0,0.484989
0,0.506863
0,0.459639
0,0.486861
0,0.479995
0,0.496012
0,0.468301
0,0.499384
1,0.472208
1,0.498113
1,0.480754
1,0.477860
1,0.521259
1,0.471998
1,0.524575
1,0.489396
1,0.472895
1,0.495488
1,0.478756
1,0.494726
1,0.446032
1,0.468017
1,0.490914
1,0.459820
1,0.471302
1,0.492086
1,0.509030
1,0.507083
1,0.465202
1,0.482526
1,0.493244
1,0.488132
1,0.473632
1,0.493590
1,0.459601
1,0.466963
1,0.493347
1,0.464726
1,0.476516
1,0.457034
1,0.470079
1,0.483060
1,0.470632
1,0.478671
1,0.465816
1,0.503678
1,0.484403
1,0.513351
1,0.496328
1,0.491639
1,0.484823
1,0.494534
1,0.485158
1,0.503715
1,0.491318
1,0.510644
1,0.518586
1,0.464758
1,0.475765
1,0.493027
1,0.467882
1,0.492615
1,0.480056
1,0.466945
1,0.484491
1,0.482475
1,0.483761
1,0.492895
1,0.469270
1,0.487129
1,0.527279
1,0.468876
1,0.484759
1,0.502748
1,0.505200
1,0.473124
1,0.493236
1,0.494654
1,0.484979
1,0.485719
1,0.503361
1,0.498324
1,0.493206
1,0.456250
1,0.449932
1,0.481559
1,0.478876
1,0.481543
1,0.465594
1,0.450287
1,0.474405
1,0.483854
1,0.481586
1,0.479221
1,0.462950
1,0.480433
1,0.455204
1,0.483016
1,0.508167
1,0.478643
1,0.498493
1,0.510771
1,0.466050
1,0.452126
1,0.488022
1,0.478261
1,0.496234
1,0.483544
0,0.476927
0,0.520140
0,0.525551
0,0.481472
0,0.507472
0,0.471756
0,0.454623
0,0.464143
0,0.508698
0,0.470505
0,0.495457
0,0.470550
0,0.486856
0,0.462330
0,0.466086
0,0.488628
0,0.494564
0,0.498645
0,0.471269
0,0.467800
0,0.476519
0,0.511782
0,0.521737
0,0.482886
0,0.477255
0,0.471409
0,0.506741
0,0.503734
0,0.474808
0,0.490217
0,0.497464
0,0.498531
0,0.459095
0,0.489404
0,0.478607
0,0.503661
0,0.472849
0,0.517210
0,0.486700
0,0.472025
0,0.482424
0,0.513011
0,0.472770
0,0.516065
0,0.499279
0,0.483582
0,0.510149
0,0.481456
0,0.467879
0,0.492274
0,0.485550
0,0.468716
0,0.485795
0,0.479996
0,0.490021
0,0.473956
0,0.491994
0,0.496860
0,0.475584
0,0.492357
0,0.484120
0,0.506295
0,0.504594
0,0.483686
0,0.492044
0,0.495033
0,0.459232
0,0.481586
0,0.492473
0,0.470640
0,0.483779
0,0.467660
0,0.460861
0,0.499677
0,0.475167
0,0.461045
0,0.489964
0,0.506934
0,0.482949
0,0.486855
0,0.503597
0,0.466208
0,0.487048
0,0.472141
0,0.494920
0,0.490664
0,0.513194
0,0.498174
0,0.503451
0,0.467854
0,0.460438
0,0.462969
0,0.488646
0,0.503587
0,0.492338
0,0.492785
0,0.494570
0,0.474603
0,0.519068
0,0.499915
0,0.564141
0,0.543128
0,0.545017
0,0.510064
0,0.532474
0,0.546316
0,0.570416
0,0.547399
0,0.542978
0,0.530949
0,0.525505
0,0.530815
0,0.522455
0,0.525531
0,0.542426
0,0.530586
0,0.509103
0,0.541334
0,0.547708
0,0.553589
0,0.545838
0,0.537811
0,0.544213
0,0.523982
0,0.537250
0,0.515179
0,0.532367
0,0.544813
0,0.528802
0,0.537845
0,0.514090
0,0.510550
0,0.534985
0,0.542463
0,0.502850
0,0.547808
0,0.542678
0,0.544793
0,0.532256
0,0.547740
0,0.556680
0,0.539543
0,0.537669
0,0.530551
0,0.513739
0,0.534408
0,0.534053
0,0.528549
0,0.538222
0,0.545547
0,0.505562
0,0.546565
0,0.511835
0,0.543430
0,0.518460
0,0.546665
0,0.526745
0,0.520489
0,0.571101
0,0.514835
0,0.530820
0,0.538603
0,0.538074
0,0.549666
0,0.552402
0,0.542378
0,0.507863
0,0.531116
0,0.538693
0,0.532607
0,0.536662
0,0.501264
0,0.496625
0,0.534776
0,0.543830
0,0.542124
0,0.524992
0,0.544345
0,0.531507
0,0.553147
0,0.528812
0,0.559433
0,0.555800
0,0.531423
0,0.506435
0,0.525169
0,0.526952
0,0.507819
0,0.541247
0,0.553085
0,0.521287
0,0.543784
0,0.550309
0,0.531316
0,0.546931
0,0.539877
0,0.553030
0,0.541109
0,0.536779
0,0.539044
0,0.526853
0,0.534770
0,0.508111
0,0.495559
0,0.520036
0,0.512900
0,0.491708
0,0.515173
0,0.508661
0,0.515572
0,0.497869
0,0.537484
0,0.508471
0,0.534338
0,0.467941
0,0.474626
0,0.504768
0,0.485133
0,0.497849
0,0.506124
0,0.525173
0,0.497508
0,0.492687
0,0.488772
0,0.495268
0,0.486057
0,0.485085
0,0.502015
0,0.514553
0,0.498958
0,0.498466
0,0.530090
0,0.493649
0,0.481694
0,0.491658
0,0.498551
0,0.516433
0,0.496882
0,0.475308
0,0.503002
0,0.510867
0,0.494678
0,0.542233
0,0.482607
0,0.496253
0,0.507829
0,0.460643
0,0.489790
0,0.525815
0,0.490483
0,0.442004
0,0.472869
0,0.499867
0,0.508054
0,0.519421
0,0.504560
0,0.510478
0,0.517567
0,0.497335
0,0.469392
0,0.459478
0,0.475637
0,0.471933
0,0.522770
0,0.502499
0,0.513014
0,0.504562
0,0.507798
0,0.475352
0,0.502299
0,0.508217
0,0.502918
0,0.540406
0,0.498303
0,0.516536
0,0.457117
0,0.482952
0,0.499437
0,0.472902
0,0.486813
0,0.520783
0,0.494052
0,0.520120
0,0.513409
0,0.470293
0,0.490746
0,0.496895
0,0.480635
0,0.521098
0,0.490011
0,0.505297
0,0.499505
0,0.513111
0,0.515360
0,0.537671
0,0.507140
0,0.488432
0,0.519869
0,0.477805
0,0.486578
0,0.500355
0,0.490874
0,0.485932
0,0.471784
0,0.512528
0,0.493308
0,0.507142
0,0.507845
0,0.493443
0,0.500067
0,0.497432
0,0.491977
0,0.483629
0,0.498931
0,0.486778
0,0.508779
0,0.495965
0,0.499789
0,0.473565
0,0.504521
0,0.486305
0,0.495286
0,0.479707
0,0.525539
0,0.493609
0,0.482321
0,0.481073
0,0.506136
0,0.504358
0,0.472589
0,0.497770
0,0.491319
0,0.493379
0,0.469929
0,0.489577
0,0.500465
0,0.509224
0,0.485271
0,0.518239
0,0.478542
0,0.494345
0,0.507213
0,0.497233
0,0.496591
0,0.478988
0,0.500272
0,0.487866
0,0.513966
0,0.489091
0,0.503714
0,0.497855
0,0.497976
0,0.495850
0,0.482025
0,0.518050
0,0.489608
0,0.481243
0,0.508005
0,0.508769
0,0.476036
0,0.485257
0,0.485917
0,0.489522
0,0.477034
0,0.473103
0,0.531075
0,0.505007
0,0.470270
0,0.484725
0,0.484415
0,0.496549
0,0.513991
0,0.511799
0,0.491966
0,0.494577
0,0.464383
0,0.497448
0,0.473173
0,0.488926
0,0.506409
0,0.481722
0,0.502777
0,0.463447
0,0.489549
0,0.492953
0,0.480028
0,0.468120
0,0.494800
0,0.484672
0,0.487916
0,0.481704
0,0.482763
0,0.497382
0,0.477650
0,0.485426
0,0.487172
1,0.491136
1,0.450328
1,0.485615
1,0.485214
1,0.498413
1,0.454227
1,0.485141
1,0.467449
1,0.463802
1,0.456687
1,0.498597
1,0.485843
1,0.471600
1,0.484841
1,0.501149
1,0.480149
1,0.473321
1,0.503225
1,0.468293
1,0.465257
1,0.471378
1,0.485978
1,0.522805
1,0.476237
1,0.513199
1,0.487919
1,0.477458
1,0.484190
1,0.482202
1,0.476403
1,0.482637
1,0.490492
1,0.477708
1,0.472127
1,0.487075
1,0.490490
1,0.488063
1,0.489218
1,0.499476
1,0.453266
1,0.470383
1,0.468752
1,0.477655
1,0.474809
1,0.497394
1,0.471066
1,0.478288
1,0.465830
1,0.458274
1,0.470074
1,0.464830
1,0.469889
1,0.496553
1,0.489654
1,0.469173
1,0.474561
1,0.490545
1,0.475533
1,0.471592
1,0.462197
1,0.482686
1,0.479417
1,0.491799
1,0.482524
1,0.492017
1,0.484468
1,0.495925
1,0.496563
1,0.451260
1,0.473372
1,0.476939
1,0.492629
1,0.463888
1,0.451340
1,0.463695
1,0.460662
1,0.505568
1,0.493421
1,0.500709
1,0.459731
1,0.474254
1,0.461693
1,0.460784
1,0.485276
1,0.468568
1,0.473233
1,0.476044
1,0.490063
1,0.467665
1,0.470803
1,0.485013
1,0.444628
1,0.488871
1,0.476332
1,0.487287
1,0.474716
1,0.496328
1,0.468714
1,0.480222
1,0.492782
0,0.482698
0,0.482259
0,0.511261
0,0.523367
0,0.520769
0,0.528299
0,0.484536
0,0.517464
0,0.490072
0,0.492650
0,0.495359
0,0.510327
0,0.499099
0,0.483774
0,0.489164
0,0.480255
0,0.504107
0,0.505312
0,0.505075
0,0.504623
0,0.479233
0,0.511697
0,0.500813
0,0.495675
0,0.516858
0,0.524234
0,0.475573
0,0.509485
0,0.506974
0,0.494620
0,0.505337
0,0.508797
0,0.499082
0,0.514645
0,0.501215
0,0.532085
0,0.535107
0,0.518076
0,0.496174
0,0.517670
0,0.516056
0,0.499968
0,0.509515
0,0.501535
0,0.493226
0,0.526775
0,0.517219
0,0.484987
0,0.515125
0,0.516721
0,0.481979
0,0.510936
0,0.497966
0,0.516571
0,0.516895
0,0.505799
0,0.498745
0,0.497378
0,0.499365
0,0.507978
0,0.492121
0,0.501366
0,0.499017
0,0.505486
0,0.514080
0,0.520667
0,0.506548
0,0.509962
0,0.520079
0,0.469636
0,0.497823
0,0.511235
0,0.489445
0,0.497825
1,0.478375
1,0.508495
1,0.498836
1,0.534517
1,0.491880
1,0.537471
1,0.481609
1,0.550412
1,0.527443
1,0.502878
1,0.498194
1,0.495055
1,0.485124
1,0.538411
1,0.517186
1,0.514923
1,0.516781
1,0.485268
1,0.487441
1,0.521793
1,0.511866
1,0.527621
1,0.508005
1,0.536007
1,0.489885
1,0.482848
1,0.523244
1,0.503254
1,0.489857
1,0.507266
1,0.501049
1,0.494618
1,0.502474
1,0.493392
1,0.526288
1,0.531225
1,0.514006
1,0.536118
1,0.517338
1,0.489860
1,0.511433
1,0.504569
1,0.522954
1,0.487124
1,0.510356
1,0.481014
1,0.518226
1,0.491229
1,0.536418
1,0.501661
1,0.504661
1,0.513412
1,0.509503
1,0.494634
1,0.520376
1,0.535314
1,0.540459
1,0.516223
1,0.520842
1,0.496319
1,0.526218
1,0.512390
1,0.512240
1,0.505031
1,0.523137
1,0.513514
1,0.544044
1,0.532342
1,0.520487
1,0.509654
1,0.504152
1,0.483730
1,0.484066
1,0.509191
1,0.507442
1,0.500562
1,0.528601
1,0.520097
1,0.520604
1,0.494009
1,0.505463
1,0.518575
1,0.500562
1,0.530599
1,0.489093
1,0.504737
1,0.486884
1,0.509019
1,0.508815
1,0.488772
1,0.505599
1,0.501151
1,0.513905
1,0.506786
1,0.505684
1,0.517594
1,0.493544
1,0.500063
1,0.493856
1,0.529099
1,0.506121
1,0.511515
1,0.511855
1,0.491341
1,0.514244
1,0.532980
1,0.507269
1,0.523149
1,0.502976
1,0.524070
1,0.513047
1,0.509327
1,0.502169
1,0.518524
1,0.503284
1,0.493540
1,0.491508
1,0.494584
1,0.509790
1,0.490248
1,0.523967
1,0.520592
1,0.492269
1,0.508679
1,0.489372
1,0.486715
1,0.490929
1,0.499238
1,0.504796
1,0.510218
1,0.511586
1,0.491097
1,0.512928
1,0.490449
1,0.503504
1,0.491162
1,0.513941
1,0.499395
1,0.471572
1,0.519016
1,0.505758
1,0.480480
1,0.495493
1,0.505581
1,0.483686
1,0.510527
1,0.479443
1,0.497051
1,0.487947
1,0.501325
1,0.512843
1,0.490881
1,0.495301
1,0.510612
1,0.464704
1,0.506177
1,0.495834
1,0.506331
1,0.484292
1,0.500636
1,0.481603
1,0.470919
1,0.460282
1,0.491714
1,0.479820
1,0.476814
1,0.488559
1,0.476075
1,0.487286
1,0.474040
1,0.475018
1,0.490990
1,0.482742
1,0.494682
1,0.492662
1,0.455031
1,0.464494
1,0.489759
1,0.468560
1,0.461696
1,0.486393
1,0.499540
1,0.487977
1,0.494811
1,0.466839
1,0.475251
1,0.478692
1,0.473357
1,0.489154
1,0.471239
1,0.494209
1,0.500200
1,0.492132
1,0.480470
1,0.479159
1,0.474346
1,0.496756
1,0.474437
1,0.503914
1,0.475298
1,0.490049
1,0.472646
1,0.471339
1,0.504675
1,0.493950
1,0.473165
1,0.474988
1,0.487226
1,0.494221
1,0.507364
1,0.508656
1,0.489860
1,0.449650
1,0.488415
1,0.487006
1,0.519054
1,0.475828
1,0.489552
1,0.508076
1,0.485361
1,0.472191
1,0.502525
1,0.477800
1,0.475506
1,0.482825
1,0.475256
1,0.469961
1,0.491111
1,0.486495
1,0.483826
1,0.485010
1,0.488783
1,0.485166
1,0.481511
1,0.495475
1,0.459757
1,0.486980
1,0.491316
1,0.486155
1,0.490015
1,0.475353
1,0.480943
1,0.523241
1,0.471319
1,0.471034
1,0.466642
1,0.476100
1,0.492206
1,0.464346
1,0.507077
1,0.495021
1,0.494823
1,0.509049
1,0.495616
1,0.481126
1,0.469171
1,0.477784
1,0.490938
1,0.459492
1,0.464510
1,0.461010
1,0.474530
1,0.465797
1,0.478948
1,0.456297
1,0.459942
1,0.440776
1,0.456313
1,0.465892
1,0.471652
1,0.459876
1,0.461002
1,0.464798
1,0.460073
1,0.500772
1,0.468549
1,0.448678
1,0.452400
1,0.462996
1,0.442605
1,0.482327
1,0.473370
1,0.460843
1,0.453451
1,0.447909
1,0.470551
1,0.467074
1,0.444546
1,0.466440
1,0.460704
1,0.454094
1,0.471070
1,0.441434
1,0.462943
1,0.468594
1,0.482118
1,0.455356
1,0.439281
1,0.451836
1,0.464924
1,0.440028
1,0.461295
1,0.441067
1,0.494297
1,0.450476
1,0.463850
1,0.421485
1,0.451073
1,0.448011
1,0.433597
1,0.444968
1,0.482112
1,0.431425
1,0.480477
1,0.484585
1,0.468327
1,0.483751
1,0.484819
1,0.447110
1,0.428993
1,0.464825
1,0.450020
1,0.471567
1,0.463090
1,0.456809
1,0.453631
1,0.457315
1,0.430231
1,0.434151
1,0.432817
1,0.444600
1,0.485233
1,0.439997
1,0.459571
1,0.427890
1,0.469761
1,0.444754
1,0.442420
1,0.428581
1,0.443864
1,0.436068
1,0.449969
1,0.449847
1,0.454592
1,0.437462
1,0.471132
1,0.440266
1,0.455928
1,0.447243
1,0.444357
1,0.456686
1,0.417013
1,0.446041
1,0.472513
1,0.448215
1,0.443039
1,0.450307
1,0.438575
1,0.451800
1,0.418340
1,0.433405
1,0.438757
1,0.434805
1,0.445156
1,0.474529
1,0.456227
1,0.458809
1,0.450635
1,0.417735
1,0.444494
1,0.456947
1,0.459073
1,0.466936
1,0.431090
1,0.420214
1,0.470929
1,0.432538
1,0.465814
1,0.437333
1,0.443832
1,0.440551
1,0.481069
1,0.465946
1,0.452471
1,0.469659
1,0.449503
1,0.403534
1,0.441512
1,0.432151
1,0.439705
1,0.479129
1,0.478305
1,0.417639
1,0.460679
1,0.434221
1,0.471341
1,0.457988
1,0.461091
1,0.464514
1,0.449004
1,0.480932
1,0.463701
1,0.444840
1,0.477129
1,0.478103
1,0.474702
1,0.485533
1,0.454526
1,0.486938
1,0.472349
1,0.477137
1,0.453815
1,0.465933
1,0.461395
1,0.448064
1,0.500569
1,0.472571
1,0.468424
1,0.493063
1,0.459089
1,0.478809
1,0.470150
1,0.454996
1,0.450709
1,0.463518
1,0.442122
1,0.470100
1,0.464404
1,0.461486
1,0.435990
1,0.471934
1,0.436354
1,0.485666
1,0.483584
1,0.462061
1,0.504209
1,0.462930
1,0.483957
1,0.457657
1,0.486813
1,0.464267
1,0.462766
1,0.450880
1,0.455636
1,0.462225
1,0.451667
1,0.471337
1,0.489484
1,0.467968
1,0.461503
1,0.465868
1,0.462151
1,0.478641
1,0.471587
1,0.481614
1,0.467083
1,0.472600
1,0.465201
1,0.467647
1,0.473812
1,0.455097
1,0.482806
1,0.478200
1,0.485766
1,0.437822
1,0.442224
1,0.470076
1,0.492297
1,0.483346
1,0.436354
1,0.462822
1,0.464835
1,0.467312
1,0.444933
1,0.474526
1,0.475700
1,0.484634
1,0.483830
1,0.468185
1,0.463342
1,0.488248
1,0.464948
1,0.484304
1,0.476784
1,0.484952
1,0.486694
1,0.482660
1,0.487446
1,0.447294
1,0.463415
1,0.427815
1,0.462482
1,0.480685
1,0.472839
1,0.480385
1,0.488433
1,0.468500
1,0.451277
1,0.494210
1,0.486779
1,0.460148
1,0.494614
1,0.497285
1,0.465921
1,0.473586
1,0.498159
1,0.481849
1,0.493149
1,0.464028
1,0.475684
1,0.503082
1,0.466759
1,0.487858
1,0.481031
1,0.457696
1,0.490199
1,0.488800
1,0.493443
1,0.515216
1,0.505558
1,0.471863
1,0.479154
1,0.471569
1,0.493545
1,0.481537
1,0.468687
1,0.498387
1,0.477750
1,0.490300
1,0.491781
1,0.477497
0,0.448381
0,0.465641
0,0.443889
0,0.450893
0,0.467969
0,0.472555
0,0.465171
0,0.463907
0,0.485067
0,0.472245
0,0.467327
0,0.480795
0,0.471205
0,0.479461
0,0.469050
0,0.480826
0,0.467156
0,0.468276
0,0.487336
0,0.469286
0,0.450752
0,0.456885
0,0.450331
0,0.471416
0,0.489249
0,0.509430
0,0.474489
0,0.455982
0,0.467632
0,0.469803
0,0.494837
0,0.453472
0,0.458722
0,0.483990
0,0.484738
0,0.467800
0,0.458367
0,0.457352
0,0.478731
0,0.466510
0,0.463926
0,0.450196
0,0.484850
0,0.469968
0,0.446981
0,0.460382
0,0.481601
0,0.478629
0,0.486170
0,0.473245
0,0.455041
0,0.475121
0,0.480665
0,0.456152
0,0.459213
0,0.460417
0,0.464928
0,0.467482
0,0.473629
0,0.465793
0,0.485550
0,0.489125
0,0.444382
0,0.455814
0,0.456114
0,0.438247
0,0.469226
0,0.464419
0,0.454598
0,0.498425
0,0.458381
0,0.466248
0,0.465457
0,0.494858
0,0.471721
0,0.495616
0,0.479547
0,0.468847
0,0.466619
0,0.491491
0,0.481465
0,0.470278
0,0.452369
0,0.473442
0,0.453721
0,0.456704
0,0.457674
0,0.477788
0,0.475702
0,0.468796
0,0.475018
0,0.478361
0,0.460849
0,0.494654
0,0.492500
0,0.500612
0,0.476193
0,0.478117
0,0.476765
0,0.453407
0,0.496326
0,0.485856
0,0.458017
0,0.491579
0,0.471558
0,0.498717
0,0.485753
0,0.503139
0,0.473388
0,0.469510
0,0.493358
0,0.516716
0,0.486281
0,0.487793
0,0.502804
0,0.485482
0,0.489689
0,0.479094
0,0.497426
0,0.487562
0,0.450715
0,0.495181
0,0.468746
0,0.501528
0,0.461340
0,0.497037
0,0.464498
0,0.464168
0,0.479593
0,0.451658
0,0.507896
0,0.463686
0,0.485261
0,0.471762
0,0.478320
0,0.485845
0,0.482531
0,0.472608
0,0.471307
0,0.456898
0,0.497022
0,0.479003
0,0.453795
0,0.451968
0,0.495198
0,0.508344
0,0.488150
0,0.500072
0,0.464928
0,0.479555
0,0.492200
0,0.477827
0,0.479860
0,0.473298
0,0.463044
0,0.439196
0,0.449583
0,0.493188
0,0.491877
0,0.461379
0,0.485064
0,0.490845
0,0.454929
0,0.483245
0,0.485277
0,0.489684
0,0.485732
0,0.492858
0,0.452742
0,0.472563
0,0.473868
0,0.497760
0,0.472793
0,0.478260
0,0.491179
0,0.488596
0,0.458639
0,0.489419
0,0.479265
0,0.479648
0,0.481679
0,0.488563
0,0.468519
0,0.453110
0,0.461229
0,0.468710
0,0.461747
0,0.473705
0,0.480842
0,0.500178
0,0.506045
1,0.500291
1,0.481517
1,0.486423
1,0.471098
1,0.481792
1,0.475773
1,0.478364
1,0.498550
1,0.465093
1,0.478459
1,0.483802
1,0.491090
1,0.485894
1,0.485060
1,0.495917
1,0.479539
1,0.476676
1,0.481558
1,0.478226
1,0.507492
1,0.478335
1,0.484731
1,0.503134
1,0.468306
1,0.485614
1,0.503392
1,0.468222
1,0.513936
1,0.460424
1,0.492977
1,0.502330
1,0.518422
1,0.475931
1,0.490640
1,0.494440
1,0.518730
1,0.472594
1,0.477262
1,0.491165
1,0.483445
1,0.489980
1,0.503700
1,0.507436
1,0.481351
1,0.467811
1,0.509269
1,0.496441
1,0.495259
1,0.480063
1,0.489434
1,0.486583
1,0.446290
1,0.479054
1,0.492017
1,0.468213
1,0.492151
1,0.475321
1,0.483564
1,0.485875
1,0.493942
1,0.494766
1,0.479046
1,0.494078
1,0.477197
1,0.480964
1,0.465376
1,0.486210
1,0.480486
1,0.486747
1,0.503291
1,0.521916
1,0.516507
1,0.496588
1,0.497702
1,0.480052
1,0.443476
1,0.499447
1,0.483884
1,0.503649
1,0.492722
1,0.499805
1,0.493455
1,0.493906
1,0.460786
1,0.477203
1,0.479271
1,0.468945
1,0.492908
1,0.493532
1,0.473706
1,0.499376
1,0.480677
1,0.493508
1,0.469313
1,0.486358
1,0.486082
1,0.478302
1,0.482741
1,0.477442
1,0.499220
1,0.501859
1,0.505629
1,0.512262
1,0.514818
1,0.501441
1,0.527853
1,0.519259
1,0.522439
1,0.481853
1,0.492055
1,0.504701
1,0.502927
1,0.479053
1,0.500786
1,0.493041
1,0.491890
1,0.514180
1,0.485592
1,0.525956
1,0.492858
1,0.506748
1,0.510572
1,0.501844
1,0.515473
1,0.496474
1,0.492257
1,0.526456
1,0.526156
1,0.502438
1,0.479762
1,0.489537
1,0.521136
1,0.492782
1,0.542315
1,0.517716
1,0.507351
1,0.514299
1,0.490477
1,0.508780
1,0.504272
1,0.520983
1,0.517254
1,0.514339
1,0.508293
1,0.507970
1,0.515427
1,0.483151
1,0.519801
1,0.512318
1,0.494583
1,0.500768
1,0.499931
1,0.485827
1,0.520593
1,0.486008
1,0.494092
1,0.490276
1,0.507079
1,0.508225
1,0.525241
1,0.500327
1,0.522114
1,0.480958
1,0.481721
1,0.487569
1,0.468241
1,0.486600
1,0.481509
1,0.441330
1,0.446258
1,0.470804
1,0.494670
1,0.468774
1,0.480196
1,0.488912
1,0.429915
1,0.448516
1,0.455300
1,0.460566
1,0.437585
1,0.456094
1,0.463139
1,0.475372
1,0.464533
1,0.467291
1,0.467748
1,0.450615
1,0.469858
1,0.456231
1,0.473708
1,0.450759
1,0.472993
1,0.450025
1,0.489847
1,0.462169
1,0.478993
1,0.416485
1,0.483526
1,0.464021
1,0.474533
1,0.475975
1,0.488840
1,0.462048
1,0.464145
1,0.473473
1,0.452300
1,0.451364
1,0.472554
1,0.487182
1,0.484367
1,0.464421
1,0.461650
1,0.440339
1,0.470346
1,0.480765
1,0.461306
1,0.480948
1,0.459606
1,0.488935
1,0.475587
1,0.447860
1,0.477407
1,0.484711
1,0.476800
1,0.467974
1,0.461284
1,0.465757
1,0.458899
1,0.477513
1,0.447404
1,0.432728
1,0.461615
1,0.492702
1,0.492353
1,0.485631
1,0.503335
1,0.459121
1,0.491319
1,0.469692
1,0.501260
1,0.476968
1,0.497102
1,0.474153
1,0.508312
1,0.471739
1,0.500507
1,0.475000
1,0.442260
1,0.479469
1,0.446964
1,0.482034
1,0.513594
1,0.510798
1,0.483656
1,0.495994
1,0.534757
1,0.493062
1,0.508013
1,0.495491
1,0.508942
1,0.486066
1,0.474338
1,0.484198
1,0.487181
1,0.500571
1,0.515584
1,0.511739
1,0.497865
1,0.515848
1,0.511457
1,0.483552
1,0.511565
1,0.487809
1,0.514489
1,0.504732
1,0.490221
1,0.502278
1,0.499341
1,0.498881
1,0.481024
1,0.500667
1,0.511547
1,0.514073
1,0.514693
1,0.500514
1,0.476415
1,0.507603
1,0.494095
1,0.508853
1,0.496126
1,0.508428
1,0.481968
1,0.509327
1,0.479066
1,0.472730
1,0.457837
1,0.498758
1,0.471045
1,0.482171
1,0.462358
1,0.480421
1,0.435497
1,0.453487
1,0.515456
1,0.494498
1,0.479565
1,0.488571
1,0.508441
1,0.472740
1,0.513233
1,0.479069
1,0.478853
1,0.483077
1,0.471406
1,0.498553
1,0.496262
1,0.468581
1,0.497094
1,0.491846
1,0.515559
1,0.492804
1,0.493980
1,0.456136
1,0.514428
1,0.487076
1,0.482433
1,0.478817
1,0.460321
1,0.489410
1,0.498207
1,0.468469
1,0.470465
1,0.467409
1,0.474834
1,0.503923
1,0.483451
1,0.504479
1,0.499015
1,0.487263
1,0.489475
1,0.503986
1,0.494630
1,0.500372
1,0.526232
1,0.516974
1,0.526719
1,0.484087
1,0.502990
1,0.473632
1,0.511131
1,0.500391
1,0.495265
1,0.508471
1,0.484461
1,0.517457
1,0.512678
1,0.529527
1,0.488572
1,0.487097
1,0.523139
1,0.510004
1,0.500625
1,0.488531
1,0.492383
1,0.507136
1,0.526668
1,0.523579
1,0.495164
1,0.494511
1,0.512440
1,0.524936
1,0.504447
1,0.505301
1,0.522145
1,0.523252
1,0.505016
1,0.504776
1,0.500274
1,0.499613
1,0.484271
1,0.490166
1,0.475651
1,0.480598
1,0.509095
1,0.500603
1,0.510313
1,0.486748
1,0.504831
1,0.510042
1,0.501674
1,0.470694
1,0.488644
1,0.496166
1,0.483283
1,0.462870
1,0.480711
1,0.490076
1,0.518357
1,0.537295
1,0.549700
1,0.549860
1,0.561233
1,0.531204
1,0.523061
1,0.524906
1,0.495307
1,0.502154
1,0.547324
1,0.524245
1,0.481647
1,0.491223
1,0.490013
1,0.479500
1,0.462860
1,0.514719
1,0.476462
1,0.500261
1,0.519135
1,0.527445
1,0.507883
1,0.490900
1,0.553044
1,0.491564
1,0.504278
1,0.492573
1,0.529978
1,0.507508
1,0.485959
1,0.493511
1,0.483174
1,0.499941
1,0.496638
1,0.519770
1,0.500071
0,0.497752
0,0.487981
0,0.497699
0,0.485956
0,0.503287
0,0.490937
0,0.505755
0,0.468462
0,0.475946
0,0.508782
0,0.487536
0,0.486291
0,0.478319
0,0.477317
0,0.475665
0,0.465523
0,0.471819
0,0.481338
0,0.459469
0,0.495974
0,0.470467
0,0.467065
0,0.478965
0,0.469293
0,0.486719
0,0.481397
0,0.487612
0,0.486996
0,0.479419
0,0.495614
0,0.496015
0,0.483288
0,0.456740
0,0.486853
0,0.498678
0,0.485810
0,0.467272
0,0.478863
0,0.487132
0,0.477925
0,0.482851
0,0.484610
0,0.457223
0,0.468912
0,0.497755
0,0.501507
0,0.490541
0,0.480674
0,0.468803
0,0.497793
0,0.499353
0,0.471469
0,0.474720
0,0.498851
0,0.498086
0,0.477643
0,0.473086
0,0.479244
0,0.480288
0,0.488839
0,0.478204
0,0.492733
0,0.483971
0,0.508166
0,0.468975
0,0.493858
0,0.494405
0,0.489170
0,0.473926
0,0.495327
0,0.501691
0,0.483831
0,0.501144
0,0.492615
0,0.473280
0,0.477840
0,0.502683
0,0.488202
0,0.476791
0,0.488938
0,0.478248
0,0.492466
0,0.495635
0,0.494555
0,0.503558
0,0.463448
0,0.479429
0,0.467257
0,0.476662
0,0.479608
0,0.481864
0,0.480630
0,0.478162
0,0.485205
0,0.490902
0,0.487219
0,0.469044
0,0.494697
0,0.486514
0,0.493234
0,0.443716
0,0.461411
0,0.468096
0,0.460279
0,0.436291
0,0.457499
0,0.474523
0,0.435064
0,0.435593
0,0.467792
0,0.444648
0,0.464790
0,0.449570
0,0.454560
0,0.451384
0,0.455417
0,0.438234
0,0.450014
0,0.435840
0,0.468462
0,0.462963
0,0.466372
0,0.479098
0,0.446862
0,0.444207
0,0.447767
0,0.472020
0,0.457632
0,0.438984
0,0.453580
0,0.462214
0,0.472755
0,0.465315
0,0.470744
0,0.465058
0,0.461523
0,0.452982
0,0.427048
0,0.460980
0,0.454239
0,0.461738
0,0.441878
0,0.464878
0,0.464498
0,0.454324
0,0.447221
0,0.466219
0,0.463187
1,0.520717
1,0.482859
1,0.491847
1,0.501604
1,0.511439
1,0.498655
1,0.483337
1,0.487700
1,0.530705
1,0.491591
1,0.509352
1,0.487591
1,0.506203
1,0.513495
1,0.486600
1,0.477339
1,0.479283
1,0.495032
1,0.493149
1,0.530188
1,0.498965
1,0.504965
1,0.520903
1,0.522430
1,0.503151
1,0.478107
1,0.497441
1,0.515335
1,0.504568
1,0.495719
1,0.481888
1,0.475468
1,0.501198
1,0.492552
1,0.492769
1,0.486631
1,0.489403
1,0.511301
1,0.486334
1,0.492933
1,0.482122
1,0.496473
1,0.481836
1,0.501478
1,0.496031
1,0.485761
1,0.488059
1,0.487374
1,0.536606
1,0.495278
1,0.519406
1,0.499502
1,0.524663
1,0.532927
1,0.506894
1,0.503992
1,0.502388
1,0.514591
1,0.460254
1,0.500213
1,0.498321
1,0.528745
1,0.516172
1,0.494300
1,0.481087
1,0.494833
1,0.501873
1,0.515574
1,0.510334
1,0.522697
1,0.486271
1,0.524408
1,0.503244
1,0.517180
1,0.473051
1,0.490841
1,0.507894
1,0.479212
1,0.504451
1,0.466733
1,0.489716
1,0.499035
1,0.498533
1,0.499478
1,0.510324
1,0.502261
1,0.527107
1,0.506711
1,0.502929
1,0.473243
1,0.512020
1,0.503255
1,0.523709
1,0.527292
1,0.494199
1,0.489729
1,0.500351
1,0.481878
1,0.499188
1,0.475507
1,0.513227
1,0.507072
1,0.491378
1,0.487566
1,0.494718
1,0.514107
1,0.518392
1,0.527797
1,0.505549
1,0.506223
1,0.503929
1,0.502312
1,0.502133
1,0.504366
1,0.507265
1,0.526443
1,0.516601
1,0.531136
1,0.506027
1,0.523696
1,0.512003
1,0.513857
1,0.503132
1,0.492483
1,0.506497
1,0.526691
1,0.516730
1,0.513281
1,0.527458
1,0.534854
1,0.497289
1,0.531889
1,0.508278
1,0.491615
1,0.506368
1,0.513910
1,0.510333
1,0.505043
1,0.522156
1,0.504383
1,0.509165
1,0.493899
1,0.496663
1,0.503007
1,0.514155
1,0.497450
1,0.490708
1,0.498867
1,0.511979
1,0.466051
1,0.494718
1,0.522695
1,0.495343
1,0.472820
1,0.472437
1,0.507742
1,0.488045
1,0.492648
1,0.488288
1,0.470561
1,0.467215
1,0.509985
1,0.482734
1,0.469232
1,0.473751
1,0.477930
1,0.482743
1,0.481145
1,0.467836
1,0.477182
1,0.470020
1,0.483122
1,0.499199
1,0.471961
1,0.498579
1,0.492732
1,0.471828
1,0.497797
1,0.474323
1,0.439535
1,0.452188
1,0.496116
1,0.474343
1,0.467402
1,0.493510
1,0.484234
1,0.485442
1,0.504464
1,0.467793
1,0.469348
1,0.485105
1,0.475684
1,0.475381
1,0.503915
1,0.474475
1,0.499181
1,0.476717
1,0.495300
1,0.494940
1,0.489199
1,0.489540
1,0.490019
1,0.510042
1,0.475077
1,0.476752
1,0.489105
1,0.461104
1,0.463118
1,0.467897
1,0.482950
1,0.453274
1,0.465347
1,0.475781
1,0.486012
1,0.500853
1,0.461349
1,0.516697
1,0.468324
1,0.496581
1,0.470469
1,0.494501
1,0.461855
1,0.466330
1,0.465163
1,0.468855
1,0.492801
1,0.475561
1,0.468647
1,0.495221
1,0.481119
1,0.507693
1,0.459069
1,0.480084
1,0.471416
1,0.475815
1,0.487346
1,0.486365
1,0.484899
1,0.475786
1,0.487465
1,0.480760
1,0.480282
1,0.495299
1,0.474278
1,0.469384
0,0.468632
0,0.513127
0,0.473036
0,0.476600
0,0.469475
0,0.489158
0,0.510067
0,0.488618
0,0.451879
0,0.464907
0,0.487695
0,0.484575
0,0.487586
0,0.474041
0,0.457971
0,0.475387
0,0.480672
0,0.473307
0,0.467709
0,0.489037
0,0.480598
0,0.498623
0,0.498387
0,0.485535
0,0.479646
0,0.502477
0,0.488864
0,0.454517
0,0.487822
0,0.484320
0,0.494414
0,0.511791
0,0.485832
0,0.504112
0,0.460849
0,0.489574
0,0.473107
0,0.486818
0,0.468093
0,0.494907
0,0.493033
0,0.475750
0,0.504307
0,0.492763
0,0.484632
0,0.475640
0,0.497120
0,0.475206
0,0.463808
0,0.465922
0,0.460837
0,0.470357
0,0.489729
0,0.488556
0,0.456042
0,0.505566
0,0.477294
0,0.467891
0,0.466935
0,0.466315
0,0.483313
0,0.489687
0,0.510143
0,0.492983
0,0.481198
0,0.487243
0,0.452499
0,0.459832
0,0.456309
0,0.508766
0,0.461652
0,0.487809
0,0.482463
0,0.484346
0,0.513006
0,0.452283
0,0.463588
0,0.477464
0,0.479046
0,0.460582
0,0.466683
0,0.500081
0,0.470646
0,0.466416
0,0.469192
0,0.477117
0,0.462142
0,0.490065
0,0.473519
0,0.461230
0,0.484951
0,0.466721
0,0.450950
0,0.478662
0,0.445965
0,0.478457
0,0.479748
0,0.484909
0,0.453946
0,0.473890
0,0.461922
0,0.471121
0,0.473445
0,0.478273
0,0.464380
0,0.458302
0,0.468798
0,0.493453
0,0.506618
0,0.455908
0,0.466153
0,0.471474
0,0.475654
0,0.466335
0,0.471159
0,0.474415
0,0.477654
0,0.481971
0,0.484702
0,0.473221
0,0.475003
0,0.479476
0,0.476111
0,0.475236
0,0.477988
0,0.467795
0,0.465598
0,0.474968
0,0.487176
0,0.476902
0,0.492713
0,0.450741
0,0.468058
0,0.473493
0,0.460257
0,0.468586
0,0.482081
0,0.478473
0,0.438623
0,0.480180
0,0.468561
0,0.479041
0,0.456891
0,0.467655
0,0.488458
0,0.463402
0,0.470988
0,0.480524
0,0.484271
0,0.455973
0,0.489753
0,0.479512
0,0.498661
0,0.488445
0,0.495870
0,0.494935
0,0.485703
0,0.474480
0,0.483151
0,0.464632
0,0.476284
0,0.461482
0,0.471196
0,0.469871
0,0.464217
0,0.455563
0,0.483600
0,0.486219
0,0.489605
0,0.470045
0,0.486489
0,0.495594
0,0.472713
0,0.472671
0,0.464128
0,0.441874
0,0.477702
0,0.449552
0,0.488223
0,0.458528
0,0.458551
0,0.475708
0,0.475080
0,0.467760
0,0.470438
0,0.480683
0,0.457232
0,0.502071
0,0.480032
0,0.498419
0,0.488287
0,0.480936
0,0.491074
0,0.457313
0,0.478852
0,0.482999
0,0.478622
0,0.485942
0,0.465554
0,0.471152
0,0.496849
0,0.479925
0,0.473947
0,0.496987
0,0.493411
0,0.494416
0,0.479118
0,0.471460
0,0.492924
0,0.476920
0,0.461783
0,0.485775
0,0.470451
0,0.523967
0,0.495280
0,0.473193
0,0.468599
0,0.504287
0,0.464108
0,0.482740
0,0.469567
0,0.459838
0,0.461783
0,0.447592
0,0.438797
0,0.493640
0,0.469008
0,0.520203
0,0.475403
0,0.484016
0,0.469337
0,0.465303
0,0.494508
0,0.463464
0,0.461184
0,0.483354
0,0.489673
0,0.479301
0,0.492780
0,0.499944
0,0.468757
0,0.491551
0,0.491125
0,0.482494
0,0.469119
0,0.489540
0,0.465742
0,0.473480
0,0.484644
0,0.498984
0,0.468488
0,0.459573
0,0.470744
0,0.490331
0,0.462732
0,0.479397
0,0.489460
0,0.497004
0,0.488325
0,0.479857
0,0.484871
0,0.464195
0,0.472898
0,0.496306
0,0.461784
0,0.476114
0,0.489432
0,0.452541
0,0.487375
0,0.468792
0,0.439050
0,0.470600
0,0.483915
0,0.452641
0,0.480769
0,0.476819
0,0.476501
0,0.486041
0,0.456947
0,0.459793
0,0.471282
0,0.481834
0,0.473969
0,0.471914
0,0.463506
0,0.507750
0,0.466289
0,0.467438
0,0.467079
0,0.473323
0,0.472687
0,0.481450
0,0.485062
0,0.465184
0,0.468136
0,0.471718
0,0.472059
0,0.468212
0,0.497776
0,0.476985
0,0.460769
0,0.479470
0,0.500934
0,0.483112
0,0.470300
0,0.485725
0,0.479043
0,0.455569
0,0.499855
0,0.469092
0,0.479339
0,0.440338
0,0.480024
0,0.470000
0,0.457321
0,0.472409
0,0.493548
0,0.493643
0,0.466091
0,0.462726
0,0.465411
0,0.489136
0,0.465556
0,0.462037
0,0.479488
0,0.466217
0,0.472153
1,0.533764
1,0.535014
1,0.558332
1,0.559517
1,0.508083
1,0.528914
1,0.533392
1,0.550920
1,0.522465
1,0.544176
1,0.550031
1,0.521687
1,0.536231
1,0.533063
1,0.521788
1,0.561759
1,0.549121
1,0.553039
1,0.514986
1,0.526847
1,0.557195
1,0.517829
1,0.533794
1,0.534411
1,0.512075
1,0.524085
1,0.506884
1,0.548940
1,0.542839
1,0.541554
1,0.527108
1,0.521332
1,0.551216
1,0.526919
1,0.531286
1,0.529619
1,0.560457
1,0.550231
1,0.536207
1,0.518785
1,0.498267
1,0.527018
1,0.541755
1,0.519035
1,0.527645
1,0.527870
1,0.549405
1,0.519934
1,0.545963
1,0.550289
1,0.545961
1,0.556574
1,0.546774
1,0.499911
1,0.533428
1,0.551778
1,0.534709
1,0.515509
1,0.548197
1,0.528099
1,0.557055
1,0.544452
1,0.560930
1,0.541926
1,0.570589
1,0.520456
1,0.540115
1,0.552273
1,0.561540
1,0.523012
1,0.485444
1,0.484704
1,0.454954
1,0.480474
1,0.484399
1,0.475784
1,0.460071
1,0.461825
1,0.489863
1,0.467428
1,0.496148
1,0.488118
1,0.497209
1,0.469912
1,0.503422
1,0.510880
1,0.493453
1,0.472764
1,0.483370
1,0.485007
1,0.485601
1,0.500822
1,0.496419
1,0.490944
1,0.490813
1,0.500112
1,0.487985
1,0.480483
1,0.494973
1,0.489881
1,0.494697
1,0.450670
1,0.479835
1,0.441988
1,0.483451
1,0.488607
1,0.483016
1,0.493898
1,0.486330
1,0.498574
1,0.481122
1,0.481023
1,0.461856
1,0.505409
1,0.503701
1,0.495189
1,0.475506
1,0.515412
1,0.486395
1,0.527164
1,0.504240
1,0.478374
1,0.471669
1,0.521144
1,0.464606
1,0.486033
1,0.495147
1,0.502310
1,0.491129
1,0.494306
1,0.492088
1,0.487650
1,0.517037
1,0.487731
1,0.460089
1,0.510978
1,0.498215
1,0.463825
1,0.482125
1,0.464104
1,0.480214
1,0.490517
1,0.494903
1,0.483749
1,0.490182
1,0.497612
1,0.498518
1,0.520726
1,0.489983
1,0.484149
1,0.489969
1,0.482073
1,0.490659
1,0.484279
1,0.494438
1,0.486344
1,0.479731
1,0.507423
1,0.472744
1,0.468027
1,0.478471
1,0.484529
1,0.448855
1,0.469911
1,0.508131
1,0.484034
1,0.458669
1,0.502139
1,0.469728
1,0.484599
0,0.485361
0,0.503543
0,0.502498
0,0.483237
0,0.477414
0,0.487152
0,0.505836
0,0.474905
0,0.482281
0,0.519733
0,0.485536
0,0.495827
0,0.505459
0,0.483721
0,0.506252
0,0.508636
0,0.502721
0,0.487353
0,0.483208
0,0.464928
0,0.509608
0,0.512489
0,0.497570
0,0.507672
0,0.501777
0,0.488868
0,0.509851
0,0.502003
0,0.479697
0,0.504675
0,0.511066
0,0.528472
0,0.506009
0,0.494945
0,0.485462
0,0.506934
0,0.511266
0,0.495919
0,0.485030
0,0.492511
0,0.509963
0,0.504396
0,0.469058
0,0.510889
0,0.488260
0,0.494607
0,0.479273
0,0.493056
0,0.500351
0,0.483356
0,0.477700
0,0.490694
0,0.487708
0,0.483945
0,0.479297
0,0.469160
0,0.503102
0,0.464100
0,0.462957
0,0.504171
0,0.495169
0,0.501892
0,0.487876
0,0.489482
0,0.493163
0,0.493769
0,0.517337
0,0.489678
0,0.491507
0,0.496413
0,0.504576
0,0.503409
0,0.502187
0,0.501837
0,0.507205
0,0.493891
0,0.544358
0,0.489266
0,0.509371
0,0.504514
0,0.512586
0,0.506056
0,0.506360
0,0.500153
0,0.482817
0,0.497448
0,0.500988
0,0.504878
0,0.496675
1,0.477587
1,0.479343
1,0.509130
1,0.495196
1,0.498443
1,0.478856
1,0.504274
1,0.509670
1,0.530457
1,0.490133
1,0.518045
1,0.498606
1,0.503926
1,0.523179
1,0.495186
1,0.544179
1,0.509561
1,0.469996
1,0.505485
1,0.494767
1,0.504716
1,0.514846
1,0.484069
1,0.508136
1,0.502623
1,0.508599
1,0.493267
1,0.493617
1,0.484396
1,0.485611
1,0.467350
1,0.513066
1,0.487750
1,0.503508
1,0.517019
1,0.499331
1,0.508338
1,0.504844
1,0.480847
1,0.492524
1,0.501257
1,0.474625
1,0.486637
1,0.514539
1,0.476012
1,0.494885
1,0.495452
1,0.490825
1,0.501581
1,0.497927
1,0.510617
1,0.502654
1,0.505810
1,0.503106
1,0.506205
1,0.490985
1,0.506078
1,0.503247
1,0.508263
1,0.493404
1,0.488517
1,0.480825
1,0.488589
1,0.511029
1,0.532956
1,0.526596
1,0.498623
1,0.507665
1,0.500302
1,0.483920
1,0.519993
1,0.491620
1,0.483599
1,0.506729
1,0.518878
1,0.513259
1,0.504129
1,0.495047
1,0.500040
1,0.494085
1,0.518141
1,0.499540
1,0.506864
1,0.489908
1,0.491994
1,0.492117
1,0.531294
1,0.499006
1,0.514450
1,0.489121
1,0.502801
1,0.499750
1,0.475285
1,0.513043
1,0.504074
1,0.520229
1,0.494000
1,0.510731
1,0.488799
1,0.497079
1,0.490699
1,0.482882
1,0.467804
1,0.467628
1,0.496356
1,0.469729
1,0.474252
1,0.501734
1,0.478141
1,0.493927
1,0.504396
1,0.488331
1,0.506621
1,0.509748
1,0.492255
1,0.508016
1,0.518859
1,0.509600
1,0.501340
1,0.512029
1,0.518332
1,0.469284
1,0.452766
1,0.489370
1,0.499012
1,0.507294
1,0.515945
1,0.497531
1,0.514627
1,0.495292
1,0.515263
1,0.452050
1,0.493048
1,0.484946
1,0.508677
1,0.497733
1,0.482762
1,0.509489
1,0.496949
1,0.491052
1,0.526823
1,0.494425
1,0.449566
1,0.486244
1,0.486397
1,0.506986
1,0.503843
1,0.488538
1,0.516099
1,0.497524
1,0.496310
1,0.493523
1,0.503244
1,0.510755
1,0.509872
1,0.495565
1,0.503399
1,0.479291
1,0.464385
1,0.475783
1,0.510900
1,0.471739
1,0.485137
1,0.492270
1,0.489125
1,0.468471
1,0.494938
1,0.491972
1,0.506279
1,0.482094
1,0.472638
1,0.485302
1,0.514208
1,0.499281
1,0.459626
1,0.462628
1,0.450153
1,0.480629
1,0.452591
1,0.455964
1,0.438551
1,0.449151
1,0.432866
1,0.476393
1,0.468515
1,0.486826
1,0.453162
1,0.439507
1,0.443607
1,0.435162
1,0.445550
1,0.454447
1,0.449914
1,0.475078
1,0.438947
1,0.477643
1,0.482587
1,0.444078
1,0.448361
1,0.459089
1,0.466660
1,0.430498
1,0.445575
1,0.433713
1,0.477078
1,0.470160
1,0.432873
1,0.476805
1,0.422787
1,0.441759
1,0.437999
1,0.460819
1,0.451449
1,0.454063
1,0.470261
1,0.492869
1,0.437995
1,0.456194
1,0.470500
1,0.456588
1,0.454894
1,0.460188
1,0.450420
1,0.437362
1,0.465416
1,0.451104
1,0.451767
1,0.447246
1,0.453078
1,0.443607
1,0.481851
1,0.453097
1,0.463949
1,0.451215
1,0.457258
1,0.452251
1,0.445398
1,0.429268
1,0.429600
1,0.463376
1,0.424289
1,0.450863
1,0.467680
1,0.467293
1,0.443155
1,0.456536
1,0.459631
1,0.449521
1,0.440162
1,0.426441
1,0.455218
1,0.468675
1,0.456660
1,0.451670
1,0.446254
1,0.423294
1,0.476681
1,0.458444
1,0.454215
1,0.452233
1,0.448871
1,0.448052
1,0.468631
1,0.449379
1,0.467727
1,0.441424
1,0.463856
1,0.447983
1,0.468480
1,0.477777
1,0.471353
1,0.476405
1,0.501834
1,0.466038
1,0.474068
1,0.494720
1,0.478468
1,0.465904
1,0.469667
1,0.477568
1,0.490439
1,0.459761
1,0.481233
1,0.454984
1,0.433742
1,0.474438
1,0.470138
1,0.449262
1,0.483284
1,0.478509
1,0.456561
1,0.464892
1,0.459448
1,0.442199
1,0.461837
0,0.486308
0,0.461374
0,0.478240
0,0.482050
0,0.490553
0,0.493800
0,0.491553
0,0.489037
0,0.480146
0,0.473258
0,0.477449
0,0.511295
0,0.479982
0,0.494094
0,0.494074
0,0.497889
0,0.492865
0,0.461878
0,0.460111
0,0.461608
0,0.491391
0,0.478593
0,0.477432
0,0.494605
0,0.476836
0,0.502634
0,0.492437
0,0.474905
0,0.494036
0,0.497091
0,0.473050
0,0.481471
0,0.475936
0,0.506249
0,0.485566
0,0.511932
0,0.498231
0,0.499679
0,0.457612
0,0.478540
0,0.470355
0,0.485196
0,0.513759
0,0.491514
0,0.483272
0,0.486751
0,0.460024
0,0.484005
0,0.479826
0,0.480218
0,0.481702
0,0.475072
0,0.502260
0,0.477681
0,0.490866
0,0.469785
0,0.497088
0,0.486615
0,0.468282
0,0.473618
0,0.479266
0,0.516061
0,0.458592
0,0.509219
0,0.497675
0,0.469025
0,0.493354
0,0.483198
0,0.497633
0,0.444607
0,0.477567
0,0.493432
0,0.513382
0,0.493866
0,0.519715
0,0.501135
0,0.508875
0,0.505151
0,0.486527
0,0.508396
0,0.501142
0,0.523285
0,0.495850
0,0.518161
0,0.525416
0,0.501925
0,0.509296
0,0.512339
0,0.509066
0,0.502506
0,0.493446
0,0.523991
0,0.512176
0,0.507498
0,0.518824
0,0.499390
0,0.511484
0,0.509820
0,0.489550
0,0.500960
0,0.484556
0,0.507000
0,0.502609
0,0.526071
0,0.542012
0,0.507823
0,0.496352
0,0.527793
0,0.482177
0,0.489645
0,0.472195
0,0.500361
0,0.510414
0,0.524125
0,0.509222
0,0.490778
0,0.524451
0,0.514922
0,0.490735
0,0.511259
0,0.508309
0,0.508081
0,0.528092
0,0.528728
0,0.489013
0,0.492525
0,0.503617
0,0.520224
0,0.480096
0,0.519605
0,0.533707
0,0.512231
0,0.509250
0,0.504969
0,0.506292
0,0.513614
0,0.509113
0,0.515667
0,0.534350
0,0.516411
0,0.506488
0,0.499619
0,0.501902
0,0.493972
0,0.512359
0,0.504201
0,0.523017
0,0.506825
0,0.504969
0,0.502649
0,0.500166
0,0.513473
0,0.491809
0,0.500833
1,0.497108
1,0.516197
1,0.487670
1,0.477549
1,0.500505
1,0.481685
1,0.496882
1,0.496735
1,0.508917
1,0.532433
1,0.507643
1,0.491489
1,0.504636
1,0.492950
1,0.504293
1,0.522497
1,0.492467
1,0.509208
1,0.482698
1,0.520554
1,0.505798
1,0.526834
1,0.524729
1,0.501741
1,0.479729
1,0.476061
1,0.530169
1,0.513887
1,0.511579
1,0.512856
1,0.529893
1,0.487320
1,0.501642
1,0.494050
1,0.502312
1,0.498624
1,0.517004
1,0.499282
1,0.501059
1,0.529356
1,0.502308
1,0.500539
1,0.477392
1,0.480397
1,0.491747
1,0.515136
1,0.460585
1,0.503752
1,0.473639
1,0.476044
1,0.501101
1,0.535873
1,0.491960
1,0.511580
1,0.501034
1,0.527459
1,0.497548
1,0.486476
1,0.507833
1,0.518035
1,0.487161
1,0.516850
1,0.489050
1,0.511506
1,0.499302
1,0.506070
1,0.525819
1,0.493824
1,0.508696
1,0.500455
1,0.491518
1,0.475140
1,0.482754
1,0.489794
1,0.505975
1,0.497816
1,0.501620
1,0.541509
1,0.506725
1,0.497444
1,0.492245
1,0.527407
1,0.527845
1,0.516252
1,0.503227
1,0.486867
1,0.492465
1,0.498154
1,0.488557
1,0.516451
1,0.503090
1,0.503274
1,0.464542
1,0.496382
1,0.497577
1,0.518873
1,0.498090
1,0.511391
1,0.499778
1,0.484830
1,0.488941
1,0.454415
1,0.472932
1,0.488582
1,0.480294
1,0.461045
1,0.475688
1,0.478345
1,0.456826
1,0.465943
1,0.436803
1,0.449410
1,0.466066
1,0.468717
1,0.480881
1,0.475008
1,0.473261
1,0.472699
1,0.476509
1,0.487023
1,0.460978
1,0.462453
1,0.471320
1,0.470948
1,0.456349
1,0.451556
1,0.472523
1,0.461651
1,0.466946
1,0.465733
1,0.421259
1,0.474594
1,0.449872
1,0.475670
1,0.478930
1,0.487108
1,0.442931
1,0.457025
1,0.458485
1,0.464208
1,0.462761
1,0.472075
1,0.479852
1,0.464345
1,0.485706
1,0.454607
1,0.465712
1,0.459979
1,0.475348
1,0.461722
1,0.448967
1,0.482255
1,0.464953
1,0.489781
1,0.464613
1,0.475591
1,0.478462
1,0.460702
1,0.469903
1,0.464119
1,0.458582
1,0.442314
1,0.460559
1,0.470906
1,0.466569
1,0.469826
1,0.473081
1,0.450743
1,0.475372
1,0.466228
1,0.463388
1,0.472143
1,0.433567
1,0.490302
1,0.457335
1,0.472733
1,0.466535
1,0.486782
1,0.460803
1,0.443531
1,0.456193
1,0.454504
1,0.471771
1,0.472158
1,0.469369
1,0.459178
1,0.467255
1,0.477719
1,0.483023
1,0.477160
1,0.459796
1,0.474361
1,0.460175
1,0.482368
1,0.460452
1,0.455361
0,0.517308
0,0.509569
0,0.522038
0,0.498998
0,0.500356
0,0.525095
0,0.491702
0,0.478094
0,0.491518
0,0.500005
0,0.495103
0,0.498739
0,0.483847
0,0.484790
0,0.493179
0,0.489934
0,0.509300
0,0.511377
0,0.495295
0,0.499674
0,0.504084
0,0.484684
0,0.520218
0,0.501642
0,0.494285
0,0.496743
0,0.480801
0,0.494571
0,0.532491
0,0.511028
0,0.496324
0,0.503297
0,0.494865
0,0.481394
0,0.502973
0,0.483468
0,0.493833
0,0.497865
0,0.527566
0,0.501754
0,0.523101
0,0.504743
0,0.522870
0,0.542458
0,0.493164
0,0.491726
0,0.497164
0,0.508433
0,0.474453
0,0.521919
0,0.503125
0,0.490491
0,0.491432
0,0.497207
0,0.506669
0,0.505024
0,0.508838
0,0.497935
0,0.504151
0,0.506731
0,0.492113
0,0.501286
0,0.491907
0,0.491338
0,0.530085
0,0.476559
0,0.516739
1,0.505737
1,0.510212
1,0.474532
1,0.501935
1,0.485113
1,0.512886
1,0.503437
1,0.469437
1,0.476665
1,0.481699
1,0.475616
1,0.489058
1,0.482390
1,0.509807
1,0.479471
1,0.495821
1,0.480276
1,0.493299
1,0.487475
1,0.506715
1,0.495837
1,0.469182
1,0.512209
1,0.492790
1,0.493584
1,0.502365
1,0.480299
1,0.493530
1,0.480924
1,0.504910
1,0.499463
1,0.496516
1,0.497225
1,0.490446
1,0.508017
1,0.474693
1,0.507828
1,0.451636
1,0.517681
1,0.497733
1,0.483229
1,0.478839
1,0.492307
1,0.501596
1,0.492985
1,0.503403
1,0.512171
1,0.486049
1,0.491737
1,0.506575
1,0.456521
1,0.487323
1,0.474357
1,0.471000
1,0.480408
1,0.476976
1,0.504201
1,0.484222
1,0.467834
1,0.492117
1,0.508148
1,0.473942
1,0.489111
1,0.503160
1,0.498744
1,0.481194
1,0.467830
1,0.487787
1,0.489524
1,0.504508
1,0.472231
1,0.486884
1,0.500970
1,0.482144
1,0.516165
1,0.458741
1,0.494696
1,0.495275
1,0.483796
1,0.506471
1,0.491811
1,0.512131
1,0.510936
1,0.465859
1,0.520744
1,0.507690
1,0.516620
1,0.528348
1,0.495984
1,0.486455
1,0.501843
1,0.492628
1,0.512310
1,0.506117
1,0.491258
1,0.492573
1,0.506999
1,0.457216
1,0.460280
1,0.477452
1,0.525055
1,0.499213
1,0.494590
1,0.491226
1,0.502515
1,0.487052
1,0.490682
1,0.511944
1,0.445039
1,0.500722
1,0.492414
1,0.476759
1,0.487209
1,0.487871
1,0.482687
1,0.479723
1,0.475388
0,0.459144
0,0.489578
0,0.471105
0,0.447935
0,0.453720
0,0.473719
0,0.489402
0,0.495868
0,0.472866
0,0.475290
0,0.495867
0,0.485379
0,0.463367
0,0.482726
0,0.478215
0,0.476692
0,0.498620
0,0.482204
0,0.465430
0,0.467267
0,0.474706
0,0.491217
0,0.457870
0,0.475312
0,0.485754
0,0.510282
0,0.518427
0,0.487958
0,0.500530
0,0.519648
0,0.498850
0,0.494461
0,0.501779
0,0.479220
0,0.492177
0,0.491325
0,0.464900
0,0.462559
0,0.508215
0,0.476931
0,0.499702
0,0.462387
0,0.475306
0,0.486745
0,0.496984
0,0.475583
0,0.463598
0,0.478757
0,0.482582
0,0.466418
0,0.473953
0,0.471123
0,0.492879
0,0.480527
0,0.478511
0,0.474120
0,0.462263
0,0.484194
0,0.457216
0,0.489161
0,0.516769
0,0.479226
0,0.469506
0,0.482867
0,0.466259
0,0.492730
0,0.474574
0,0.464389
0,0.448226
0,0.489200
0,0.454389
0,0.482628
0,0.467356
0,0.464226
0,0.474505
0,0.450618
0,0.464117
0,0.476824
0,0.473905
0,0.467331
0,0.496631
0,0.476440
0,0.485109
0,0.456351
0,0.454447
0,0.491750
0,0.450808
0,0.491858
0,0.489546
0,0.457506
0,0.480476
0,0.487655
0,0.486249
0,0.516525
0,0.486528
0,0.505292
0,0.497016
0,0.463866
0,0.483992
0,0.473358
1,0.508204
1,0.491914
1,0.478534
1,0.501852
1,0.476668
1,0.468060
1,0.497108
1,0.482733
1,0.515103
1,0.485052
1,0.505859
1,0.506753
1,0.503998
1,0.476565
1,0.499316
1,0.476580
1,0.490960
1,0.476751
1,0.485526
1,0.494943
1,0.504121
1,0.484599
1,0.495124
1,0.506460
1,0.486283
1,0.494130
1,0.541419
1,0.505780
1,0.512145
1,0.503273
1,0.507461
1,0.497138
1,0.509589
1,0.474837
1,0.474429
1,0.494981
1,0.501109
1,0.513280
1,0.507317
1,0.488815
1,0.493411
1,0.539041
1,0.502330
1,0.526462
1,0.514796
1,0.478668
1,0.475736
1,0.515308
1,0.476174
1,0.528328
1,0.523491
1,0.497645
1,0.523645
1,0.513982
1,0.517280
1,0.505691
1,0.531207
1,0.507811
1,0.510200
1,0.519206
1,0.507846
1,0.507817
1,0.477273
1,0.486821
1,0.522984
1,0.499646
1,0.514349
1,0.539061
1,0.532553
1,0.476012
1,0.498238
1,0.490910
1,0.484777
1,0.487903
1,0.489612
1,0.492636
1,0.513990
1,0.498162
1,0.487096
1,0.469278
1,0.503093
1,0.527179
1,0.472996
1,0.516673
1,0.492974
1,0.506049
1,0.495329
1,0.508824
1,0.496407
1,0.496035
1,0.480337
1,0.496694
1,0.474364
1,0.508246
1,0.504932
1,0.508809
1,0.508382
1,0.512225
1,0.488327
1,0.484527
1,0.498414
1,0.497230
1,0.488268
1,0.496937
1,0.496297
1,0.515659
1,0.484804
1,0.495544
1,0.498893
1,0.492867
1,0.491799
1,0.488792
1,0.485589
1,0.461558
1,0.493980
1,0.501227
1,0.495526
1,0.528789
1,0.498469
1,0.477027
1,0.491191
1,0.508226
1,0.493007
1,0.498202
1,0.497143
1,0.467910
1,0.484781
1,0.445997
1,0.520123
1,0.510695
1,0.521778
1,0.477528
1,0.469798
1,0.471544
1,0.476029
1,0.494861
1,0.476383
1,0.505576
1,0.518882
1,0.510656
1,0.461478
1,0.449779
1,0.490125
1,0.496475
1,0.497763
1,0.509669
1,0.484548
1,0.463825
1,0.455627
1,0.517227
1,0.515440
1,0.506697
1,0.491209
1,0.489503
1,0.461759
1,0.511565
1,0.505975
1,0.493391
1,0.499889
1,0.477768
1,0.492468
1,0.495830
1,0.500853
1,0.487937
1,0.500765
1,0.509566
1,0.500553
1,0.507259
1,0.479310
1,0.486046
1,0.496069
1,0.483126
1,0.498471
1,0.489110
1,0.501476
1,0.509973
1,0.499189
1,0.484481
1,0.469978
1,0.484922
1,0.465038
1,0.488314
1,0.478077
1,0.486882
1,0.472625
1,0.505526
1,0.501879
1,0.481849
1,0.487804
1,0.508916
1,0.484880
1,0.468307
1,0.514276
1,0.487677
1,0.501021
1,0.499273
1,0.484262
1,0.515014
1,0.502165
1,0.514050
0,0.481841
0,0.507841
0,0.486813
0,0.462044
0,0.473669
0,0.478185
0,0.507041
0,0.478279
0,0.449537
0,0.493512
0,0.490978
0,0.445708
0,0.487234
0,0.478360
0,0.490202
0,0.484264
0,0.466333
0,0.503528
0,0.520257
0,0.456923
0,0.471875
0,0.470447
0,0.481745
0,0.508618
0,0.492430
0,0.515558
0,0.479805
0,0.457635
0,0.479602
0,0.483605
0,0.494805
0,0.484392
0,0.476650
0,0.496546
0,0.477237
0,0.465371
0,0.498477
0,0.479827
0,0.495681
0,0.499028
0,0.504029
0,0.503355
0,0.473363
0,0.479198
0,0.492211
0,0.466163
0,0.492041
0,0.469162
0,0.482027
0,0.476359
0,0.471836
0,0.479425
0,0.454029
0,0.459543
0,0.489597
0,0.504013
0,0.459378
0,0.473385
0,0.472246
0,0.472632
0,0.493785
0,0.475948
0,0.460596
0,0.467579
0,0.504263
0,0.462914
0,0.475098
0,0.490253
0,0.497297
0,0.445458
0,0.497956
0,0.497080
0,0.493534
0,0.514671
0,0.483361
0,0.484893
0,0.478824
0,0.514537
0,0.484780
0,0.500120
0,0.475984
0,0.493042
0,0.502751
0,0.507939
0,0.496408
0,0.466121
0,0.479188
0,0.492354
0,0.519281
0,0.493273
0,0.480790
0,0.494438
0,0.505762
0,0.511609
0,0.484917
0,0.502680
0,0.495065
0,0.475514
0,0.482375
0,0.509332
0,0.490065
0,0.484715
0,0.474571
0,0.486870
0,0.497325
0,0.501515
0,0.499841
0,0.488314
0,0.471001
0,0.501515
0,0.511819
0,0.482910
0,0.497951
0,0.493054
0,0.515202
0,0.494290
0,0.494505
0,0.474836
0,0.457562
0,0.498346
0,0.500287
0,0.462270
0,0.507751
0,0.486932
0,0.472954
0,0.500853
0,0.462378
0,0.477195
0,0.468035
0,0.482932
0,0.483829
0,0.481983
0,0.505425
0,0.487761
0,0.474125
0,0.464757
0,0.499505
0,0.479848
0,0.475083
0,0.493166
0,0.486628
0,0.477750
0,0.462429
0,0.498045
0,0.481967
0,0.490682
0,0.469436
0,0.493009
0,0.488209
0,0.473242
0,0.502677
0,0.484634
0,0.486511
0,0.496816
0,0.483372
0,0.491943
0,0.492133
0,0.492652
0,0.487560
0,0.470068
0,0.489629
0,0.483267
0,0.486926
0,0.484549
0,0.470422
0,0.474424
0,0.497604
0,0.496764
0,0.480496
0,0.503163
0,0.488336
0,0.460531
0,0.485749
0,0.501266
0,0.467307
0,0.488087
0,0.485684
0,0.510406
0,0.501457
0,0.469152
0,0.473099
0,0.477054
0,0.508265
1,0.487051
1,0.491032
1,0.523429
1,0.486453
1,0.500722
1,0.524984
1,0.501736
1,0.501304
1,0.517338
1,0.508787
1,0.503545
1,0.519519
1,0.506288
1,0.508925
1,0.508488
1,0.492002
1,0.484342
1,0.512017
1,0.515613
1,0.498661
1,0.497658
1,0.504779
1,0.480718
1,0.479858
1,0.505318
1,0.503269
1,0.484149
1,0.513344
1,0.501028
1,0.506279
1,0.503908
1,0.507669
1,0.506012
1,0.503359
1,0.512016
1,0.495833
1,0.484168
1,0.499895
1,0.497843
1,0.510335
1,0.513856
1,0.506667
1,0.488944
1,0.520193
1,0.518300
1,0.509567
1,0.497470
1,0.512079
1,0.505268
1,0.501166
1,0.497190
1,0.508560
1,0.508627
1,0.521990
1,0.526909
1,0.498719
1,0.516797
1,0.499145
1,0.531631
1,0.492071
1,0.505019
1,0.531578
1,0.526760
1,0.496459
1,0.515616
1,0.506432
1,0.463108
1,0.493143
1,0.485940
1,0.508452
1,0.486589
1,0.494888
1,0.500105
0,0.530616
0,0.539389
0,0.494420
0,0.502862
0,0.542967
0,0.516204
0,0.527657
0,0.519198
0,0.564850
0,0.518510
0,0.551976
0,0.528228
0,0.531906
0,0.540661
0,0.528251
0,0.515622
0,0.533764
0,0.515700
0,0.545952
0,0.499107
0,0.508070
0,0.513756
0,0.513952
0,0.533495
0,0.520364
0,0.524579
0,0.524377
0,0.546063
0,0.533686
0,0.503104
0,0.516399
0,0.523904
0,0.517100
0,0.528058
0,0.496480
0,0.551871
0,0.525068
0,0.505761
0,0.507321
0,0.508915
0,0.532607
0,0.506980
0,0.511533
0,0.556706
0,0.524650
0,0.497667
0,0.492327
0,0.513788
0,0.510735
0,0.506487
0,0.511581
0,0.528284
0,0.531128
0,0.506587
0,0.513338
0,0.548742
0,0.509784
0,0.508045
0,0.538183
0,0.504142
0,0.513586
0,0.515536
0,0.531185
0,0.522042
0,0.486013
0,0.550601
0,0.486000
0,0.522131
0,0.517181
0,0.523370
0,0.530471
0,0.522702
0,0.506008
0,0.527650
0,0.513115
0,0.508449
0,0.529272
0,0.545678
0,0.531830
0,0.525529
0,0.522579
0,0.532918
0,0.518028
0,0.499230
0,0.505169
0,0.517556
0,0.543702
0,0.526018
0,0.510721
0,0.516012
0,0.501745
0,0.492461
0,0.540213
0,0.520035
0,0.501437
0,0.484615
0,0.533390
0,0.494634
0,0.529429
0,0.527674
1,0.479421
1,0.484006
1,0.459752
1,0.454803
1,0.460474
1,0.481571
1,0.450817
1,0.483039
1,0.469752
1,0.479336
1,0.459694
1,0.490908
1,0.451105
1,0.465001
1,0.481677
1,0.462009
1,0.456830
1,0.473251
1,0.495848
1,0.449777
1,0.462954
1,0.452495
1,0.482389
1,0.474946
1,0.448875
1,0.474754
1,0.437542
1,0.452370
1,0.473355
1,0.451352
1,0.458744
1,0.450982
1,0.445935
1,0.459481
1,0.462125
1,0.449780
1,0.461371
1,0.427176
1,0.453117
1,0.489066
1,0.476726
1,0.467740
1,0.478772
1,0.458834
1,0.472989
1,0.463342
1,0.477349
1,0.463065
1,0.454577
0,0.559283
0,0.559283
0,0.559283
0,0.559283
0,0.552666
0,0.574849
0,0.567590
0,0.573111
0,0.575031
0,0.560674
0,0.573371
0,0.552232
0,0.592450
0,0.565326
0,0.567441
0,0.581506
0,0.553936
0,0.557417
0,0.570741
0,0.561149
0,0.535760
0,0.574748
0,0.544335
0,0.544303
0,0.540876
0,0.532259
0,0.557656
0,0.567574
0,0.570391
0,0.565773
0,0.567881
0,0.540058
0,0.516477
0,0.576600
0,0.546830
0,0.532368
0,0.555511
0,0.530926
0,0.562926
0,0.553714
0,0.560966
0,0.555330
0,0.548984
0,0.581514
0,0.566504
0,0.552136
0,0.563423
0,0.551990
0,0.554533
0,0.576908
0,0.560316
0,0.567623
0,0.565364
0,0.544555
0,0.560951
0,0.574412
0,0.579284
0,0.598349
0,0.572916
0,0.575190
0,0.552720
0,0.577404
0,0.568615
0,0.579024
0,0.549945
0,0.557816
0,0.556218
0,0.567407
0,0.595068
0,0.577070
0,0.549249
0,0.585501
0,0.587393
0,0.563673
0,0.561765
0,0.554256
0,0.549286
0,0.558529
0,0.565804
0,0.547788
0,0.559469
0,0.531583
0,0.548086
0,0.541566
0,0.536604
0,0.566671
0,0.587588
0,0.560636
0,0.571850
0,0.587573
0,0.567658
0,0.567901
0,0.562123
0,0.573378
0,0.532863
0,0.551895
0,0.526127
0,0.571648
0,0.546567
0,0.554498
0,0.447725
0,0.491367
0,0.513075
0,0.497417
0,0.467672
0,0.476287
0,0.483222
0,0.487672
0,0.494770
0,0.482620
0,0.497871
0,0.493321
0,0.479001
0,0.481508
0,0.502768
0,0.523241
0,0.506143
0,0.481148
0,0.465420
0,0.485431
0,0.528272
0,0.490714
0,0.488562
0,0.485395
0,0.498796
0,0.507990
0,0.479175
0,0.499741
0,0.495665
0,0.496994
0,0.506996
0,0.480258
0,0.480597
0,0.491383
0,0.494008
0,0.474293
0,0.478657
0,0.498668
0,0.500069
0,0.500328
0,0.490781
0,0.496616
0,0.484234
0,0.490670
0,0.483620
0,0.477175
0,0.480047
0,0.499576
0,0.480129
0,0.491706
0,0.495793
0,0.506466
0,0.501531
0,0.475964
0,0.507678
0,0.489519
0,0.502828
0,0.485032
0,0.471889
0,0.491429
0,0.493083
0,0.496011
0,0.495118
0,0.502251
0,0.483486
0,0.490320
0,0.489965
0,0.493631
0,0.469400
0,0.479086
0,0.480066
0,0.515857
0,0.511059
0,0.473495
0,0.496020
0,0.466571
0,0.480470
0,0.504999
0,0.477341
0,0.494049
0,0.478427
0,0.481873
0,0.475644
0,0.461885
0,0.476440
0,0.482680
0,0.486706
0,0.469349
0,0.466317
0,0.508411
0,0.497531
0,0.467802
0,0.475968
0,0.475383
0,0.470541
0,0.481945
0,0.478206
0,0.451330
0,0.469438
0,0.504753
0,0.477795
0,0.489503
0,0.479711
0,0.487316
0,0.449487
0,0.486165
0,0.479099
0,0.487471
0,0.485744
0,0.513580
0,0.501810
0,0.498798
0,0.507580
0,0.485457
0,0.482743
0,0.507481
0,0.492256
0,0.494471
0,0.478711
0,0.484609
0,0.439264
0,0.493998
0,0.483867
0,0.512577
0,0.494061
0,0.461901
0,0.503058
0,0.470566
0,0.504989
0,0.475283
0,0.488819
0,0.469310
0,0.520820
0,0.505789
0,0.440611
0,0.490324
0,0.499149
0,0.484452
0,0.531131
0,0.485972
0,0.481683
0,0.481911
0,0.488917
0,0.494294
0,0.473991
0,0.472953
0,0.485416
0,0.476542
0,0.506453
0,0.492459
0,0.474934
0,0.489307
0,0.493114
0,0.512612
0,0.461376
0,0.476359
0,0.482607
0,0.505754
0,0.452683
0,0.499563
0,0.531673
0,0.497582
0,0.490286
0,0.499716
0,0.479132
1,0.514243
1,0.503892
1,0.508364
1,0.527071
1,0.490887
1,0.496168
1,0.510939
1,0.505234
1,0.504426
1,0.504525
1,0.491423
1,0.523998
1,0.480716
1,0.495102
1,0.513355
1,0.497706
1,0.501050
1,0.497682
1,0.511022
1,0.506325
1,0.481255
1,0.510044
1,0.502715
1,0.481033
1,0.496106
1,0.508180
1,0.524383
1,0.517229
1,0.496278
1,0.504285
1,0.492519
1,0.489837
1,0.515315
1,0.485243
1,0.507479
1,0.529747
1,0.497237
1,0.486302
1,0.501544
1,0.482394
1,0.497280
1,0.517386
1,0.507109
1,0.486325
1,0.478865
1,0.504437
1,0.487298
1,0.513022
1,0.486712
1,0.495598
1,0.483101
1,0.514730
1,0.485662
1,0.462203
1,0.490320
1,0.500996
1,0.509362
1,0.503700
1,0.498214
1,0.512634
1,0.520917
1,0.514825
1,0.469535
1,0.498606
1,0.470333
1,0.509664
1,0.491010
1,0.518629
1,0.508566
1,0.489280
1,0.497469
1,0.485871
1,0.499635
1,0.495055
1,0.491186
1,0.514334
1,0.499107
1,0.489937
1,0.505185
1,0.532246
1,0.498463
1,0.478711
1,0.492290
1,0.486304
1,0.515241
1,0.505419
1,0.495642
1,0.518303
1,0.472385
1,0.476445
1,0.490887
1,0.517506
1,0.503623
1,0.485849
1,0.497173
1,0.495385
1,0.502131
1,0.483255
1,0.525041
1,0.481350
1,0.498967
1,0.504251
1,0.496183
1,0.499738
1,0.494088
1,0.535947
1,0.503730
1,0.495464
1,0.472218
1,0.519595
1,0.494710
1,0.504145
1,0.496044
1,0.500863
1,0.496372
1,0.503704
1,0.474379
1,0.509981
1,0.486255
1,0.504948
1,0.498084
1,0.487644
1,0.504590
1,0.501085
1,0.518705
1,0.524235
1,0.453437
1,0.515543
1,0.490053
1,0.489485
0,0.510398
0,0.490753
0,0.520623
0,0.528857
0,0.493981
0,0.517681
0,0.539744
0,0.513201
0,0.471291
0,0.519202
0,0.519344
0,0.487175
0,0.475508
0,0.510346
0,0.492691
0,0.510823
0,0.523731
0,0.533314
0,0.521463
0,0.518753
0,0.488955
0,0.486456
0,0.568764
0,0.512277
0,0.517471
0,0.535489
0,0.482403
0,0.504861
0,0.515747
0,0.488688
0,0.510412
0,0.497777
0,0.469000
0,0.502939
0,0.523573
0,0.507354
0,0.503881
0,0.516163
0,0.486843
0,0.489951
0,0.498926
0,0.516552
0,0.505072
0,0.492811
0,0.509380
0,0.518727
0,0.491312
0,0.488790
0,0.482058
0,0.504052
0,0.461523
0,0.506696
0,0.498692
0,0.487195
0,0.497741
0,0.522977
0,0.514012
0,0.485914
0,0.500170
0,0.499862
0,0.522640
0,0.496145
0,0.528326
0,0.511449
0,0.517829
0,0.533960
0,0.513292
0,0.518088
0,0.512188
0,0.501727
0,0.492900
0,0.492436
0,0.498950
0,0.515969
0,0.467551
0,0.493926
0,0.468716
0,0.508387
0,0.501436
0,0.507352
0,0.507958
0,0.528754
0,0.525807
0,0.533864
0,0.523517
0,0.496808
0,0.520873
0,0.498992
0,0.509641
0,0.550798
0,0.535536
0,0.528567
0,0.533200
0,0.512786
0,0.520623
0,0.543288
0,0.517292
0,0.545706
0,0.514506
0,0.517806
0,0.522141
0,0.534565
0,0.516207
0,0.512811
0,0.497859
0,0.510311
0,0.514156
0,0.552166
0,0.493251
0,0.532670
0,0.536681
0,0.506195
0,0.523673
0,0.519744
0,0.522123
0,0.511223
0,0.499975
0,0.534328
0,0.488751
0,0.532228
0,0.557467
0,0.550249
0,0.532488
0,0.529277
1,0.479915
1,0.483660
1,0.467113
1,0.482244
1,0.482506
1,0.484803
1,0.473893
1,0.477130
1,0.472634
1,0.488185
1,0.480553
1,0.482019
1,0.505834
1,0.466883
1,0.487568
1,0.477989
1,0.501557
1,0.466911
1,0.460593
1,0.466626
1,0.492084
1,0.470431
1,0.437913
1,0.470032
1,0.454451
1,0.492203
1,0.498387
1,0.483422
1,0.483113
1,0.463196
1,0.477400
1,0.454902
1,0.437441
1,0.462832
1,0.452091
1,0.476030
1,0.473546
1,0.467070
1,0.478986
1,0.466406
1,0.448584
1,0.487329
1,0.463895
1,0.469769
1,0.436025
1,0.474886
1,0.483620
1,0.492111
1,0.468407
1,0.460061
1,0.459184
1,0.477023
1,0.473291
1,0.476337
1,0.502023
1,0.480076
1,0.485685
1,0.467583
1,0.479378
1,0.484278
0,0.464949
0,0.483438
0,0.485824
0,0.467214
0,0.467669
0,0.490397
0,0.499660
0,0.486695
0,0.507619
0,0.481334
0,0.469465
0,0.481819
0,0.499150
0,0.473978
0,0.498975
0,0.480551
0,0.490857
0,0.487175
0,0.494318
0,0.485210
0,0.488797
0,0.498347
0,0.477880
0,0.465954
0,0.485843
0,0.493875
0,0.480449
0,0.486013
0,0.464386
0,0.496371
0,0.459340
0,0.494271
0,0.501215
0,0.479896
0,0.507214
0,0.493697
0,0.478587
0,0.470830
0,0.486932
0,0.483414
0,0.467156
0,0.500491
0,0.497842
0,0.511073
0,0.483190
0,0.484529
0,0.479900
0,0.487931
0,0.498303
0,0.508274
0,0.482634
0,0.497736
0,0.484889
0,0.496625
0,0.468978
0,0.471387
0,0.485497
0,0.474297
0,0.483956
0,0.469502
0,0.500882
0,0.471011
0,0.463750
0,0.480498
0,0.478220
0,0.497190
0,0.471643
0,0.502102
0,0.508026
0,0.495759
0,0.489569
0,0.474616
0,0.489931
0,0.501006
0,0.492173
0,0.502575
0,0.514601
0,0.470267
0,0.498701
0,0.480650
0,0.501018
0,0.480019
0,0.500682
0,0.485286
0,0.492247
0,0.480958
0,0.468187
0,0.484968
0,0.487976
0,0.479593
0,0.496165
0,0.503489
0,0.496599
0,0.492682
0,0.462435
0,0.487295
0,0.504181
0,0.479191
0,0.483810
0,0.489275
1,0.456944
1,0.470452
1,0.454994
1,0.482541
1,0.472659
1,0.477578
1,0.441967
1,0.467559
1,0.475187
1,0.484247
1,0.438747
1,0.480472
1,0.474335
1,0.477741
1,0.477776
1,0.467360
1,0.476039
1,0.449729
1,0.455725
1,0.488761
1,0.469763
1,0.468843
1,0.497370
1,0.468390
1,0.472757
1,0.470248
1,0.480085
1,0.479189
1,0.470252
1,0.477247
1,0.479125
1,0.467732
1,0.455510
1,0.457244
1,0.473738
1,0.488243
1,0.467726
1,0.469611
1,0.469266
1,0.473552
1,0.458061
1,0.468654
1,0.485305
1,0.478510
1,0.458929
1,0.471575
1,0.467737
1,0.472158
1,0.458356
1,0.469816
1,0.481577
1,0.499520
1,0.502641
1,0.462701
1,0.474692
1,0.469038
1,0.455467
1,0.463749
1,0.464397
1,0.486114
1,0.473900
1,0.475194
1,0.468649
1,0.472034
1,0.481750
1,0.495962
1,0.471665
1,0.473466
1,0.481116
1,0.492500
1,0.490841
1,0.497354
1,0.465636
1,0.474600
1,0.478331
1,0.503166
1,0.458593
1,0.470294
1,0.478100
1,0.474531
1,0.492281
1,0.475586
1,0.471389
1,0.511117
1,0.493344
1,0.514678
1,0.488967
1,0.492579
1,0.500480
1,0.501654
1,0.473531
1,0.480972
1,0.500582
1,0.465465
1,0.484644
1,0.488344
1,0.477198
1,0.500494
1,0.480133
1,0.519030
1,0.490736
1,0.494217
1,0.470537
1,0.476851
1,0.482606
1,0.459265
1,0.472264
1,0.499851
1,0.483451
1,0.504724
1,0.504892
1,0.497105
1,0.482009
1,0.479371
1,0.499319
1,0.495464
0,0.428782
0,0.459311
0,0.470107
0,0.443025
0,0.451296
0,0.451586
0,0.478630
0,0.479009
0,0.463855
0,0.462835
0,0.466385
0,0.463633
0,0.461069
0,0.455666
0,0.473762
0,0.436885
0,0.462821
0,0.482097
0,0.438424
0,0.445903
0,0.457456
0,0.452888
0,0.466919
0,0.442082
0,0.433476
0,0.465648
0,0.465718
0,0.461842
0,0.464086
0,0.462186
0,0.460706
0,0.473680
0,0.476989
0,0.439434
0,0.466040
0,0.449112
0,0.452840
0,0.463980
0,0.457976
0,0.482203
0,0.458896
0,0.460861
0,0.462158
0,0.448742
0,0.437718
0,0.467786
0,0.424962
0,0.439612
0,0.433214
0,0.449481
0,0.439305
0,0.437784
0,0.438452
0,0.451535
0,0.453304
0,0.451267
0,0.461944
0,0.452904
0,0.437851
0,0.430429
0,0.464536
0,0.473395
0,0.443727
0,0.445283
0,0.447771
0,0.492428
0,0.445063
0,0.458946
0,0.448481
0,0.452620
0,0.462517
0,0.448457
0,0.434789
0,0.455569
0,0.478051
0,0.464272
0,0.445197
0,0.482302
0,0.486539
0,0.473172
0,0.474902
0,0.492821
0,0.465337
0,0.503288
0,0.474201
0,0.477895
0,0.490831
0,0.457302
0,0.468219
0,0.457066
0,0.482570
0,0.482260
0,0.447209
0,0.482264
0,0.463506
0,0.464803
0,0.487833
0,0.471090
0,0.466774
0,0.475287
0,0.474780
0,0.465710
0,0.470369
0,0.467882
0,0.469369
0,0.471515
0,0.485070
0,0.465717
0,0.482638
0,0.488475
0,0.492509
0,0.473310
0,0.468525
0,0.453516
0,0.472993
0,0.496088
0,0.488581
0,0.456744
0,0.443041
0,0.470221
0,0.479264
0,0.486148
0,0.466073
0,0.434974
0,0.487195
0,0.470988
0,0.507043
0,0.464980
0,0.495870
0,0.484857
0,0.476006
0,0.433861
0,0.470854
0,0.451606
0,0.471228
0,0.457481
0,0.483754
0,0.474761
0,0.488531
0,0.490059
0,0.465169
0,0.470947
0,0.479655
0,0.447324
0,0.483522
0,0.459581
0,0.461155
0,0.451765
0,0.460906
0,0.461028
0,0.481616
0,0.475049
0,0.470945
0,0.490831
0,0.485281
0,0.481859
0,0.470510
0,0.489337
0,0.477812
0,0.501580
0,0.488581
0,0.499743
0,0.523384
0,0.505607
0,0.517508
0,0.488633
0,0.542157
0,0.498117
0,0.490757
0,0.508807
0,0.494099
0,0.486167
0,0.503725
0,0.510763
0,0.509125
0,0.483957
0,0.500237
0,0.500779
0,0.494754
0,0.511739
0,0.516777
0,0.514522
0,0.479136
0,0.492245
0,0.476852
0,0.484327
0,0.500283
0,0.500630
0,0.495288
0,0.513847
0,0.522028
0,0.504623
0,0.498452
0,0.502891
0,0.515481
0,0.507714
0,0.512791
0,0.512607
0,0.486316
0,0.510050
0,0.522085
0,0.526371
0,0.506224
0,0.509902
0,0.506915
0,0.521204
0,0.483324
0,0.507681
0,0.496986
0,0.508444
0,0.501884
0,0.498435
0,0.475971
0,0.476521
0,0.526623
0,0.519092
0,0.486218
0,0.504021
0,0.496040
0,0.487619
0,0.506222
0,0.492830
0,0.506241
0,0.480400
0,0.478889
0,0.518256
0,0.533324
0,0.477851
0,0.502573
0,0.507883
0,0.522071
0,0.512462
0,0.482823
0,0.515402
0,0.505802
0,0.498179
0,0.469744
0,0.505292
0,0.514099
0,0.515293
0,0.511735
0,0.495541
0,0.518054
0,0.507008
0,0.490932
0,0.503276
0,0.511362
0,0.510525
0,0.499719
0,0.495000
0,0.525935
0,0.494760
0,0.508509
0,0.496639
0,0.488926
0,0.477380
0,0.498622
0,0.490581
0,0.471210
0,0.476873
0,0.492189
0,0.470491
0,0.452175
0,0.492281
0,0.449464
0,0.501264
0,0.481059
0,0.503509
0,0.465164
0,0.479485
0,0.481438
0,0.465688
0,0.495971
0,0.448288
0,0.442452
0,0.463683
0,0.507663
0,0.463256
0,0.491904
0,0.430905
0,0.487182
0,0.458519
0,0.485883
0,0.491394
0,0.465476
0,0.487802
0,0.473775
0,0.497614
0,0.481143
0,0.472121
0,0.480386
0,0.469552
0,0.467161
0,0.464803
0,0.487543
0,0.491383
0,0.483209
0,0.468996
0,0.483513
0,0.471692
0,0.453802
0,0.456825
0,0.479369
0,0.477615
0,0.478191
0,0.468473
0,0.473288
0,0.455798
0,0.472900
0,0.481894
0,0.472099
0,0.479139
0,0.486492
0,0.464433
0,0.480465
0,0.463036
0,0.459467
0,0.476234
0,0.501450
0,0.441668
0,0.482654
0,0.483425
0,0.472622
0,0.486470
0,0.453518
0,0.476118
0,0.473104
0,0.430546
0,0.445921
0,0.474381
0,0.466302
0,0.493964
0,0.488532
0,0.461185
0,0.475564
0,0.464032
0,0.446372
0,0.476003
0,0.475319
0,0.471303
0,0.478611
0,0.448057
0,0.454237
0,0.491417
0,0.442831
0,0.477206
0,0.448032
0,0.456127
0,0.488436
0,0.479933
0,0.469974
0,0.482587
0,0.460816
0,0.488551
0,0.450562
0,0.456811
0,0.432848
0,0.483519
0,0.483068
0,0.492030
0,0.465400
0,0.482113
0,0.481447
0,0.494562
0,0.487514
0,0.491736
0,0.492428
0,0.505232
0,0.501886
0,0.505551
0,0.502508
0,0.486584
0,0.487463
0,0.481705
0,0.478884
0,0.493737
0,0.473358
0,0.497251
0,0.461216
0,0.467009
0,0.475549
0,0.451326
0,0.497259
0,0.487222
0,0.469566
0,0.471286
0,0.448022
0,0.490203
0,0.496468
0,0.488550
0,0.466403
0,0.473991
0,0.488410
0,0.502859
0,0.504580
0,0.498618
0,0.474891
0,0.483212
0,0.473281
0,0.472061
0,0.496700
0,0.501184
0,0.501157
0,0.487118
0,0.480499
0,0.500231
0,0.471607
0,0.466306
0,0.478565
0,0.494738
0,0.482499
0,0.485861
0,0.487368
0,0.494995
0,0.476975
0,0.498181
0,0.482563
0,0.495438
0,0.483496
0,0.468353
0,0.503476
0,0.497966
0,0.491835
0,0.520743
0,0.485425
0,0.493548
0,0.493515
0,0.511326
0,0.463734
0,0.479861
0,0.502988
0,0.509339
0,0.493479
0,0.499358
0,0.501483
0,0.516251
0,0.485547
0,0.478237
0,0.499941
0,0.484854
0,0.476170
0,0.463069
0,0.472036
0,0.464096
0,0.500443
0,0.488633
0,0.512972
0,0.513714
0,0.499195
0,0.480506
0,0.484278
0,0.464736
0,0.493114
0,0.460820
0,0.500072
0,0.507074
0,0.532264
0,0.491658
0,0.476800
0,0.486127
0,0.456428
0,0.482535
0,0.481948
0,0.482684
0,0.469616
0,0.467086
0,0.497374
0,0.481965
0,0.488899
0,0.504358
0,0.495130
0,0.472139
0,0.502826
0,0.471562
0,0.479087
0,0.506240
0,0.477651
0,0.477422
0,0.495003
0,0.491905
0,0.468160
0,0.479811
0,0.472696
0,0.473838
0,0.434511
0,0.452779
0,0.475981
0,0.438030
0,0.466235
0,0.497003
0,0.466234
0,0.471592
0,0.461353
0,0.474475
0,0.508298
0,0.462008
0,0.473846
0,0.486860
0,0.504107
0,0.483995
0,0.483185
0,0.457389
0,0.479484
0,0.493222
0,0.492452
0,0.483105
0,0.493687
0,0.462037
0,0.482036
0,0.484102
0,0.488697
0,0.480415
0,0.491012
0,0.473058
0,0.477193
0,0.470925
0,0.474828
0,0.474416
0,0.485004
0,0.466020
0,0.491781
0,0.488230
0,0.473153
0,0.475339
0,0.446978
0,0.486749
0,0.484488
0,0.470378
0,0.506036
0,0.475997
0,0.503422
0,0.456729
0,0.486710
0,0.494900
0,0.496782
0,0.473646
0,0.455874
0,0.497412
0,0.484537
0,0.485353
0,0.501567
0,0.477462
0,0.484883
0,0.478470
0,0.506187
0,0.505196
0,0.493092
0,0.489316
0,0.502337
0,0.465032
0,0.476704
0,0.487686
0,0.471765
0,0.489417
0,0.494019
0,0.485935
0,0.467142
1,0.487220
1,0.516504
1,0.517306
1,0.521096
1,0.518142
1,0.499877
1,0.498088
1,0.517277
1,0.512260
1,0.509496
1,0.499659
1,0.482230
1,0.539290
1,0.515177
1,0.496886
1,0.524102
1,0.515621
1,0.497688
1,0.510692
1,0.493140
1,0.528120
1,0.531425
1,0.520705
1,0.504402
1,0.521848
1,0.495471
1,0.527325
1,0.524353
1,0.477528
1,0.537440
1,0.494248
1,0.524069
1,0.519539
1,0.515235
1,0.525113
1,0.502458
1,0.520745
1,0.518446
1,0.516927
1,0.519185
1,0.533727
1,0.513061
1,0.523001
1,0.511823
1,0.494933
1,0.518320
1,0.539450
1,0.477541
1,0.513577
1,0.517009
1,0.501490
1,0.525730
1,0.528095
1,0.507291
1,0.504692
1,0.509679
1,0.509395
1,0.537266
1,0.515708
1,0.557397
1,0.510133
1,0.536124
1,0.512521
1,0.545268
1,0.534834
1,0.526411
1,0.537620
1,0.529194
1,0.509096
1,0.495242
1,0.525597
1,0.527525
1,0.513018
1,0.508171
1,0.527741
1,0.502191
1,0.540662
1,0.526644
1,0.519636
1,0.523588
1,0.512459
1,0.510512
1,0.512836
1,0.511139
1,0.530461
1,0.510516
1,0.513591
1,0.520953
1,0.518348
1,0.520024
1,0.509799
1,0.523942
1,0.515523
1,0.532162
1,0.525223
0,0.475423
0,0.462190
0,0.484026
0,0.484518
0,0.475307
0,0.455289
0,0.455276
0,0.468304
0,0.456959
0,0.463137
0,0.486308
0,0.450064
0,0.475840
0,0.461192
0,0.492651
0,0.478594
0,0.496572
0,0.492430
0,0.482006
0,0.452305
0,0.476738
0,0.476048
0,0.482342
0,0.489065
0,0.484332
0,0.482337
0,0.454006
0,0.481844
0,0.473005
0,0.506675
0,0.487971
0,0.486923
0,0.475994
0,0.479127
0,0.463445
0,0.479144
0,0.488611
0,0.466477
0,0.457534
0,0.457734
0,0.476489
0,0.483157
0,0.455349
0,0.480276
0,0.477412
0,0.446066
0,0.456594
0,0.457753
0,0.484792
0,0.477596
0,0.489623
0,0.483939
0,0.476611
0,0.456700
0,0.511282
0,0.488081
0,0.477337
0,0.481791
0,0.481735
0,0.481894
0,0.485703
0,0.488222
0,0.526625
0,0.482935
0,0.466436
0,0.520097
0,0.480726
0,0.470051
0,0.505507
0,0.455243
0,0.479136
0,0.477712
0,0.491671
0,0.482645
0,0.478665
0,0.484501
0,0.503445
0,0.504833
0,0.510364
0,0.507787
0,0.513035
0,0.505610
0,0.506679
0,0.485505
0,0.477941
0,0.483452
0,0.494996
0,0.485079
0,0.511575
0,0.510218
0,0.492342
0,0.496757
0,0.504970
0,0.516617
0,0.512147
0,0.496226
0,0.502027
0,0.489781
0,0.498067
0,0.503954
0,0.504152
0,0.516667
0,0.511374
0,0.505811
0,0.507964
0,0.480231
0,0.497939
0,0.490605
0,0.492572
0,0.496970
0,0.493902
0,0.513762
0,0.476356
0,0.490061
0,0.476636
0,0.491543
0,0.487476
0,0.490580
0,0.481229
0,0.498221
0,0.480750
0,0.490791
0,0.492773
0,0.498415
0,0.489941
0,0.504475
0,0.519463
0,0.506316
0,0.495821
0,0.469565
0,0.479206
0,0.487292
0,0.481169
0,0.452607
0,0.495493
0,0.500342
0,0.493287
0,0.477593
0,0.467838
0,0.442786
0,0.518831
0,0.479307
0,0.497378
0,0.467831
0,0.518584
0,0.479826
0,0.482139
0,0.487367
0,0.452989
0,0.495935
0,0.491780
0,0.496511
0,0.492004
1,0.464547
1,0.506149
1,0.498151
1,0.483157
1,0.498070
1,0.481156
1,0.497064
1,0.478483
1,0.477316
1,0.485917
1,0.480529
1,0.479086
1,0.503487
1,0.481414
1,0.477403
1,0.480946
1,0.502973
1,0.489145
1,0.503528
1,0.472291
1,0.490457
1,0.481965
1,0.485392
1,0.485562
1,0.492271
1,0.477414
1,0.496284
1,0.460330
1,0.470370
1,0.481681
1,0.477202
1,0.469425
1,0.495376
1,0.490508
1,0.514979
1,0.479067
1,0.492685
1,0.494651
1,0.507533
1,0.506342
1,0.506218
1,0.497523
1,0.479537
1,0.504616
1,0.473412
1,0.499770
1,0.485862
1,0.506422
1,0.501174
1,0.515579
1,0.484696
1,0.492598
1,0.480656
1,0.495936
1,0.501097
1,0.473894
1,0.500274
1,0.488900
1,0.490463
1,0.463630
1,0.502418
1,0.458267
1,0.479682
1,0.476627
1,0.488265
1,0.465434
1,0.489293
1,0.499279
1,0.497908
1,0.488571
1,0.497135
1,0.506403
1,0.491473
1,0.461710
1,0.448000
1,0.480864
1,0.496755
1,0.497601
1,0.484811
1,0.476691
1,0.458924
1,0.499836
1,0.461230
1,0.497036
1,0.463696
1,0.499866
1,0.473643
1,0.481732
1,0.502659
1,0.489359
1,0.480274
1,0.480188
1,0.488186
1,0.511170
1,0.504193
1,0.521592
1,0.482476
1,0.482606
1,0.467544
1,0.504309
1,0.495864
1,0.488504
1,0.472387
1,0.484153
1,0.494425
1,0.457806
1,0.478833
1,0.486661
1,0.472104
1,0.461753
1,0.488331
1,0.473921
1,0.488584
1,0.499240
1,0.493105
1,0.476953
1,0.475191
1,0.488255
1,0.493315
1,0.480816
1,0.514282
1,0.502656
1,0.502613
1,0.471752
1,0.502197
1,0.457205
1,0.466975
1,0.459997
1,0.487206
1,0.481173
1,0.477281
1,0.484108
1,0.478131
1,0.473376
1,0.482521
1,0.483424
1,0.488429
1,0.486034
1,0.473095
1,0.469367
1,0.499669
1,0.447081
1,0.475981
1,0.483912
1,0.490155
1,0.483919
1,0.479247
1,0.460820
1,0.498645
1,0.459595
1,0.468610
1,0.485784
1,0.499661
1,0.490620
1,0.484642
1,0.482124
1,0.479921
1,0.528966
1,0.514533
1,0.486454
1,0.488906
1,0.494721
1,0.460250
1,0.487245
1,0.490538
1,0.480509
1,0.473081
1,0.508655
1,0.481255
1,0.484764
1,0.471878
1,0.479478
1,0.492130
1,0.500267
1,0.506009
1,0.480532
1,0.498228
1,0.477333
1,0.459565
1,0.495432
1,0.472787
1,0.491644
1,0.458013
1,0.472889
1,0.493863
1,0.470212
1,0.501849
1,0.481919
1,0.498704
1,0.458418
1,0.471449
1,0.483594
1,0.487575
1,0.487179
1,0.490595
1,0.496581
1,0.485763
0,0.508321
0,0.520275
0,0.503263
0,0.476246
0,0.465594
0,0.499798
0,0.492398
0,0.501928
0,0.511544
0,0.484949
0,0.495612
0,0.487581
0,0.504533
0,0.495808
0,0.493816
0,0.518690
0,0.500598
0,0.508532
0,0.518360
0,0.524652
0,0.529496
0,0.517918
0,0.526336
0,0.487929
0,0.534289
0,0.496863
0,0.512181
0,0.484967
0,0.495129
0,0.500337
0,0.516906
0,0.494689
0,0.505331
0,0.497248
0,0.509749
0,0.510011
0,0.501211
0,0.508152
0,0.522293
0,0.491070
0,0.513716
0,0.532409
0,0.511773
0,0.496824
0,0.520491
0,0.505853
0,0.482967
0,0.489351
0,0.488807
0,0.478869
0,0.467456
0,0.529178
0,0.490257
0,0.519275
0,0.528357
0,0.511832
0,0.479143
0,0.462884
0,0.484130
0,0.472931
0,0.479926
0,0.448163
0,0.478518
0,0.476342
0,0.488339
0,0.468904
0,0.460632
0,0.464855
0,0.483963
0,0.461022
0,0.468278
0,0.453899
0,0.501196
0,0.448931
0,0.467179
0,0.468588
0,0.494916
0,0.465706
0,0.496204
0,0.482048
0,0.489796
0,0.497487
0,0.482560
0,0.504619
0,0.510423
0,0.466980
0,0.471461
0,0.468090
0,0.485404
0,0.485985
0,0.477893
0,0.477465
0,0.465234
0,0.487273
0,0.472869
0,0.470175
0,0.437913
0,0.469283
0,0.489141
0,0.460353
0,0.482434
0,0.496015
0,0.446030
0,0.461793
0,0.478534
0,0.451023
0,0.476846
0,0.487645
0,0.478704
0,0.455372
0,0.495191
0,0.529523
0,0.468643
0,0.472840
0,0.483823
0,0.479095
0,0.499227
0,0.506966
0,0.493237
0,0.479446
0,0.513200
0,0.507018
0,0.484493
0,0.508162
0,0.469821
0,0.469379
0,0.467547
0,0.471495
0,0.476761
0,0.446052
0,0.483684
0,0.489667
0,0.483431
0,0.486361
0,0.447026
0,0.461585
0,0.505998
0,0.479786
0,0.451317
0,0.468094
0,0.497659
0,0.469963
0,0.484974
0,0.487819
0,0.506007
0,0.481302
0,0.476362
0,0.444494
0,0.481271
0,0.476203
0,0.505122
0,0.469611
0,0.489634
0,0.471018
0,0.482023
0,0.472991
0,0.483820
1,0.463417
1,0.520984
1,0.502713
1,0.499080
1,0.498627
1,0.521521
1,0.516653
1,0.525550
1,0.535129
1,0.506933
1,0.500589
1,0.511232
1,0.508706
1,0.481259
1,0.503185
1,0.494557
1,0.499678
1,0.504968
1,0.495455
1,0.517475
1,0.491369
1,0.487814
1,0.504148
1,0.491780
1,0.487596
1,0.498176
1,0.479127
1,0.519527
1,0.516963
1,0.516451
1,0.508893
1,0.488588
1,0.499157
1,0.486240
1,0.491043
1,0.480362
1,0.514399
1,0.510410
1,0.499682
1,0.519329
1,0.490805
1,0.500368
1,0.513474
1,0.509674
1,0.517343
1,0.490859
1,0.511649
1,0.521428
1,0.482330
1,0.503803
1,0.495904
1,0.505430
1,0.527913
1,0.500886
1,0.548243
1,0.505980
1,0.522404
1,0.502002
1,0.521868
1,0.520218
1,0.490227
1,0.487239
1,0.488368
1,0.495979
1,0.524460
1,0.524498
1,0.491680
1,0.523733
1,0.528069
1,0.504167
1,0.520181
1,0.524321
1,0.486028
1,0.493828
1,0.498729
1,0.522153
1,0.509599
1,0.494732
1,0.497094
1,0.516987
1,0.511832
1,0.483689
1,0.494354
1,0.525986
1,0.531233
1,0.511019
1,0.487180
1,0.502786
1,0.528686
1,0.465843
1,0.490493
1,0.504318
1,0.501618
1,0.509881
1,0.530241
1,0.512857
1,0.493528
1,0.502547
1,0.515051
1,0.521070
1,0.529366
1,0.527048
1,0.502494
1,0.511044
1,0.513502
1,0.509935
1,0.481788
1,0.509924
1,0.523663
1,0.489054
1,0.516531
1,0.529716
1,0.506231
1,0.519029
1,0.523306
1,0.520527
1,0.516312
1,0.509274
1,0.525743
1,0.533351
1,0.498198
1,0.508116
1,0.511950
1,0.507392
1,0.502428
1,0.526254
1,0.486755
1,0.525175
1,0.521537
1,0.529802
1,0.482512
1,0.520814
1,0.518476
1,0.525607
1,0.509318
1,0.510109
1,0.500409
1,0.530287
1,0.526032
1,0.522338
1,0.499859
1,0.487958
1,0.533144
1,0.515252
1,0.509142
1,0.507135
1,0.514126
1,0.498216
1,0.525459
1,0.516382
1,0.525254
1,0.534731
1,0.513913
1,0.500073
1,0.509778
1,0.485115
1,0.515724
1,0.511028
1,0.486836
1,0.534921
1,0.501746
1,0.525514
1,0.503489
1,0.495430
1,0.523112
1,0.525220
1,0.521183
1,0.516862
1,0.511031
1,0.522791
1,0.515631
1,0.516069
1,0.512088
1,0.515125
1,0.520307
1,0.516679
1,0.513692
1,0.506759
1,0.500262
1,0.528345
1,0.508824
1,0.519079
1,0.518877
1,0.497815
1,0.503965
1,0.515323
1,0.519348
1,0.533171
1,0.510828
1,0.497537
1,0.525549
1,0.520263
1,0.488422
1,0.528393
1,0.509329
1,0.482244
1,0.528171
1,0.527729
1,0.500597
1,0.497224
1,0.506878
1,0.543705
1,0.551769
1,0.539317
1,0.523025
1,0.537268
1,0.517617
1,0.527458
1,0.528286
1,0.561142
1,0.515304
1,0.525497
1,0.501197
1,0.520799
1,0.521194
1,0.583666
1,0.533664
1,0.535758
1,0.592735
1,0.590023
1,0.537106
1,0.584227
1,0.578894
1,0.527950
1,0.540152
1,0.544938
1,0.537391
1,0.524421
1,0.535313
1,0.538568
1,0.528821
1,0.535732
1,0.576700
1,0.543258
1,0.541983
1,0.578759
1,0.577508
1,0.537311
1,0.550615
1,0.532285
1,0.557261
1,0.545943
1,0.544955
1,0.533792
1,0.568961
1,0.554085
1,0.537203
1,0.569564
1,0.548998
1,0.547480
1,0.526665
0,0.486146
0,0.465711
0,0.462933
0,0.476580
0,0.521840
0,0.486144
0,0.479208
0,0.467699
0,0.485027
0,0.496436
0,0.450052
0,0.492944
0,0.494629
0,0.522060
0,0.469465
0,0.475902
0,0.473426
0,0.474215
0,0.458301
0,0.478122
0,0.470061
0,0.463888
0,0.482032
0,0.500346
0,0.465995
0,0.474407
0,0.482986
0,0.484350
0,0.476765
0,0.512993
0,0.493653
0,0.482666
0,0.489437
0,0.503770
0,0.493777
0,0.492340
0,0.473574
0,0.515005
0,0.512506
0,0.479651
0,0.495823
0,0.498498
0,0.511963
0,0.506094
0,0.487687
0,0.487641
0,0.489193
0,0.458004
0,0.499764
0,0.470335
0,0.475561
0,0.483069
0,0.478204
0,0.476943
0,0.486345
0,0.470959
0,0.487769
0,0.497083
0,0.488609
0,0.450433
0,0.488731
0,0.472596
0,0.470409
0,0.471228
0,0.480050
0,0.486541
0,0.489799
0,0.491416
0,0.494222
0,0.453703
0,0.460904
0,0.492107
0,0.482882
0,0.477311
0,0.469544
0,0.490478
0,0.472297
0,0.468381
0,0.477385
0,0.466613
0,0.472601
0,0.488329
0,0.491796
0,0.474641
0,0.479174
0,0.477926
0,0.475934
0,0.467297
0,0.468728
0,0.468337
0,0.487608
0,0.464889
0,0.476512
0,0.483547
0,0.485540
0,0.482731
0,0.484334
0,0.494601
0,0.451882
0,0.495507
0,0.481185
0,0.453925
0,0.471003
0,0.463425
0,0.469725
0,0.467914
0,0.445472
0,0.459804
0,0.467644
0,0.465782
0,0.435134
0,0.475276
0,0.470811
0,0.478761
0,0.458128
0,0.456691
0,0.438510
0,0.434817
0,0.489403
0,0.478354
0,0.494647
0,0.477692
0,0.459861
0,0.440152
0,0.449518
0,0.434186
0,0.456160
0,0.466129
0,0.453330
0,0.445925
0,0.451260
0,0.462808
0,0.480490
0,0.446261
0,0.458801
0,0.431879
0,0.445595
0,0.463244
0,0.461708
0,0.449365
0,0.464462
0,0.484650
0,0.461187
0,0.470351
0,0.480363
0,0.559575
0,0.456406
0,0.478366
0,0.481233
0,0.446219
0,0.439584
0,0.480712
0,0.462802
0,0.450266
0,0.460691
0,0.455716
0,0.474066
0,0.479666
0,0.467747
0,0.464741
0,0.461606
0,0.429624
1,0.481859
1,0.451819
1,0.487991
1,0.481077
1,0.483949
1,0.496236
1,0.491121
1,0.491828
1,0.478205
1,0.480643
1,0.467464
1,0.474111
1,0.498433
1,0.478084
1,0.517132
1,0.492877
1,0.486797
1,0.448206
1,0.460327
1,0.474828
1,0.484641
1,0.484389
1,0.478321
1,0.488806
1,0.514156
1,0.460889
1,0.479025
1,0.482457
1,0.484107
1,0.456373
1,0.513250
1,0.499615
1,0.473158
1,0.475315
1,0.457357
1,0.463396
1,0.469214
1,0.455216
1,0.487106
1,0.466085
1,0.496892
1,0.464644
1,0.465404
1,0.492881
1,0.491480
1,0.482528
1,0.500056
1,0.482641
1,0.500414
1,0.500162
1,0.481152
1,0.466434
1,0.471402
1,0.500021
1,0.490822
1,0.481801
1,0.480874
1,0.469504
1,0.481070
1,0.470731
1,0.476704
1,0.482499
1,0.514068
1,0.523112
1,0.508723
1,0.489416
1,0.522360
1,0.490515
1,0.501359
1,0.521783
1,0.493226
1,0.473440
1,0.503748
1,0.514832
1,0.499917
1,0.514742
1,0.516124
1,0.510023
1,0.521843
1,0.507014
1,0.507472
1,0.515594
1,0.512991
1,0.500052
1,0.513168
1,0.478552
1,0.491007
1,0.506056
1,0.515143
1,0.482064
1,0.484916
1,0.512859
1,0.520077
1,0.509415
1,0.501121
1,0.494313
1,0.527558
1,0.501530
1,0.502146
1,0.508337
1,0.483595
1,0.494968
1,0.499285
1,0.490822
1,0.493344
1,0.506245
1,0.496057
1,0.491893
1,0.510957
1,0.510083
1,0.520488
1,0.484071
1,0.505739
1,0.534732
1,0.513879
1,0.498652
1,0.535907
1,0.512149
1,0.482406
1,0.502040
1,0.526640
1,0.509842
1,0.523751
1,0.507672
1,0.506018
1,0.466450
1,0.504295
1,0.506402
1,0.485189
1,0.503578
1,0.495598
1,0.500911
1,0.481562
1,0.511786
1,0.485040
1,0.509984
1,0.500005
1,0.497217
1,0.521191
1,0.523158
1,0.521031
1,0.496338
1,0.488619
1,0.504015
1,0.518314
1,0.513856
0,0.467242
0,0.465882
0,0.503901
0,0.487744
0,0.513703
0,0.479909
0,0.515988
0,0.513224
0,0.505759
0,0.512743
0,0.485263
0,0.500280
0,0.505963
0,0.507759
0,0.497197
0,0.526572
0,0.537464
0,0.515532
0,0.535286
0,0.512947
0,0.502022
0,0.476464
0,0.497666
0,0.481369
0,0.492696
0,0.490271
0,0.478950
0,0.496858
0,0.504597
0,0.502012
0,0.506267
0,0.502896
0,0.499283
0,0.498837
0,0.494071
0,0.485913
0,0.491494
0,0.513680
0,0.522311
0,0.504298
0,0.505341
0,0.521599
0,0.488315
0,0.476309
0,0.472967
0,0.491892
0,0.488475
0,0.488706
0,0.463485
0,0.483656
0,0.474437
0,0.486529
0,0.497326
0,0.474133
0,0.484589
0,0.467238
0,0.494998
0,0.514388
0,0.480289
0,0.505586
0,0.502062
0,0.504296
0,0.487409
0,0.491285
0,0.484502
0,0.522167
0,0.508784
0,0.506307
0,0.484869
0,0.477254
0,0.478190
0,0.477325
0,0.499242
0,0.505775
0,0.529407
0,0.493944
0,0.531424
0,0.543319
0,0.507907
0,0.491293
0,0.515357
0,0.473488
0,0.458775
0,0.518595
0,0.507152
0,0.493024
0,0.505584
0,0.507300
0,0.492055
0,0.484126
0,0.491547
0,0.466383
0,0.498082
0,0.485902
0,0.463128
0,0.474764
0,0.484160
0,0.488031
0,0.499626
0,0.488912
0,0.489208
0,0.479872
0,0.513045
0,0.501884
0,0.498848
0,0.499333
0,0.500742
0,0.515125
0,0.496090
0,0.527045
0,0.492619
0,0.480449
0,0.491191
0,0.496592
0,0.496569
0,0.483314
0,0.477127
0,0.493930
0,0.501249
0,0.502159
0,0.465494
0,0.487755
0,0.480129
0,0.504313
0,0.485682
0,0.503299
0,0.506382
0,0.503493
0,0.510387
0,0.481331
0,0.487418
0,0.511725
0,0.495237
0,0.488552
0,0.475894
0,0.515186
0,0.486949
0,0.506921
0,0.499662
0,0.485480
0,0.505138
0,0.509763
0,0.511643
0,0.526997
0,0.513274
0,0.521857
0,0.525944
0,0.506239
0,0.498001
0,0.493388
0,0.489073
0,0.496469
0,0.494304
0,0.513582
0,0.498543
0,0.485137
0,0.513705
0,0.510301
0,0.488461
0,0.489975
0,0.514184
0,0.508562
0,0.521823
0,0.487070
0,0.513227
0,0.525159
0,0.505957
0,0.504463
0,0.524100
0,0.516835
0,0.506122
0,0.470374
0,0.538030
0,0.510991
0,0.478443
0,0.506602
0,0.496370
0,0.499847
0,0.530884
0,0.528161
0,0.501963
0,0.503047
0,0.516016
0,0.514439
0,0.508003
0,0.533081
0,0.496086
0,0.480570
0,0.489282
0,0.499651
0,0.484694
0,0.498088
0,0.488115
0,0.507263
0,0.500609
0,0.511798
0,0.494479
1,0.510034
1,0.518601
1,0.523438
1,0.516810
1,0.519107
1,0.511013
1,0.514907
1,0.527169
1,0.529206
1,0.501860
1,0.502727
1,0.525089
1,0.510239
1,0.524341
1,0.520189
1,0.485876
1,0.504845
1,0.496647
1,0.512220
1,0.532074
1,0.509033
1,0.509655
1,0.499634
1,0.511898
1,0.480468
1,0.521592
1,0.490970
1,0.505732
1,0.518633
1,0.513361
1,0.505741
1,0.497920
1,0.516403
1,0.519357
1,0.494121
1,0.537434
1,0.509197
1,0.528078
1,0.541857
1,0.486018
1,0.503301
1,0.476443
1,0.497874
1,0.506571
1,0.516775
1,0.503896
1,0.509000
1,0.536787
1,0.532784
1,0.479393
1,0.516919
1,0.534834
1,0.486752
1,0.519741
1,0.509445
1,0.537351
1,0.514659
1,0.517430
1,0.502142
1,0.506735
1,0.510293
1,0.521192
1,0.504322
1,0.530551
1,0.485245
1,0.520367
1,0.498589
1,0.521314
1,0.527527
1,0.529038
1,0.525916
1,0.508565
1,0.517889
1,0.522054
1,0.504199
1,0.506216
1,0.536358
1,0.511896
1,0.521067
1,0.522801
1,0.514280
1,0.516892
1,0.492621
1,0.515145
1,0.528188
1,0.528041
1,0.520476
1,0.508551
1,0.517093
1,0.502563
1,0.507836
1,0.534771
1,0.496752
1,0.494216
1,0.503746
1,0.529841
1,0.516756
1,0.518215
1,0.505991
1,0.509408
1,0.447675
1,0.464367
1,0.435557
1,0.452273
1,0.438369
1,0.415642
1,0.431405
1,0.472932
1,0.435510
1,0.429040
1,0.463314
1,0.428260
1,0.455103
1,0.441142
1,0.450758
1,0.436081
1,0.429843
1,0.463033
1,0.432968
1,0.467198
1,0.428834
1,0.462084
1,0.433538
1,0.413082
1,0.435307
1,0.466548
1,0.449100
1,0.443469
1,0.411385
1,0.446087
1,0.475619
1,0.468205
1,0.469524
1,0.480308
1,0.446306
1,0.438694
1,0.432287
1,0.456144
1,0.405706
1,0.453631
1,0.441529
1,0.449876
1,0.436639
1,0.434144
1,0.432710
1,0.446589
1,0.431272
1,0.434238
1,0.451737
1,0.449541
1,0.446765
1,0.434796
1,0.435031
1,0.441105
1,0.458693
1,0.444938
1,0.456390
1,0.430782
1,0.474263
1,0.459951
1,0.433374
1,0.454022
1,0.436050
1,0.465650
1,0.431517
1,0.430405
1,0.441674
1,0.425277
1,0.453120
1,0.465067
1,0.434785
1,0.433015
1,0.442424
1,0.446684
1,0.450991
1,0.418906
1,0.454821
1,0.435906
1,0.451915
1,0.445119
1,0.441950
1,0.442933
1,0.470118
1,0.461689
1,0.409061
1,0.441209
1,0.432608
1,0.441331
1,0.449413
1,0.442352
1,0.433159
1,0.429295
1,0.450864
1,0.444191
1,0.474592
1,0.448570
1,0.451976
1,0.464389
1,0.473590
1,0.452844
1,0.486536
1,0.470559
1,0.480092
1,0.472042
1,0.468650
1,0.463319
1,0.434183
1,0.476247
1,0.484874
1,0.507757
1,0.460868
1,0.477932
1,0.492793
1,0.454014
1,0.464336
1,0.497261
1,0.479545
1,0.474181
1,0.465103
1,0.495682
1,0.487916
1,0.445169
1,0.481347
1,0.457175
1,0.445367
1,0.482461
1,0.466803
1,0.441573
1,0.461510
1,0.490255
1,0.477557
1,0.454895
1,0.459183
1,0.488091
1,0.470648
1,0.468327
1,0.447482
1,0.460113
1,0.468596
1,0.434400
1,0.471773
1,0.454443
1,0.462358
1,0.470706
1,0.457860
1,0.466095
1,0.478057
1,0.479699
1,0.461627
1,0.491207
1,0.472548
1,0.479370
1,0.472079
1,0.486659
1,0.477729
1,0.465882
1,0.461197
1,0.494178
1,0.471551
1,0.450191
1,0.467160
1,0.474047
1,0.476470
1,0.475671
1,0.469172
1,0.472471
1,0.484776
1,0.469673
1,0.469426
1,0.449656
1,0.460426
1,0.468270
1,0.453345
1,0.482556
1,0.499507
1,0.466784
1,0.464807
1,0.450111
1,0.502073
1,0.476173
1,0.449495
1,0.457566
1,0.435260
1,0.460389
1,0.461812
1,0.447536
1,0.430317
1,0.434034
1,0.460150
1,0.445333
1,0.449118
1,0.456558
1,0.478109
1,0.462263
0,0.475878
0,0.510905
0,0.486829
0,0.466146
0,0.505225
0,0.485803
0,0.482952
0,0.486021
0,0.466451
0,0.483602
0,0.491133
0,0.497598
0,0.492579
0,0.504085
0,0.498955
0,0.476528
0,0.477361
0,0.478047
0,0.464633
0,0.463624
0,0.462264
0,0.490168
0,0.488825
0,0.456205
0,0.488146
0,0.497183
0,0.484192
0,0.507215
0,0.504012
0,0.499464
0,0.497475
0,0.486526
0,0.455791
0,0.491294
0,0.489688
0,0.503340
0,0.462456
0,0.474766
0,0.489018
0,0.504380
0,0.486266
0,0.475954
0,0.474527
0,0.494463
0,0.517792
0,0.530353
0,0.499060
0,0.486988
0,0.492022
0,0.487903
0,0.476103
0,0.474301
0,0.467362
0,0.506426
0,0.484889
0,0.488362
0,0.494575
0,0.475556
0,0.483454
0,0.497824
0,0.500040
0,0.490402
0,0.525756
0,0.478928
0,0.516506
0,0.516529
0,0.529640
0,0.533147
0,0.508814
0,0.544765
0,0.512364
0,0.502748
0,0.530526
0,0.498613
0,0.517301
0,0.519249
0,0.491160
0,0.487794
0,0.532859
0,0.522581
0,0.510925
0,0.523865
0,0.542706
0,0.532635
0,0.537359
0,0.512190
0,0.528765
0,0.527511
0,0.522272
0,0.526143
0,0.515987
0,0.527541
0,0.524231
0,0.521312
0,0.526019
0,0.490668
0,0.505713
0,0.520164
0,0.512559
0,0.551512
0,0.535243
0,0.521400
0,0.487278
0,0.523118
0,0.547248
0,0.495980
0,0.528251
0,0.464840
0,0.542088
0,0.531955
0,0.528085
0,0.494908
0,0.512795
0,0.515353
0,0.526210
0,0.498515
0,0.542104
0,0.499617
0,0.519293
0,0.506127
0,0.524735
0,0.529468
0,0.534860
0,0.513242
0,0.534501
0,0.543967
0,0.500042
0,0.531172
0,0.552525
0,0.516531
0,0.539809
0,0.512310
0,0.548518
0,0.526840
0,0.526660
0,0.541540
0,0.548500
0,0.520420
0,0.544935
0,0.509336
0,0.524387
0,0.527597
1,0.488328
1,0.500759
1,0.486888
1,0.496837
1,0.495982
1,0.506785
1,0.502945
1,0.508912
1,0.502036
1,0.504772
1,0.518405
1,0.470054
1,0.481454
1,0.523377
1,0.476627
1,0.486372
1,0.491698
1,0.497797
1,0.460946
1,0.497195
1,0.447740
1,0.478429
1,0.486703
1,0.467023
1,0.488500
1,0.503072
1,0.505357
1,0.514365
1,0.506811
1,0.494492
1,0.474543
1,0.515351
1,0.511323
1,0.487831
1,0.506882
1,0.505337
1,0.466996
1,0.508102
1,0.508901
1,0.507460
1,0.491437
1,0.519513
1,0.465694
1,0.498494
1,0.520730
1,0.482660
1,0.491667
1,0.496593
1,0.506501
1,0.521437
1,0.492000
1,0.489560
1,0.498772
1,0.477025
1,0.486397
1,0.487943
1,0.480792
1,0.513406
1,0.497953
1,0.491772
1,0.482687
1,0.493344
1,0.497572
1,0.495960
1,0.494423
1,0.473610
1,0.516773
1,0.487663
1,0.488128
1,0.492063
1,0.489535
1,0.514431
1,0.479649
1,0.496385
1,0.507990
1,0.467878
1,0.492096
1,0.483712
1,0.498453
1,0.493840
1,0.497471
1,0.492865
1,0.474866
1,0.494742
1,0.476044
1,0.516743
1,0.513791
1,0.500588
1,0.520760
1,0.504864
1,0.489760
1,0.494940
1,0.508920
1,0.496239
1,0.503049
1,0.512909
1,0.508125
1,0.500178
1,0.489447
1,0.495436
0,0.539537
0,0.539560
0,0.526966
0,0.549747
0,0.549656
0,0.538704
0,0.550660
0,0.551115
0,0.521342
0,0.516480
0,0.555177
0,0.539979
0,0.547806
0,0.577181
0,0.490834
0,0.545439
0,0.519763
0,0.518111
0,0.512181
0,0.531520
0,0.539160
0,0.554506
0,0.532625
0,0.552527
0,0.537460
0,0.540608
0,0.528370
0,0.533981
0,0.536838
0,0.528184
0,0.550664
0,0.547452
0,0.544948
0,0.552470
0,0.550821
0,0.538631
0,0.553093
0,0.561040
0,0.537030
0,0.545975
0,0.577573
0,0.540922
0,0.522067
0,0.515214
0,0.527945
0,0.537639
0,0.552556
0,0.520765
0,0.515711
0,0.534893
0,0.533033
0,0.558083
0,0.561237
0,0.560080
0,0.507420
0,0.552569
0,0.513769
0,0.508352
0,0.494106
0,0.474445
0,0.492905
0,0.475938
0,0.499678
0,0.503122
0,0.493415
0,0.510892
0,0.503745
0,0.466705
0,0.517357
0,0.488407
0,0.487747
0,0.494489
0,0.490692
0,0.541290
0,0.538206
0,0.485550
0,0.511475
0,0.475839
0,0.488019
0,0.496176
0,0.488823
0,0.507141
0,0.500517
0,0.508465
0,0.501752
0,0.502975
0,0.496815
0,0.489079
0,0.489255
0,0.465390
0,0.483546
0,0.494993
0,0.496811
0,0.509213
0,0.493323
0,0.478376
0,0.467961
0,0.504610
0,0.483421
0,0.488831
0,0.486410
0,0.504368
0,0.501047
0,0.494537
0,0.522107
0,0.514495
0,0.516132
0,0.491003
0,0.501428
0,0.510268
0,0.498723
0,0.512420
0,0.496672
0,0.496272
0,0.488584
0,0.491960
0,0.507935
0,0.475218
0,0.494819
0,0.487916
0,0.502284
0,0.491998
0,0.469111
0,0.519795
0,0.509317
0,0.476624
0,0.479311
0,0.489749
0,0.521837
0,0.501475
0,0.489628
0,0.493349
0,0.535220
0,0.516544
0,0.503724
0,0.502892
0,0.500742
0,0.477090
0,0.473842
0,0.494284
0,0.490486
0,0.495392
0,0.506093
0,0.473515
0,0.524752
0,0.483667
0,0.496242
0,0.522576
0,0.473870
0,0.491127
0,0.502819
0,0.508987
0,0.494305
0,0.458845
0,0.498062
0,0.493618
0,0.495898
0,0.524987
0,0.522354
0,0.532958
0,0.510224
0,0.532575
0,0.540966
0,0.527299
0,0.530213
0,0.520531
0,0.535151
0,0.531139
0,0.528870
0,0.514495
0,0.529404
0,0.523984
0,0.541547
0,0.544680
0,0.537350
0,0.525751
0,0.516642
0,0.516348
0,0.540116
0,0.532921
0,0.541795
0,0.510905
0,0.515001
0,0.531678
0,0.519823
0,0.526690
0,0.527567
0,0.538043
0,0.541176
0,0.515464
0,0.531780
0,0.530226
0,0.534426
0,0.522941
0,0.523136
0,0.489713
0,0.542872
0,0.538820
0,0.506590
0,0.524376
0,0.502381
0,0.530279
0,0.525666
0,0.515476
0,0.531972
0,0.519551
0,0.526320
0,0.520942
0,0.514912
0,0.485091
0,0.501915
0,0.521224
0,0.542528
0,0.531548
0,0.516239
0,0.527015
0,0.490677
0,0.544402
0,0.507735
0,0.554145
0,0.502968
0,0.537231
0,0.546228
0,0.531307
0,0.522363
0,0.553857
0,0.503759
0,0.493987
0,0.507918
0,0.511521
0,0.512978
0,0.541743
0,0.525872
0,0.507137
0,0.511613
0,0.543140
0,0.549765
0,0.534146
0,0.501775
0,0.495133
0,0.516716
0,0.495493
0,0.506293
0,0.480363
0,0.498527
0,0.513900
0,0.535738
0,0.504195
0,0.537146
0,0.511395
0,0.515239
0,0.522679
0,0.511257
0,0.516605
0,0.516277
0,0.529017
0,0.502865
0,0.471865
0,0.469708
0,0.477922
0,0.485116
0,0.471060
0,0.471065
0,0.469497
0,0.484000
0,0.460889
0,0.476670
0,0.452156
0,0.469974
0,0.479432
0,0.481018
0,0.484359
0,0.466488
0,0.448705
0,0.470693
0,0.484997
0,0.452852
0,0.508021
0,0.484186
0,0.456464
0,0.462559
0,0.479286
0,0.478659
0,0.447899
0,0.485199
0,0.477537
0,0.479842
0,0.433342
0,0.462837
0,0.468518
0,0.468699
0,0.442485
0,0.478768
0,0.475872
0,0.449160
0,0.443151
0,0.429515
0,0.466605
0,0.481165
0,0.480387
0,0.469853
0,0.466168
0,0.443006
0,0.453974
0,0.452928
0,0.478838
0,0.452712
0,0.456605
0,0.457693
0,0.460016
0,0.498849
0,0.469259
0,0.459526
0,0.445796
0,0.474245
0,0.505369
0,0.472177
0,0.442187
0,0.454071
0,0.497311
0,0.472519
0,0.454610
0,0.451481
0,0.462971
0,0.482456
0,0.461374
0,0.463154
0,0.459444
0,0.472764
0,0.432623
0,0.464878
0,0.451958
0,0.472078
0,0.461688
0,0.473713
0,0.474781
0,0.463492
0,0.458091
0,0.467115
0,0.467167
0,0.469171
0,0.474117
0,0.483013
1,0.463006
1,0.498609
1,0.472470
1,0.481258
1,0.463808
1,0.475690
1,0.497474
1,0.495786
1,0.474777
1,0.486818
1,0.473740
1,0.475703
1,0.477893
1,0.506018
1,0.481662
1,0.474822
1,0.494318
1,0.487748
1,0.488095
1,0.497331
1,0.478992
1,0.478139
1,0.473059
1,0.473909
1,0.495414
1,0.491569
1,0.499137
1,0.474857
1,0.491256
1,0.496780
1,0.501824
1,0.502317
1,0.497216
1,0.483732
1,0.476214
1,0.484217
1,0.479256
1,0.521361
1,0.504219
1,0.515486
1,0.508519
1,0.487807
1,0.504569
1,0.521329
1,0.511379
1,0.513380
1,0.488820
1,0.504381
1,0.520610
1,0.488078
1,0.506315
1,0.483040
1,0.489802
1,0.504787
1,0.487849
1,0.499178
1,0.485965
1,0.439687
1,0.462524
1,0.476600
1,0.478201
1,0.496784
1,0.488154
1,0.506150
1,0.501836
1,0.503571
1,0.521735
1,0.471485
1,0.494386
1,0.517253
1,0.501299
1,0.480247
1,0.489315
1,0.498955
1,0.485274
1,0.504475
1,0.489866
1,0.483677
1,0.507290
1,0.496742
1,0.490594
1,0.494779
1,0.487323
1,0.499732
1,0.489995
1,0.495294
1,0.454632
1,0.503144
1,0.501387
1,0.485835
1,0.491937
1,0.468781
1,0.498500
1,0.490927
1,0.493800
1,0.494574
1,0.500121
1,0.490222
1,0.522675
1,0.481334
1,0.518811
1,0.518593
1,0.495081
1,0.493371
0,0.500223
0,0.501172
0,0.474517
0,0.513343
0,0.493893
0,0.517146
0,0.473623
0,0.505203
0,0.480060
0,0.480580
0,0.487928
0,0.486780
0,0.504579
0,0.501161
0,0.488838
0,0.502329
0,0.473070
0,0.514281
0,0.471333
0,0.486958
0,0.496036
0,0.474037
0,0.504724
0,0.475331
0,0.475576
0,0.508994
0,0.454934
0,0.525581
0,0.492860
0,0.489550
0,0.507503
0,0.494163
0,0.478589
0,0.491892
0,0.495712
0,0.482312
0,0.508929
0,0.521998
0,0.499498
0,0.499078
0,0.490203
0,0.503812
0,0.480425
0,0.507059
0,0.480679
0,0.463133
0,0.486610
0,0.466027
0,0.478956
0,0.504748
0,0.468962
0,0.479655
0,0.473507
0,0.473589
1,0.506847
1,0.551087
1,0.518607
1,0.534342
1,0.500542
1,0.516026
1,0.489631
1,0.501425
1,0.536329
1,0.511619
1,0.513997
1,0.519087
1,0.502575
1,0.516840
1,0.535872
1,0.494862
1,0.492248
1,0.494297
1,0.479412
1,0.495702
1,0.525627
1,0.489455
1,0.497389
1,0.510225
1,0.494781
1,0.503309
1,0.520816
1,0.516730
1,0.524718
1,0.478939
1,0.507743
1,0.524659
1,0.539659
1,0.515388
1,0.504263
1,0.516515
1,0.514932
1,0.500922
1,0.519340
1,0.510033
1,0.529656
1,0.519157
1,0.510943
1,0.522442
1,0.524303
1,0.521976
1,0.508418
1,0.505219
1,0.502050
1,0.505337
1,0.519146
1,0.506514
1,0.540290
1,0.528750
1,0.527169
1,0.509153
1,0.513443
1,0.517899
1,0.504065
1,0.496092
1,0.509240
1,0.509033
1,0.499612
1,0.524454
1,0.483399
1,0.510822
1,0.521697
1,0.521782
1,0.491212
1,0.528578
1,0.524228
1,0.515144
1,0.525855
1,0.543265
1,0.500417
1,0.515240
1,0.502392
1,0.517553
1,0.526117
1,0.526302
1,0.529393
1,0.500847
1,0.510312
1,0.492506
1,0.501568
1,0.526471
1,0.509185
1,0.526999
1,0.523634
1,0.516459
1,0.506581
1,0.541963
1,0.505946
1,0.523711
1,0.504572
1,0.532184
1,0.512704
1,0.515691
0,0.463690
0,0.468282
0,0.470790
0,0.478495
0,0.476014
0,0.470075
0,0.457627
0,0.483397
0,0.491096
0,0.460081
0,0.475015
0,0.508855
0,0.486132
0,0.472945
0,0.495225
0,0.481616
0,0.483587
0,0.510309
0,0.482588
0,0.453810
0,0.485608
0,0.457016
0,0.484922
0,0.488900
0,0.498469
0,0.482032
0,0.489752
0,0.484953
0,0.480271
0,0.460148
0,0.461714
0,0.492252
0,0.493687
0,0.480383
0,0.474029
0,0.464225
0,0.487834
0,0.468644
0,0.461641
0,0.498083
0,0.472309
0,0.459073
0,0.454326
0,0.457771
0,0.474887
0,0.495076
0,0.469773
0,0.469345
0,0.465286
0,0.485664
0,0.464271
0,0.463497
0,0.461880
0,0.462237
0,0.483620
0,0.468706
0,0.472344
0,0.457685
0,0.448195
0,0.470341
0,0.455125
0,0.477129
0,0.461905
0,0.448259
0,0.471112
0,0.489306
0,0.456288
0,0.489114
0,0.460474
0,0.476817
0,0.442454
0,0.451151
0,0.451990
0,0.433811
0,0.466882
0,0.485652
0,0.467271
0,0.464843
0,0.460914
0,0.487980
0,0.460137
0,0.452635
0,0.480821
0,0.501718
0,0.475943
0,0.510841
0,0.484580
0,0.493432
0,0.476846
0,0.496019
0,0.484844
0,0.487229
0,0.478466
0,0.500316
0,0.503788
0,0.478535
0,0.487190
0,0.481353
0,0.505581
0,0.476133
0,0.498002
0,0.500011
0,0.480319
0,0.491715
0,0.467442
0,0.500235
0,0.485491
0,0.494844
0,0.489640
0,0.500590
0,0.484356
0,0.498136
0,0.487234
0,0.480922
0,0.494385
0,0.486400
0,0.491414
0,0.499814
0,0.497519
0,0.510904
0,0.498961
0,0.485741
0,0.479654
0,0.472950
0,0.503990
0,0.468897
0,0.500662
0,0.518505
0,0.485505
0,0.499182
0,0.501087
0,0.498780
0,0.504029
1,0.495972
1,0.494320
1,0.486405
1,0.512881
1,0.492648
1,0.500732
1,0.485491
1,0.521445
1,0.535320
1,0.519910
1,0.494873
1,0.509638
1,0.507457
1,0.507742
1,0.502467
1,0.518816
1,0.467790
1,0.498082
1,0.515691
1,0.494038
1,0.497617
1,0.504714
1,0.480429
1,0.515635
1,0.497607
1,0.480142
1,0.488941
1,0.489984
1,0.520891
1,0.496758
1,0.472651
1,0.512847
1,0.514740
1,0.517712
1,0.494668
1,0.497368
1,0.506758
1,0.515829
1,0.463010
1,0.500849
1,0.505385
1,0.489926
1,0.496349
1,0.499057
1,0.498794
1,0.524237
1,0.485019
1,0.521498
1,0.485833
1,0.511940
1,0.508852
1,0.490846
1,0.480065
1,0.489874
1,0.507164
1,0.533674
1,0.509622
1,0.489229
1,0.528759
1,0.499780
1,0.500291
1,0.499582
1,0.494541
1,0.510020
1,0.510106
1,0.527733
1,0.515465
1,0.492828
1,0.483907
1,0.507802
1,0.493710
1,0.473940
1,0.529661
1,0.483347
1,0.502823
1,0.519522
1,0.535999
1,0.478227
1,0.516909
1,0.511653
1,0.488317
1,0.519926
1,0.499897
1,0.536107
1,0.519239
1,0.521376
1,0.492678
1,0.520437
1,0.490337
1,0.504091
1,0.498047
1,0.501220
1,0.521781
1,0.501678
1,0.509435
1,0.492358
1,0.476495
1,0.511842
1,0.510425
1,0.497120
1,0.480473
1,0.510730
1,0.467247
1,0.459299
1,0.457817
1,0.487175
1,0.506823
1,0.450252
1,0.494384
1,0.478828
1,0.460675
1,0.499363
1,0.464807
1,0.521082
1,0.504344
1,0.487942
1,0.492196
1,0.493865
1,0.495117
1,0.483720
1,0.476662
1,0.487246
1,0.482331
1,0.486367
1,0.477934
1,0.515705
1,0.502023
1,0.498571
1,0.480434
1,0.488612
1,0.459268
1,0.464600
1,0.459356
1,0.477416
1,0.509221
1,0.464686
1,0.499610
1,0.489905
1,0.475920
1,0.496631
1,0.480581
1,0.471438
1,0.500512
1,0.484314
1,0.468975
1,0.489434
1,0.497484
1,0.490675
1,0.483245
1,0.472328
1,0.480464
1,0.516403
1,0.457366
1,0.507320
1,0.493645
1,0.529146
1,0.489410
1,0.489737
1,0.476803
1,0.499395
1,0.445721
1,0.473816
1,0.478283
1,0.518375
1,0.484906
1,0.498366
1,0.465743
1,0.483071
1,0.508551
1,0.498664
1,0.494864
1,0.475428
1,0.501464
1,0.459262
1,0.488100
1,0.462685
1,0.478976
1,0.499501
1,0.508477
1,0.502708
1,0.462256
1,0.508976
1,0.496255
1,0.497706
0,0.496993
0,0.480149
0,0.503444
0,0.497286
0,0.518291
0,0.492978
0,0.508784
0,0.499414
0,0.516453
0,0.491556
0,0.472264
0,0.495487
0,0.508021
0,0.483079
0,0.452997
0,0.501727
0,0.468182
0,0.468921
0,0.526576
0,0.507591
0,0.510799
0,0.473766
0,0.486161
0,0.494022
0,0.493679
0,0.472535
0,0.480707
0,0.492147
0,0.496009
0,0.478217
0,0.496167
0,0.478039
0,0.485826
0,0.498819
0,0.474759
0,0.496228
0,0.486489
0,0.483691
0,0.514373
0,0.493909
0,0.484007
0,0.491111
0,0.477425
0,0.499315
0,0.476319
0,0.516553
0,0.488093
0,0.513783
0,0.483770
0,0.506306
0,0.523902
0,0.507506
0,0.509183
0,0.534862
0,0.483577
0,0.480269
0,0.481143
0,0.458919
0,0.513290
0,0.501414
0,0.481954
0,0.517121
0,0.517258
0,0.490205
0,0.512733
0,0.503040
0,0.514652
0,0.485001
0,0.492998
0,0.478061
