y_true,y_prob
1,0.502822
1,0.604469
1,0.681245
1,0.689637
1,0.518363
1,0.431767
1,0.625426
1,0.578985
1,0.649895
1,0.724657
1,0.365740
1,0.458083
1,0.408294
1,0.487326
1,0.398480
1,0.457528
1,0.392515
1,0.508632
1,0.510677
1,0.590470
1,0.470917
1,0.613501
1,0.535945
1,0.263374
1,0.681996
1,0.422187
1,0.685994
1,0.549545
1,0.476257
1,0.278966
1,0.475561
1,0.656841
1,0.551685
1,0.792038
1,0.529789
1,0.683084
1,0.702713
1,0.532260
1,0.583325
1,0.509809
1,0.564555
1,0.388311
1,0.514312
1,0.482434
1,0.652313
1,0.504921
1,0.438844
1,0.510368
1,0.510863
1,0.349967
1,0.401270
1,0.570727
1,0.505971
1,0.496591
1,0.527156
1,0.535036
1,0.743749
1,0.331180
1,0.619442
1,0.615069
1,0.538213
1,0.597602
1,0.672298
1,0.542469
1,0.393858
1,0.482153
1,0.620179
1,0.444652
1,0.701454
0,0.448347
0,0.461693
0,0.532947
0,0.295854
0,0.264375
0,0.425615
0,0.411629
0,0.464177
0,0.312707
0,0.437311
0,0.522620
0,0.172461
0,0.227282
0,0.252579
0,0.389241
0,0.303781
0,0.505557
0,0.346042
0,0.370300
0,0.360190
0,0.581201
0,0.454311
0,0.201493
0,0.260735
0,0.400514
0,0.191951
0,0.317227
0,0.484641
0,0.312816
0,0.232145
0,0.326128
0,0.261045
0,0.346951
0,0.280676
0,0.226259
0,0.167693
0,0.211963
0,0.099236
0,0.122202
0,0.236041
0,0.254894
0,0.211449
0,0.203575
0,0.191360
0,0.237281
0,0.151153
0,0.224833
0,0.332841
0,0.403862
0,0.299845
0,0.316152
0,0.333487
0,0.309776
0,0.290625
0,0.454367
0,0.297693
0,0.305391
0,0.392919
0,0.240226
0,0.379192
0,0.439839
0,0.226792
0,0.276585
0,0.330190
0,0.225352
0,0.255953
0,0.198260
0,0.280241
0,0.188550
0,0.391419
0,0.268365
0,0.122258
0,0.277006
0,0.404810
0,0.434809
0,0.262666
0,0.184445
0,0.180288
0,0.205457
0,0.249821
0,0.294130
0,0.272120
0,0.152676
0,0.135285
0,0.419295
0,0.198243
0,0.310559
0,0.263206
0,0.307983
0,0.197275
0,0.283817
0,0.434845
0,0.392682
0,0.393685
0,0.388172
0,0.445497
0,0.277346
0,0.339439
0,0.319030
0,0.148272
0,0.156571
0,0.206181
0,0.113545
0,0.240163
0,0.432339
0,0.099350
0,0.101160
0,0.125247
0,0.202805
0,0.167717
0,0.218526
0,0.233282
0,0.239955
0,0.033656
0,0.358114
0,0.289794
0,0.457681
0,0.122825
0,0.245642
0,0.179500
0,0.176989
0,0.154547
0,0.117036
0,0.253467
0,0.364530
0,0.222936
0,0.471557
0,0.118110
0,0.170218
0,0.228799
0,0.257543
0,0.103553
0,0.331587
0,0.339226
0,0.195947
0,0.296463
0,0.194444
0,0.223549
0,0.209443
0,0.340401
0,0.128418
0,0.187227
0,0.411937
0,0.134920
0,0.127152
0,0.302980
0,0.433796
0,0.394483
0,0.331174
0,0.372730
0,0.145476
0,0.200837
0,0.096065
0,0.164496
0,0.101392
0,0.159129
0,0.234821
0,0.206545
0,0.195778
0,0.137053
0,0.144724
0,0.313901
0,0.124578
0,0.187828
0,0.231303
0,0.159441
0,0.306201
0,0.091192
0,0.403709
0,0.279704
0,0.338155
0,0.249651
0,0.310618
0,0.111323
0,0.322814
0,0.351699
0,0.163190
0,0.092131
0,0.370835
0,0.290717
0,0.191013
0,0.182374
0,0.200748
0,0.191000
0,0.285862
0,0.126151
0,0.250073
0,0.125385
0,0.129669
0,0.212620
0,0.168998
0,0.164206
0,0.114523
0,0.144211
0,0.185962
0,0.157003
0,0.245628
0,0.188568
0,0.219954
0,0.276685
1,0.278437
1,0.161507
1,0.256420
1,0.192866
1,0.145865
1,0.095849
1,0.220998
1,0.125572
1,0.116505
1,0.074819
1,0.140865
1,0.103419
1,0.097594
1,0.094012
1,0.114202
1,0.092501
1,0.078646
1,0.081152
1,0.052574
1,0.164218
1,0.126544
1,0.099659
1,0.145097
1,0.124726
1,0.082624
1,0.134657
1,0.071620
1,0.258510
1,0.029436
1,0.117547
1,0.121482
1,0.058210
1,0.125699
1,0.083160
1,0.128683
1,0.093270
1,0.171461
1,0.107824
1,0.086994
1,0.184478
1,0.092845
1,0.099175
1,0.138194
1,0.193507
1,0.141507
1,0.075791
1,0.060852
1,0.169063
1,0.123681
1,0.184439
1,0.104213
1,0.082305
1,0.281680
1,0.160730
1,0.218726
1,0.160987
1,0.121664
1,0.085037
1,0.142197
1,0.081963
1,0.106545
1,0.049193
0,0.434405
0,0.476772
0,0.544092
0,0.505787
0,0.564293
0,0.658267
0,0.499479
0,0.446050
0,0.454290
0,0.464201
0,0.443403
0,0.621155
0,0.750601
0,0.591013
0,0.557647
0,0.463071
0,0.640249
0,0.701556
0,0.612964
0,0.392102
0,0.431855
0,0.519333
0,0.399987
0,0.359186
0,0.807026
0,0.597191
0,0.445717
0,0.723825
0,0.472956
0,0.611303
0,0.480248
0,0.602108
0,0.685743
0,0.356181
0,0.602806
0,0.415429
0,0.402061
0,0.284548
0,0.401924
0,0.729503
0,0.534257
0,0.644778
0,0.349373
0,0.513763
0,0.719300
0,0.402002
0,0.544390
0,0.645890
0,0.567244
0,0.589122
0,0.816970
0,0.751676
0,0.354678
0,0.825010
0,0.728992
0,0.545180
0,0.654197
0,0.719405
0,0.521581
0,0.671324
0,0.770313
0,0.531778
0,0.652460
0,0.716080
0,0.746819
0,0.795573
0,0.730269
0,0.716248
0,0.711566
0,0.543814
0,0.586189
0,0.323577
0,0.750657
0,0.750703
0,0.660553
0,0.625801
0,0.748077
0,0.730946
0,0.696808
0,0.559816
0,0.569631
0,0.677683
0,0.769706
0,0.853304
0,0.600143
0,0.639118
0,0.714630
0,0.907929
0,0.746611
0,0.764414
0,0.713254
0,0.521172
0,0.678749
0,0.713076
0,0.684272
0,0.658511
0,0.668540
0,0.556842
0,0.694896
0,0.776480
0,0.682652
0,0.654045
0,0.624281
0,0.689482
0,0.792147
0,0.808151
0,0.698645
0,0.776787
0,0.671333
0,0.758900
0,0.848863
0,0.603562
0,0.530127
0,0.680314
0,0.772671
0,0.666412
0,0.767645
0,0.649595
0,0.415664
0,0.455194
0,0.477986
0,0.460356
0,0.468861
0,0.183456
0,0.334269
0,0.415682
0,0.477172
0,0.656042
0,0.222353
0,0.305937
0,0.529723
0,0.387345
0,0.397382
0,0.267841
0,0.220313
0,0.247512
0,0.436176
0,0.535704
0,0.124173
0,0.315108
0,0.287745
0,0.241395
0,0.291212
0,0.181938
0,0.347168
0,0.619228
0,0.366513
0,0.380375
0,0.064278
0,0.277815
0,0.517041
0,0.510689
0,0.559484
0,0.330708
0,0.783285
0,0.830727
0,0.373752
0,0.306326
0,0.390272
0,0.460410
0,0.307732
0,0.579466
0,0.887926
0,0.535909
0,0.394449
0,0.892302
0,0.480274
0,0.326045
0,0.407092
0,0.659825
0,0.497227
0,0.549610
0,0.129146
0,0.551809
0,0.551930
0,0.267522
0,0.187996
0,0.500493
0,0.385306
0,0.359875
0,0.325856
0,0.329115
0,0.412824
0,0.186683
0,0.429199
0,0.510745
0,0.439718
0,0.522531
0,0.589278
0,0.814878
0,0.224103
0,0.839850
0,0.420520
0,0.465761
0,0.676902
0,0.515278
0,0.634866
0,0.348814
0,0.732261
0,0.424189
0,0.420824
0,0.567381
0,0.336134
0,0.456244
0,0.693491
0,0.912539
0,0.618901
0,0.500773
0,0.615483
0,0.301756
0,0.588756
0,0.166383
0,0.265123
0,0.727061
0,0.651958
0,0.474304
0,0.418389
0,0.482631
0,0.342340
0,0.342547
0,0.392708
0,0.525185
0,0.234268
0,0.428839
0,0.300756
0,0.539130
0,0.362910
0,0.241778
0,0.539903
0,0.412487
0,0.433639
0,0.555657
0,0.404153
0,0.614617
0,0.324707
0,0.400125
0,0.487513
0,0.607496
0,0.365148
0,0.646540
0,0.600774
0,0.623755
0,0.439244
0,0.436394
0,0.627617
0,0.452712
0,0.358488
0,0.207630
0,0.264809
0,0.231949
0,0.441480
0,0.615900
0,0.520906
0,0.421026
0,0.543298
0,0.269494
0,0.372772
0,0.448005
0,0.365106
0,0.527001
0,0.585046
0,0.496479
0,0.376788
0,0.646404
0,0.419782
0,0.362147
0,0.216829
0,0.501994
0,0.217781
0,0.391215
0,0.268028
0,0.538597
0,0.445931
0,0.380230
0,0.363155
0,0.237091
0,0.348576
0,0.642118
0,0.446685
0,0.489635
0,0.474331
0,0.574296
0,0.478614
0,0.348065
0,0.572262
0,0.448637
0,0.515333
0,0.532964
0,0.258044
0,0.346318
0,0.492450
0,0.461222
0,0.638401
0,0.632464
0,0.607212
0,0.641813
0,0.725426
0,0.633701
0,0.452973
0,0.619854
0,0.439936
0,0.507390
0,0.478156
0,0.328935
0,0.323212
0,0.588322
0,0.458349
0,0.477922
0,0.517983
0,0.392647
0,0.347654
0,0.461993
0,0.633526
0,0.590645
0,0.592845
0,0.416168
0,0.542897
0,0.634295
1,0.456473
1,0.575307
1,0.754725
1,0.745287
1,0.617375
1,0.642526
1,0.718823
1,0.463201
1,0.491445
1,0.365700
1,0.475902
1,0.311620
1,0.447243
1,0.262678
1,0.525066
1,0.368075
1,0.712689
1,0.604327
1,0.535078
1,0.677405
1,0.381370
1,0.401401
1,0.525770
1,0.317396
1,0.554197
1,0.532609
1,0.625101
1,0.397568
1,0.263683
1,0.491176
1,0.452241
1,0.437101
1,0.530991
1,0.800874
1,0.378552
1,0.553780
1,0.337441
1,0.289516
1,0.501749
1,0.501003
1,0.443091
1,0.329315
1,0.184958
1,0.264017
1,0.391920
1,0.372073
1,0.254778
1,0.239371
1,0.198442
1,0.236175
1,0.262648
1,0.336649
1,0.511939
1,0.377514
1,0.587363
1,0.281753
1,0.402422
1,0.396071
1,0.597426
1,0.497633
1,0.197560
1,0.402858
1,0.367595
1,0.504250
1,0.442737
1,0.311942
1,0.423286
1,0.437463
1,0.480185
1,0.563181
1,0.404813
1,0.441825
1,0.758835
1,0.452268
1,0.210474
1,0.372902
1,0.117457
1,0.243106
1,0.293002
1,0.270482
1,0.259468
1,0.254516
1,0.419794
1,0.471930
1,0.383060
1,0.306945
1,0.636107
1,0.383399
1,0.345554
1,0.581773
1,0.734687
1,0.653683
1,0.397155
1,0.331677
1,0.332029
1,0.246414
1,0.332623
1,0.268919
1,0.391755
1,0.262403
0,0.600342
0,0.867434
0,0.284683
0,0.482471
0,0.310030
0,0.316547
0,0.416939
0,0.486183
0,0.499235
0,0.495715
0,0.815149
0,0.453410
0,0.463993
0,0.450948
0,0.264315
0,0.498324
0,0.683403
0,0.382493
0,0.619235
0,0.488904
0,0.626038
0,0.890291
0,0.791547
0,0.752236
0,0.921775
0,0.728801
0,0.828192
0,0.705927
0,0.404696
0,0.566177
0,0.416799
0,0.443747
0,0.367345
0,0.250819
0,0.465010
0,0.429733
0,0.661116
0,0.794887
0,0.763338
0,0.772004
0,0.645617
0,0.727055
0,0.642511
0,0.827919
0,0.726454
0,0.633652
0,0.457674
0,0.596124
0,0.526742
0,0.634060
0,0.879920
0,0.826634
0,0.685004
0,0.655474
0,0.538480
0,0.673169
0,0.547021
0,0.324133
0,0.478037
0,0.512589
0,0.477564
0,0.348088
0,0.536392
0,0.346237
0,0.474311
0,0.659775
0,0.366316
0,0.689308
0,0.742951
0,0.684201
0,0.749389
0,0.690693
0,0.658711
0,0.910710
0,0.762940
0,0.551906
0,0.615119
0,0.758545
0,0.609515
0,0.709826
0,0.830149
0,0.828551
0,0.604979
0,0.448939
0,0.708372
0,0.564385
0,0.769308
0,0.842660
0,0.594504
0,0.632069
0,0.578054
0,0.565820
0,0.445197
0,0.442598
0,0.451342
0,0.661306
0,0.390696
0,0.491889
0,0.767983
0,0.699834
0,0.571822
0,0.571583
0,0.485608
0,0.531971
0,0.457922
0,0.555256
0,0.501407
0,0.579751
0,0.466757
0,0.651005
0,0.659130
0,0.739574
0,0.675502
0,0.486475
0,0.485674
0,0.476988
0,0.437690
0,0.367674
0,0.561785
0,0.391636
0,0.530957
0,0.277391
0,0.619617
0,0.533641
0,0.656748
0,0.468062
0,0.525923
0,0.623651
0,0.590459
0,0.384950
0,0.574351
0,0.272231
0,0.353042
0,0.495334
0,0.509963
0,0.595240
0,0.565875
0,0.658913
0,0.504605
0,0.494111
0,0.482023
0,0.575299
0,0.560338
0,0.538874
0,0.497130
0,0.545399
0,0.273070
0,0.614054
0,0.461861
0,0.433938
0,0.694990
0,0.485469
0,0.472427
0,0.526542
0,0.834342
0,0.673654
0,0.546558
0,0.459279
0,0.578614
0,0.421564
0,0.487626
0,0.463908
0,0.553764
0,0.425174
0,0.271772
0,0.530704
0,0.392453
0,0.455154
0,0.530468
0,0.423229
0,0.553809
0,0.396404
0,0.683255
0,0.410577
0,0.393108
0,0.403519
0,0.175909
0,0.422001
0,0.476225
0,0.690355
0,0.573978
0,0.800703
0,0.613745
0,0.444008
0,0.332174
0,0.728278
0,0.698551
0,0.615595
0,0.675097
0,0.709703
0,0.286357
0,0.587502
0,0.684731
0,0.328018
0,0.634298
0,0.391110
0,0.569684
0,0.776952
0,0.660006
0,0.633384
0,0.747884
0,0.873856
0,0.588422
0,0.813390
0,0.759597
0,0.707954
0,0.588505
0,0.824142
0,0.693587
0,0.746116
0,0.504214
0,0.810120
0,0.915876
0,0.614168
0,0.540714
0,0.567625
0,0.298008
0,0.529046
0,0.332741
0,0.757634
0,0.605056
0,0.536082
0,0.802625
0,0.616665
0,0.305261
0,0.609575
0,0.778503
0,0.632255
0,0.727172
0,0.361059
0,0.714100
0,0.766089
0,0.482598
0,0.751785
0,0.575447
0,0.701360
0,0.686572
0,0.609504
0,0.235036
0,0.809562
0,0.711553
0,0.899428
0,0.703745
0,0.794039
0,0.734450
0,0.825830
0,0.397751
0,0.430165
0,0.702586
0,0.577343
0,0.316301
0,0.738694
0,0.752169
0,0.839438
0,0.877105
0,0.822405
0,0.786167
0,0.736176
0,0.671879
0,0.386962
0,0.714397
0,0.719825
0,0.833679
0,0.764507
0,0.698007
0,0.757830
0,0.646046
0,0.786605
0,0.653954
0,0.654985
0,0.832270
0,0.664271
0,0.874699
0,0.869871
0,0.791802
0,0.757799
0,0.642756
0,0.607253
0,0.653816
0,0.582753
0,0.808963
0,0.778301
0,0.917355
0,0.604990
0,0.835575
0,0.769109
0,0.809391
0,0.515627
0,0.578835
0,0.497405
0,0.606319
0,0.719825
0,0.653421
0,0.710801
0,0.725796
0,0.904305
0,0.567407
0,0.435930
0,0.662360
0,0.619851
0,0.550995
0,0.541194
0,0.455493
0,0.688422
0,0.680086
0,0.402291
0,0.487982
0,0.571573
0,0.488404
0,0.589444
0,0.701820
0,0.679433
0,0.584822
0,0.547578
0,0.633289
0,0.471756
0,0.558654
0,0.640050
0,0.641659
0,0.579467
0,0.500946
0,0.374249
0,0.512963
0,0.642195
0,0.526141
0,0.579388
0,0.545238
0,0.728351
0,0.697293
0,0.502363
0,0.423599
0,0.621545
0,0.540156
0,0.548041
0,0.475274
0,0.703340
0,0.554779
0,0.571713
0,0.623651
0,0.575458
0,0.529754
0,0.638876
0,0.745382
0,0.587466
0,0.658625
0,0.659872
0,0.582402
0,0.586682
0,0.636426
0,0.675722
0,0.627571
0,0.593877
0,0.636205
0,0.640495
0,0.546439
0,0.541944
0,0.531885
0,0.618655
0,0.586304
0,0.624168
0,0.566872
0,0.583142
0,0.466920
0,0.537716
0,0.581956
0,0.614620
0,0.606422
0,0.707202
0,0.668667
0,0.537818
0,0.671689
0,0.737519
0,0.599637
0,0.633427
0,0.532830
0,0.562640
0,0.468746
0,0.608533
0,0.484951
0,0.672046
0,0.585554
0,0.677392
0,0.579433
0,0.519758
0,0.479063
0,0.573604
0,0.566502
0,0.780291
0,0.607866
0,0.577958
0,0.701107
0,0.793096
0,0.638853
0,0.530399
0,0.478260
0,0.547072
1,0.613466
1,0.550109
1,0.643416
1,0.578446
1,0.451348
1,0.817380
1,0.416618
1,0.386277
1,0.420614
1,0.371174
1,0.383590
1,0.497511
1,0.299137
1,0.538347
1,0.623011
1,0.614087
1,0.339601
1,0.541446
1,0.462160
1,0.507599
1,0.469061
1,0.503851
1,0.582804
1,0.564295
1,0.485543
1,0.464663
1,0.444778
1,0.447685
1,0.515863
1,0.473858
1,0.478097
1,0.452154
1,0.445020
1,0.578486
1,0.497725
1,0.367223
1,0.472553
1,0.489348
1,0.401072
1,0.463986
1,0.427419
1,0.319598
1,0.518649
1,0.443601
1,0.357405
1,0.650527
1,0.649737
1,0.588378
1,0.499428
1,0.435299
1,0.505040
1,0.398630
1,0.415735
1,0.316889
1,0.498802
1,0.452641
1,0.286398
1,0.329331
1,0.508638
1,0.504982
1,0.583486
1,0.506809
1,0.559188
1,0.401252
1,0.354578
1,0.418509
1,0.471560
1,0.488385
1,0.456070
1,0.443295
1,0.448865
1,0.479122
1,0.466548
1,0.474463
1,0.505543
1,0.520499
1,0.606891
1,0.468279
1,0.495669
1,0.471716
1,0.457975
1,0.576885
1,0.451865
1,0.476173
1,0.426238
1,0.567497
1,0.318651
1,0.517255
1,0.397360
1,0.409365
1,0.449957
1,0.396808
1,0.583396
1,0.607598
1,0.476176
1,0.451712
1,0.506263
1,0.480123
1,0.456862
1,0.515911
0,0.341712
0,0.363706
0,0.655005
0,0.521152
0,0.629108
0,0.360117
0,0.598674
0,0.619350
0,0.457195
0,0.503555
0,0.578660
0,0.531326
0,0.594464
0,0.558791
0,0.370713
0,0.481676
0,0.524410
0,0.646808
0,0.548658
0,0.548672
0,0.293537
0,0.493253
0,0.481195
0,0.477128
0,0.715330
0,0.524900
0,0.622926
0,0.601637
0,0.709420
0,0.501997
0,0.559608
0,0.489671
0,0.258060
0,0.495829
0,0.491745
0,0.529505
0,0.614473
0,0.446977
0,0.380668
0,0.595251
0,0.535037
0,0.629142
0,0.689129
0,0.442897
0,0.690484
0,0.713488
0,0.277996
0,0.595449
0,0.373968
0,0.587315
0,0.463298
0,0.501638
0,0.460666
0,0.383756
0,0.336891
0,0.484901
0,0.311425
0,0.372143
0,0.257141
0,0.344138
0,0.589492
0,0.436615
0,0.659494
0,0.564515
0,0.626641
0,0.557815
0,0.548941
0,0.539896
0,0.601158
0,0.549009
0,0.713896
0,0.541057
0,0.538458
0,0.560066
1,0.306996
1,0.505639
1,0.337449
1,0.217465
1,0.548983
1,0.344479
1,0.642774
1,0.649918
1,0.547983
1,0.456219
1,0.308629
1,0.143563
1,0.299590
1,0.272518
1,0.597200
1,0.492919
1,0.422570
1,0.535504
1,0.690663
1,0.599916
1,0.494315
1,0.711897
1,0.464254
1,0.485225
1,0.428770
1,0.421356
1,0.385737
1,0.401004
1,0.534273
1,0.476714
1,0.541927
1,0.597600
1,0.625174
1,0.515224
1,0.263417
1,0.312793
1,0.625992
1,0.469219
1,0.649976
1,0.387564
1,0.411118
1,0.398825
1,0.520088
1,0.332951
1,0.378542
1,0.145890
1,0.742809
1,0.316079
1,0.446703
1,0.271531
1,0.209726
1,0.480744
1,0.194582
1,0.260062
1,0.291905
1,0.261167
1,0.236367
1,0.234456
1,0.401807
1,0.400485
1,0.429028
1,0.543610
1,0.284932
1,0.267587
1,0.229163
1,0.396279
1,0.442244
1,0.388061
1,0.314523
1,0.498095
1,0.491417
1,0.333237
1,0.359636
1,0.357480
1,0.428436
1,0.342203
1,0.573203
1,0.391768
1,0.636494
1,0.337548
1,0.458388
1,0.426818
1,0.418308
1,0.400747
1,0.395882
1,0.342553
1,0.274167
1,0.303432
1,0.382674
1,0.374039
1,0.427652
1,0.375227
1,0.378331
1,0.338533
1,0.312932
1,0.241773
1,0.357769
1,0.363500
1,0.317827
1,0.329720
1,0.364811
1,0.588021
1,0.522073
1,0.413574
1,0.592375
1,0.494171
1,0.512285
1,0.354913
1,0.389309
1,0.491526
1,0.446051
1,0.403133
1,0.272383
1,0.459214
1,0.523900
1,0.421836
1,0.389872
1,0.374745
1,0.288822
1,0.327669
1,0.262673
1,0.338799
1,0.388479
1,0.325299
1,0.533629
1,0.542452
1,0.421728
1,0.349932
1,0.345614
1,0.409146
1,0.368751
1,0.405141
1,0.408532
1,0.339250
1,0.389197
1,0.334242
1,0.391878
1,0.342848
1,0.359341
1,0.306531
1,0.367262
1,0.302753
1,0.380160
1,0.388365
1,0.340654
1,0.283942
1,0.297427
1,0.343121
1,0.352516
1,0.364174
1,0.413932
1,0.299661
1,0.256633
1,0.280236
1,0.364865
1,0.355556
1,0.399834
1,0.215911
1,0.484002
1,0.695622
1,0.464352
1,0.744957
1,0.656242
1,0.557609
1,0.836756
1,0.467375
1,0.495871
1,0.664648
1,0.663854
1,0.690388
1,0.642997
1,0.804186
1,0.792234
1,0.650174
1,0.734460
1,0.827445
1,0.636295
1,0.801753
1,0.561777
1,0.652222
1,0.713071
1,0.766953
1,0.587123
1,0.576870
1,0.696431
1,0.417501
1,0.821787
1,0.550219
1,0.780168
1,0.480883
1,0.695286
1,0.812211
1,0.618879
1,0.391536
1,0.755538
1,0.592673
1,0.715476
1,0.592043
1,0.555498
1,0.547023
1,0.663692
1,0.810840
1,0.740147
1,0.630254
1,0.672005
1,0.732286
1,0.644984
1,0.577006
1,0.491938
1,0.585494
1,0.746138
1,0.700734
1,0.411475
1,0.767152
1,0.691535
1,0.812605
1,0.463242
1,0.687153
1,0.844969
1,0.694333
1,0.617036
1,0.766335
1,0.808621
1,0.825457
1,0.785291
1,0.258406
1,0.412877
1,0.636702
1,0.457969
1,0.750503
1,0.616065
1,0.754594
1,0.611104
1,0.506863
1,0.644617
1,0.751899
1,0.459615
1,0.682762
1,0.673512
1,0.827038
1,0.485736
1,0.398141
1,0.627789
1,0.800638
1,0.552750
1,0.618231
1,0.735658
1,0.707517
1,0.485033
1,0.553760
1,0.677854
1,0.775651
1,0.679385
1,0.815586
1,0.839039
1,0.494380
1,0.610340
1,0.522392
1,0.270304
1,0.284222
1,0.307635
1,0.249515
1,0.290817
1,0.351466
1,0.323115
1,0.357473
1,0.315333
1,0.351184
1,0.338269
1,0.302100
1,0.364377
1,0.336602
1,0.308062
1,0.292722
1,0.231474
1,0.242748
1,0.268425
1,0.229992
1,0.222810
1,0.204570
1,0.268937
1,0.318014
1,0.266242
1,0.397020
1,0.280446
1,0.329005
1,0.245071
1,0.292282
1,0.297800
1,0.287938
1,0.346442
1,0.341232
1,0.311294
1,0.321753
1,0.370257
1,0.377685
1,0.300616
1,0.261479
1,0.245549
1,0.274203
1,0.306257
1,0.189986
1,0.185143
1,0.227534
1,0.368184
1,0.242405
1,0.286461
1,0.307488
1,0.316705
1,0.179566
1,0.252398
1,0.292710
1,0.205267
1,0.375059
1,0.248779
1,0.410555
1,0.377856
1,0.303331
1,0.319601
1,0.275409
1,0.186615
1,0.277950
1,0.204429
1,0.302767
1,0.325634
1,0.310448
1,0.256954
1,0.353898
1,0.287328
1,0.355944
1,0.227449
1,0.281786
1,0.311884
1,0.266754
1,0.221324
1,0.257557
1,0.271076
1,0.364247
1,0.277744
1,0.320285
1,0.195948
1,0.276779
1,0.327736
1,0.385575
1,0.368490
1,0.281993
1,0.402270
1,0.348873
1,0.251440
1,0.273255
1,0.268223
1,0.258386
1,0.230607
1,0.370202
1,0.282338
1,0.277056
1,0.321272
1,0.297725
1,0.217260
1,0.281508
1,0.310548
1,0.301152
1,0.293964
1,0.180308
1,0.224060
1,0.311765
1,0.245179
1,0.374213
1,0.258884
1,0.236465
1,0.219768
1,0.140433
1,0.220971
1,0.306155
1,0.204476
1,0.448891
1,0.257666
1,0.292740
1,0.276698
1,0.331697
1,0.307299
1,0.240932
1,0.276042
1,0.269020
1,0.386970
1,0.290166
1,0.265984
1,0.236677
1,0.342827
1,0.336105
1,0.259010
1,0.327760
1,0.233074
1,0.255113
1,0.313672
1,0.288712
1,0.274225
1,0.263042
1,0.244823
1,0.271917
1,0.525537
1,0.440184
1,0.423063
1,0.421486
1,0.271314
1,0.483840
1,0.302050
1,0.501227
1,0.407890
1,0.392003
1,0.460350
1,0.487609
1,0.290578
1,0.374328
1,0.300385
1,0.575824
1,0.476193
1,0.281262
1,0.286881
1,0.369017
1,0.258158
1,0.330918
1,0.529485
1,0.496136
1,0.340250
1,0.476119
1,0.490178
1,0.195410
1,0.409820
1,0.349511
1,0.359906
1,0.435945
1,0.259408
1,0.291396
1,0.503138
1,0.327603
1,0.431310
1,0.383660
1,0.299897
1,0.406675
1,0.393443
1,0.317344
1,0.551967
1,0.409371
1,0.325488
1,0.440249
1,0.460833
1,0.308572
1,0.441843
1,0.471754
1,0.549293
1,0.466551
1,0.427049
1,0.426575
1,0.438501
1,0.407767
1,0.413045
1,0.499942
1,0.558239
1,0.427377
1,0.415364
1,0.511335
1,0.483650
1,0.563953
1,0.485742
1,0.342798
1,0.362394
1,0.491390
1,0.388813
1,0.501286
1,0.398755
1,0.425045
1,0.440963
1,0.291143
1,0.473779
1,0.404396
1,0.638040
1,0.595615
1,0.624298
1,0.578049
1,0.430948
1,0.372683
1,0.578409
1,0.449022
1,0.571013
1,0.520359
1,0.632494
1,0.507187
1,0.566546
1,0.672214
1,0.545507
1,0.703208
1,0.616415
1,0.469927
1,0.555152
1,0.657504
1,0.604877
1,0.526423
1,0.510723
1,0.594449
1,0.717173
1,0.674845
1,0.487919
1,0.484503
1,0.585310
1,0.653011
1,0.641093
1,0.608932
1,0.535806
1,0.501736
1,0.671594
1,0.703492
1,0.662355
1,0.565035
1,0.695951
1,0.572544
1,0.414483
1,0.523940
1,0.735980
1,0.477050
1,0.654071
1,0.679515
1,0.422007
1,0.635799
1,0.692898
1,0.631441
1,0.714123
1,0.824615
1,0.599023
1,0.664305
1,0.825162
0,0.465469
0,0.380044
0,0.487615
0,0.455342
0,0.463895
0,0.561420
0,0.485006
0,0.424692
0,0.515105
0,0.464790
0,0.297457
0,0.401790
0,0.481457
0,0.492912
0,0.359839
0,0.419717
0,0.532085
0,0.461768
0,0.351881
0,0.513288
0,0.683306
0,0.613388
0,0.534077
0,0.606997
0,0.374243
0,0.564443
0,0.552416
0,0.475890
0,0.500452
0,0.536175
0,0.458649
0,0.655761
0,0.563878
0,0.571326
0,0.548975
0,0.572590
0,0.431178
0,0.346327
0,0.385526
0,0.373356
0,0.531100
0,0.514848
0,0.397873
0,0.392395
0,0.455044
0,0.499308
0,0.494889
0,0.525673
0,0.549625
0,0.503041
0,0.547408
0,0.373742
0,0.383146
0,0.562790
0,0.574375
0,0.479258
0,0.477909
0,0.559074
0,0.437508
0,0.493658
0,0.611306
0,0.589433
0,0.565146
0,0.331413
0,0.335650
0,0.421904
0,0.473421
0,0.299809
0,0.357713
0,0.464123
0,0.344412
0,0.446236
0,0.447576
0,0.542599
0,0.508976
0,0.632061
0,0.501068
0,0.513770
0,0.573649
0,0.373963
0,0.261917
0,0.632787
0,0.596790
0,0.450333
0,0.391611
0,0.570420
0,0.593726
0,0.596420
0,0.511261
0,0.638632
0,0.328723
0,0.552146
0,0.730339
0,0.642767
0,0.467042
0,0.521850
0,0.553553
0,0.585594
0,0.297351
0,0.553550
0,0.734705
0,0.567837
0,0.248267
0,0.224365
0,0.333070
0,0.160679
0,0.767149
0,0.655234
0,0.656040
0,0.587570
0,0.776397
0,0.635053
0,0.685283
0,0.284908
0,0.622974
0,0.559400
0,0.703379
0,0.658768
0,0.608398
0,0.220881
0,0.746195
0,0.334013
0,0.668536
0,0.322021
0,0.561287
0,0.653045
0,0.228102
0,0.436224
0,0.364449
0,0.543972
0,0.488416
0,0.446445
0,0.236487
0,0.354466
0,0.521524
0,0.589629
0,0.610150
0,0.668469
0,0.465521
0,0.537750
0,0.505715
0,0.487757
0,0.595738
0,0.576562
0,0.464562
0,0.530048
0,0.652307
0,0.567122
0,0.531207
0,0.440007
0,0.702334
0,0.587101
0,0.508119
0,0.353669
0,0.595792
0,0.438083
0,0.432774
0,0.448217
0,0.556144
0,0.661098
0,0.534157
0,0.627791
0,0.294388
0,0.367436
0,0.326506
0,0.649119
0,0.580279
0,0.364954
0,0.549855
0,0.422967
0,0.665200
0,0.381562
0,0.410576
0,0.383519
0,0.476357
0,0.436139
0,0.363829
0,0.462220
0,0.599336
0,0.301615
0,0.460321
0,0.624302
0,0.287588
0,0.542531
0,0.377748
0,0.549717
0,0.429784
0,0.301358
0,0.589366
0,0.410859
0,0.298086
1,0.664979
1,0.735605
1,0.925566
1,0.684878
1,0.531378
1,0.783328
1,0.728381
1,0.851576
1,0.796197
1,0.875766
1,0.897844
1,0.921893
1,0.853888
1,0.910113
1,0.808672
1,0.874263
1,0.425405
1,0.802066
1,0.927795
1,0.936348
1,0.881484
1,0.763120
1,0.890502
1,0.912231
1,0.742985
1,0.687386
1,0.920793
1,0.854805
1,0.842809
1,0.670812
1,0.801074
1,0.839269
1,0.761538
1,0.931694
1,0.848446
1,0.902479
1,0.785193
1,0.796152
1,0.346037
1,0.878913
1,0.805796
1,0.934241
1,0.756009
1,0.929719
1,0.932557
1,0.764690
1,0.683203
1,0.884798
1,0.907066
1,0.731140
1,0.860224
1,0.643002
1,0.907305
1,0.899477
1,0.728090
1,0.756059
1,0.877205
1,0.864436
1,0.734368
1,0.867050
1,0.820039
1,0.763819
1,0.754372
1,0.919036
1,0.757560
1,0.949786
1,0.724624
1,0.701266
1,0.850001
1,0.896520
1,0.636664
1,0.923462
1,0.772383
1,0.853875
1,0.886946
1,0.812463
1,0.737298
1,0.872356
1,0.707218
1,0.843142
1,0.774974
1,0.788039
1,0.844718
1,0.782814
1,0.754268
1,0.762694
1,0.898666
1,0.808037
1,0.825986
1,0.721142
1,0.856091
1,0.948800
1,0.989077
1,0.972673
1,0.757104
1,0.593725
1,0.796453
1,0.841446
1,0.820475
1,0.833358
1,0.501662
1,0.514583
1,0.438379
1,0.548608
1,0.402823
1,0.606628
1,0.703669
1,0.461549
1,0.529584
1,0.607076
1,0.486743
1,0.698324
1,0.713533
1,0.668816
1,0.785733
1,0.749079
1,0.673385
1,0.532137
1,0.630897
1,0.660817
1,0.454793
1,0.618600
1,0.474866
1,0.404798
1,0.502212
1,0.619774
1,0.397792
1,0.471117
1,0.521243
1,0.619458
1,0.406588
1,0.404925
1,0.466936
1,0.586022
1,0.470927
1,0.477837
1,0.499134
1,0.449899
1,0.702957
1,0.408437
1,0.355834
1,0.611113
1,0.430307
1,0.441445
1,0.418433
1,0.623448
1,0.527960
1,0.444798
1,0.454778
1,0.439392
1,0.475338
1,0.467666
1,0.522645
1,0.532319
1,0.645597
1,0.382135
1,0.701604
1,0.548401
1,0.426685
1,0.698246
1,0.482585
1,0.454768
1,0.715555
1,0.504115
1,0.658528
1,0.780885
1,0.813751
1,0.788251
1,0.369473
1,0.582651
1,0.621536
1,0.727276
1,0.613199
1,0.568546
1,0.649300
1,0.643294
1,0.715997
1,0.689435
1,0.740085
1,0.490622
1,0.614805
1,0.644438
1,0.716968
1,0.467602
1,0.518024
1,0.754470
1,0.737790
1,0.684551
1,0.831805
1,0.848267
1,0.766834
1,0.801983
1,0.775610
1,0.585732
1,0.548081
1,0.841476
1,0.785081
1,0.766925
1,0.845397
1,0.865505
1,0.875232
1,0.687132
1,0.825213
1,0.770449
1,0.796753
1,0.754469
1,0.746036
1,0.793758
1,0.689129
1,0.745953
1,0.711831
1,0.647053
1,0.592518
1,0.636333
1,0.762398
1,0.774038
1,0.755071
1,0.723783
1,0.808862
1,0.841197
1,0.811339
1,0.586451
1,0.937221
1,0.838372
1,0.837189
1,0.506527
1,0.801722
1,0.723447
1,0.830411
1,0.671560
1,0.689828
1,0.771492
1,0.653487
1,0.759837
1,0.691436
1,0.692765
1,0.766599
1,0.746262
1,0.761208
1,0.518865
1,0.574943
1,0.736563
1,0.869026
1,0.691943
1,0.859333
1,0.819524
1,0.841470
1,0.681682
1,0.614517
1,0.694108
1,0.835967
1,0.219676
1,0.301637
1,0.560223
1,0.633213
1,0.306283
1,0.229972
1,0.282324
1,0.462339
1,0.703324
1,0.755061
1,0.193502
1,0.405907
1,0.344651
1,0.420756
1,0.317273
1,0.418904
1,0.381426
1,0.180893
1,0.151165
1,0.118503
1,0.211903
1,0.207580
1,0.324505
1,0.427764
1,0.524999
1,0.185955
1,0.381124
1,0.459768
1,0.640071
1,0.148822
1,0.209871
1,0.370814
1,0.591019
1,0.465085
1,0.113694
1,0.499704
1,0.615639
1,0.489196
1,0.279020
1,0.222576
1,0.330356
1,0.394016
1,0.109433
1,0.314207
1,0.077330
1,0.168767
1,0.458465
1,0.453895
1,0.272048
1,0.232320
1,0.298125
1,0.251576
1,0.052288
1,0.519197
1,0.132646
1,0.047285
1,0.145124
1,0.180668
1,0.322208
1,0.211992
1,0.584370
1,0.737160
1,0.619503
1,0.256953
1,0.352048
1,0.720322
1,0.533553
1,0.537739
1,0.570084
1,0.216345
1,0.218814
1,0.387029
1,0.327833
1,0.184682
1,0.212889
1,0.073118
1,0.089772
1,0.410362
1,0.367503
1,0.176933
1,0.392465
1,0.260884
1,0.073731
1,0.124610
1,0.308500
1,0.301870
1,0.747119
1,0.748372
1,0.334959
1,0.219347
1,0.141002
1,0.148093
1,0.092197
1,0.187123
1,0.495442
1,0.582974
1,0.701650
1,0.272729
1,0.340690
1,0.552315
1,0.704670
1,0.713395
1,0.722543
1,0.847742
1,0.811538
1,0.621898
1,0.835109
1,0.676061
1,0.752515
1,0.749348
1,0.842582
1,0.605937
1,0.666220
1,0.734082
1,0.656256
1,0.597802
1,0.520854
1,0.555998
1,0.544924
1,0.572358
1,0.761040
1,0.813823
1,0.639297
1,0.619666
1,0.659244
1,0.753044
1,0.660259
1,0.724556
1,0.603317
1,0.704707
1,0.571681
1,0.679230
1,0.849324
1,0.672378
1,0.668969
1,0.635055
1,0.693980
1,0.620152
1,0.720961
1,0.548963
1,0.558378
1,0.683478
1,0.596734
1,0.584513
1,0.587337
1,0.517254
1,0.440132
1,0.640384
1,0.613063
1,0.705022
1,0.822623
1,0.799980
1,0.672581
1,0.623247
1,0.645242
1,0.583117
1,0.492498
1,0.483275
1,0.884343
1,0.705020
1,0.796285
1,0.530503
1,0.493362
1,0.556396
1,0.655971
1,0.656440
1,0.697944
1,0.619599
1,0.601141
1,0.685667
1,0.441333
1,0.635065
1,0.695918
1,0.699238
1,0.455844
1,0.525849
1,0.669408
1,0.811602
1,0.666398
1,0.721505
1,0.761067
1,0.777668
1,0.728171
0,0.358544
0,0.405297
0,0.265685
0,0.253671
0,0.294778
0,0.174632
0,0.195403
0,0.398290
0,0.459062
0,0.226904
0,0.222569
0,0.127170
0,0.256641
0,0.090593
0,0.233366
0,0.178439
0,0.161311
0,0.657898
0,0.238192
0,0.297174
0,0.264120
0,0.249775
0,0.232089
0,0.170384
0,0.172020
0,0.117774
0,0.276478
0,0.387201
0,0.288026
0,0.505217
0,0.406714
0,0.211942
0,0.244898
0,0.273939
0,0.169935
0,0.159141
0,0.282332
0,0.162688
0,0.284941
0,0.259771
0,0.284330
0,0.330727
0,0.326627
0,0.530722
0,0.250750
0,0.122049
0,0.562712
0,0.257746
0,0.533411
0,0.321586
0,0.209265
0,0.208331
0,0.343082
0,0.140753
0,0.234965
0,0.223710
0,0.218218
0,0.111738
0,0.204719
0,0.367539
0,0.172644
0,0.200576
0,0.258948
0,0.179481
0,0.369632
0,0.188281
0,0.298051
0,0.479676
0,0.170726
0,0.220127
0,0.485336
0,0.246209
0,0.315005
0,0.407696
0,0.359986
0,0.279613
0,0.269579
0,0.212930
0,0.257421
0,0.417300
0,0.223916
0,0.316716
0,0.331400
0,0.405406
0,0.238537
0,0.337303
0,0.245393
0,0.350636
0,0.248646
0,0.216233
0,0.328979
0,0.367932
0,0.149831
0,0.248053
0,0.311862
0,0.312210
0,0.317951
0,0.335625
0,0.195574
0,0.142639
0,0.468886
0,0.208264
0,0.286197
0,0.334472
0,0.463445
0,0.397214
0,0.539452
0,0.432877
0,0.472662
0,0.408030
0,0.426901
0,0.563723
0,0.493318
0,0.433610
0,0.538931
0,0.462420
0,0.405344
0,0.475748
0,0.464060
0,0.492987
0,0.467879
0,0.398095
0,0.408137
0,0.438011
0,0.473548
0,0.445507
0,0.434353
0,0.364888
0,0.332735
0,0.372200
0,0.448584
0,0.326868
0,0.502627
0,0.339972
0,0.456687
0,0.366621
0,0.455192
0,0.432460
0,0.368444
0,0.491961
0,0.493503
0,0.580522
0,0.482538
0,0.411587
0,0.339648
0,0.434180
0,0.394053
0,0.421753
1,0.762477
1,0.750313
1,0.685802
1,0.800687
1,0.806249
1,0.634790
1,0.678866
1,0.797879
1,0.878449
1,0.719320
1,0.696353
1,0.530907
1,0.690817
1,0.702966
1,0.798966
1,0.635030
1,0.566294
1,0.857082
1,0.741922
1,0.697895
1,0.704301
1,0.819855
1,0.794631
1,0.685581
1,0.580630
1,0.705814
1,0.633341
1,0.735723
1,0.827232
1,0.595895
1,0.706147
1,0.728611
1,0.606737
1,0.692253
1,0.688840
1,0.715119
1,0.760303
1,0.673060
1,0.846103
1,0.629033
1,0.695904
1,0.552099
1,0.607010
1,0.526785
1,0.765657
1,0.662333
1,0.702369
1,0.656302
1,0.737995
1,0.746010
1,0.870623
1,0.708550
1,0.824893
1,0.707080
1,0.736184
1,0.782236
1,0.683151
1,0.565731
1,0.850605
1,0.807628
1,0.630407
1,0.615301
1,0.716942
1,0.678772
1,0.693780
1,0.833209
1,0.669175
1,0.643424
1,0.631821
1,0.757998
1,0.819855
1,0.647661
1,0.707272
1,0.751298
1,0.695984
1,0.708847
1,0.742611
1,0.814799
1,0.773287
1,0.729684
1,0.782828
1,0.837552
1,0.843784
1,0.361138
1,0.680585
1,0.692586
1,0.728417
1,0.640337
1,0.761684
1,0.640596
1,0.506992
1,0.606449
1,0.522389
1,0.808206
1,0.851309
1,0.826977
1,0.706618
1,0.712163
1,0.766901
1,0.711690
1,0.743885
1,0.637277
1,0.574210
1,0.623264
1,0.686649
1,0.862950
1,0.756123
1,0.560850
1,0.597165
1,0.660199
1,0.748037
1,0.628529
1,0.679901
1,0.823519
1,0.503456
1,0.570116
1,0.393948
1,0.519363
1,0.749438
1,0.547528
1,0.722723
1,0.700181
1,0.647186
1,0.297908
1,0.617628
1,0.551897
1,0.428872
1,0.641108
1,0.581922
1,0.804803
1,0.598756
1,0.451267
1,0.913550
1,0.661119
1,0.551930
1,0.826592
1,0.515661
1,0.492512
1,0.716486
1,0.523835
1,0.539081
1,0.708119
1,0.588902
1,0.504458
1,0.734850
1,0.645716
1,0.820982
1,0.537581
1,0.596842
1,0.751387
1,0.841467
1,0.592570
1,0.374569
1,0.566704
1,0.725065
1,0.468724
1,0.440210
1,0.562146
1,0.754441
1,0.366569
1,0.312496
1,0.499583
1,0.497800
1,0.409081
1,0.497895
1,0.733014
1,0.371767
1,0.412471
1,0.370848
1,0.367669
1,0.666747
1,0.575577
1,0.425805
1,0.258435
1,0.677112
1,0.561873
1,0.603078
1,0.565900
1,0.724371
1,0.255739
1,0.671949
1,0.556205
1,0.708667
1,0.526426
1,0.628984
1,0.688252
1,0.615169
1,0.585363
1,0.520900
1,0.637066
1,0.481610
1,0.438194
1,0.578281
1,0.652510
1,0.567073
1,0.434476
1,0.670427
1,0.465299
1,0.637042
1,0.552115
1,0.417932
1,0.224374
1,0.314773
1,0.467950
1,0.569230
1,0.526932
1,0.682609
1,0.733289
1,0.624609
1,0.791428
1,0.443935
1,0.663120
1,0.448345
1,0.449293
1,0.281142
1,0.407759
1,0.455436
1,0.477930
1,0.468537
1,0.585052
1,0.294775
1,0.453128
1,0.612172
1,0.297395
1,0.382080
1,0.159742
1,0.238270
1,0.479583
1,0.489409
1,0.237628
1,0.487305
1,0.292244
1,0.456854
1,0.314861
1,0.493157
1,0.432922
1,0.624578
1,0.602685
1,0.511898
1,0.386441
1,0.538196
1,0.469202
1,0.824363
1,0.283122
1,0.601025
0,0.781850
0,0.774344
0,0.627334
0,0.767928
0,0.562024
0,0.664799
0,0.543936
0,0.532041
0,0.624309
0,0.372037
0,0.488686
0,0.414677
0,0.227228
0,0.386406
0,0.208545
0,0.478010
0,0.290481
0,0.236745
0,0.318057
0,0.297617
0,0.498331
0,0.407129
0,0.456984
0,0.546820
0,0.549508
0,0.685299
0,0.375432
0,0.338642
0,0.287730
0,0.533230
0,0.421201
0,0.490859
0,0.609279
0,0.346115
0,0.702967
0,0.499731
0,0.230823
0,0.343823
0,0.529188
0,0.525995
0,0.648816
0,0.710518
0,0.732624
0,0.659521
0,0.486276
0,0.354711
0,0.565410
0,0.490846
0,0.759236
0,0.429875
0,0.461279
0,0.251983
0,0.461066
0,0.442737
0,0.678504
0,0.587019
0,0.440113
0,0.567805
0,0.585295
0,0.452945
0,0.466907
0,0.461593
0,0.540637
0,0.462875
0,0.440059
0,0.417794
0,0.387220
0,0.457484
0,0.464543
0,0.552069
0,0.426399
0,0.397057
0,0.390353
0,0.565393
0,0.489724
0,0.379329
0,0.479645
0,0.465985
0,0.567840
0,0.454386
0,0.461030
0,0.551789
0,0.468629
0,0.496867
0,0.437793
0,0.401030
0,0.421221
0,0.391657
0,0.483721
0,0.526855
0,0.420439
0,0.370705
0,0.409897
0,0.381444
0,0.499560
0,0.338940
0,0.436270
0,0.539739
0,0.407805
0,0.535977
0,0.339998
0,0.360266
0,0.468354
0,0.429974
0,0.443657
0,0.355611
0,0.477629
0,0.360075
0,0.496089
0,0.410442
0,0.380475
0,0.358414
0,0.376079
0,0.328414
0,0.481420
0,0.414112
0,0.392537
0,0.476122
0,0.423636
0,0.358726
0,0.447581
0,0.404047
0,0.482179
0,0.475373
0,0.472617
0,0.422145
0,0.484279
0,0.390227
0,0.420975
0,0.456233
0,0.453541
0,0.467248
0,0.437055
0,0.286334
0,0.452574
0,0.353637
0,0.453804
0,0.516307
0,0.330249
0,0.402617
0,0.510074
0,0.464208
0,0.352877
0,0.421781
0,0.334743
0,0.372083
0,0.357850
0,0.330467
0,0.301521
0,0.330570
0,0.308848
0,0.293896
0,0.549010
0,0.442561
0,0.265181
0,0.481246
0,0.578914
0,0.196544
0,0.370199
0,0.105066
0,0.114210
0,0.368598
0,0.289648
0,0.251448
0,0.464284
0,0.365071
0,0.446014
0,0.455233
0,0.182508
0,0.684817
0,0.293362
0,0.420144
0,0.282138
0,0.098754
0,0.214429
0,0.390585
0,0.318162
0,0.475721
0,0.606526
0,0.444787
0,0.444919
0,0.390986
0,0.427911
0,0.351118
0,0.240324
0,0.216664
0,0.548129
0,0.692512
0,0.506609
0,0.612082
0,0.485895
0,0.116168
0,0.633073
0,0.374614
0,0.442667
0,0.447055
0,0.358195
0,0.269243
0,0.267196
0,0.278855
0,0.240040
0,0.248623
0,0.467577
0,0.189862
0,0.378454
0,0.575279
0,0.204746
0,0.837494
0,0.205390
0,0.155002
0,0.282470
0,0.462044
0,0.564093
0,0.497687
0,0.312167
0,0.368387
0,0.506312
0,0.656781
0,0.231619
0,0.589197
0,0.617146
0,0.241470
0,0.208513
0,0.405516
0,0.344684
0,0.436318
0,0.408285
0,0.457026
0,0.330637
0,0.105607
0,0.411187
0,0.300888
0,0.383024
0,0.302291
0,0.489271
0,0.628272
0,0.557105
0,0.362141
0,0.662776
0,0.466276
0,0.461595
0,0.475973
0,0.416745
0,0.306817
0,0.268182
0,0.140458
0,0.481240
0,0.350345
0,0.376793
0,0.497887
0,0.356930
0,0.559662
0,0.486595
0,0.573948
0,0.362592
0,0.330188
0,0.404827
0,0.447240
0,0.486411
0,0.243490
0,0.254088
0,0.312921
0,0.454193
0,0.294471
0,0.431502
0,0.261448
0,0.473518
0,0.293893
0,0.337089
0,0.243733
0,0.375349
0,0.238087
0,0.389974
0,0.314388
0,0.262102
0,0.423842
0,0.335687
0,0.495671
0,0.443648
0,0.373044
0,0.328827
0,0.604503
0,0.343232
0,0.312121
0,0.353174
0,0.231270
0,0.238032
0,0.226257
0,0.343355
0,0.276234
0,0.371202
0,0.364984
0,0.186878
0,0.311008
0,0.335130
0,0.191466
0,0.347221
0,0.437172
0,0.445651
0,0.180098
0,0.284571
0,0.379719
0,0.406261
0,0.391182
0,0.343607
0,0.449956
0,0.297082
0,0.358486
0,0.490790
0,0.481847
0,0.342544
0,0.306769
0,0.429495
0,0.453519
0,0.257914
0,0.348591
0,0.421349
0,0.478745
0,0.294459
0,0.434701
0,0.324023
0,0.267206
0,0.487266
0,0.461263
0,0.245136
0,0.351984
0,0.414822
1,0.389513
1,0.736375
1,0.383304
1,0.318143
1,0.506560
1,0.360320
1,0.271700
1,0.526400
1,0.548639
1,0.718780
1,0.458451
1,0.744827
1,0.652678
1,0.530732
1,0.540468
1,0.663288
1,0.567011
1,0.252063
1,0.693410
1,0.619148
1,0.664983
1,0.668699
1,0.707023
1,0.741086
1,0.580581
1,0.646090
1,0.689241
1,0.719734
1,0.864419
1,0.608758
1,0.567564
1,0.795017
1,0.735930
1,0.665702
1,0.855677
1,0.765832
1,0.597186
1,0.907483
1,0.708752
1,0.672804
1,0.592045
1,0.560243
1,0.613395
1,0.563517
1,0.681956
1,0.766937
1,0.584402
1,0.661220
1,0.824238
1,0.887292
1,0.546032
1,0.857584
1,0.573006
1,0.429312
1,0.741835
1,0.735923
1,0.745539
1,0.621097
1,0.640895
1,0.666554
1,0.813126
1,0.601443
1,0.843437
1,0.899407
1,0.853624
1,0.562536
1,0.837497
1,0.815804
1,0.852855
1,0.841905
1,0.301856
1,0.295433
1,0.099076
1,0.384204
1,0.316026
1,0.300098
1,0.165371
1,0.342342
1,0.354143
1,0.370360
1,0.425138
1,0.623180
1,0.333132
1,0.559600
1,0.541931
1,0.329872
1,0.469011
1,0.379421
1,0.409418
1,0.588676
1,0.527636
1,0.632123
1,0.436858
1,0.568624
1,0.552941
1,0.231915
1,0.600775
1,0.517371
1,0.431295
1,0.182960
1,0.829404
1,0.283368
1,0.477169
1,0.266109
1,0.669969
1,0.481425
1,0.314518
1,0.419895
1,0.411940
1,0.622959
1,0.486971
1,0.312135
1,0.377920
1,0.365339
1,0.154469
1,0.374827
1,0.395271
1,0.500498
1,0.269894
1,0.724097
1,0.571308
1,0.537256
1,0.526353
1,0.627507
1,0.328171
1,0.698659
1,0.664102
1,0.317193
1,0.428772
1,0.775053
1,0.633783
1,0.340859
1,0.644043
1,0.423460
1,0.450446
1,0.477205
1,0.828958
1,0.769951
1,0.531637
1,0.567017
1,0.607007
1,0.506967
1,0.623321
1,0.796488
1,0.419688
1,0.608219
1,0.327948
1,0.424929
1,0.507104
1,0.218884
1,0.413343
1,0.574064
1,0.509257
1,0.710144
1,0.563317
1,0.685386
1,0.335535
1,0.142739
1,0.394226
1,0.627491
1,0.625280
1,0.404865
1,0.423607
1,0.771877
1,0.104913
1,0.189702
1,0.590550
1,0.216898
1,0.155922
1,0.363748
0,0.315675
0,0.433408
0,0.254774
0,0.258398
0,0.386994
0,0.210277
0,0.280122
0,0.312559
0,0.252996
0,0.390788
0,0.258678
0,0.277203
0,0.265318
0,0.183480
0,0.514635
0,0.350097
0,0.308934
0,0.300695
0,0.530561
0,0.361331
0,0.371209
0,0.211577
0,0.426713
0,0.271706
0,0.328108
0,0.245330
0,0.530900
0,0.450231
0,0.291839
0,0.517298
0,0.467274
0,0.384801
0,0.331119
0,0.285243
0,0.464703
0,0.536205
0,0.387690
0,0.420577
0,0.485770
0,0.549842
0,0.459597
0,0.302171
0,0.315835
0,0.224361
0,0.519041
0,0.374169
0,0.446632
0,0.349974
0,0.479436
0,0.271804
0,0.219810
0,0.283545
0,0.517174
0,0.299916
0,0.381320
0,0.352243
0,0.387947
0,0.366059
0,0.466151
0,0.425489
0,0.594949
0,0.528418
0,0.328072
0,0.363790
0,0.514583
0,0.445912
0,0.290626
0,0.467518
0,0.289904
0,0.395159
0,0.540010
0,0.583170
0,0.410480
0,0.315617
0,0.368983
0,0.397948
0,0.511899
0,0.513903
0,0.573655
0,0.235177
0,0.156841
0,0.352665
0,0.280474
0,0.332213
0,0.251901
0,0.329858
0,0.306701
0,0.288441
0,0.377919
1,0.847876
1,0.739122
1,0.956568
1,0.868991
1,0.842020
1,0.870930
1,0.797322
1,0.764093
1,0.722770
1,0.793544
1,0.798905
1,0.847536
1,0.844039
1,0.935154
1,0.971056
1,0.918220
1,0.921714
1,0.847242
1,0.951830
1,0.902727
1,0.907661
1,0.910015
1,0.951743
1,0.853835
1,0.914395
1,0.894208
1,0.805212
1,0.906467
1,0.817313
1,0.831897
1,0.777599
1,0.953580
1,0.866971
1,0.934644
1,0.939678
1,0.932347
1,0.683471
1,0.631275
1,0.866949
1,0.730151
1,0.549188
1,0.709893
1,0.669865
1,0.679021
1,0.678214
1,0.865047
1,0.829074
1,0.885048
1,0.946959
1,0.765792
1,0.776258
1,0.854370
1,0.922269
1,0.949608
1,0.916705
1,0.892183
1,0.899121
1,0.856974
1,0.902598
1,0.810386
1,0.954345
1,0.883369
1,0.895345
1,0.938141
1,0.867088
1,0.923827
1,0.963996
1,0.865745
1,0.799449
1,0.816570
1,0.920715
1,0.876904
1,0.883022
1,0.802077
1,0.769184
1,0.387130
1,0.710351
1,0.566171
1,0.544813
1,0.839118
1,0.575207
1,0.675475
1,0.876463
1,0.095086
1,0.215777
1,0.419063
1,0.308546
1,0.654142
1,0.567888
1,0.351440
1,0.322280
1,0.233681
1,0.381522
1,0.347706
1,0.148391
1,0.543901
1,0.534434
1,0.404305
1,0.510814
1,0.457325
1,0.297203
1,0.483822
1,0.444977
1,0.554550
1,0.275804
1,0.239796
1,0.385544
1,0.504388
1,0.234047
1,0.231661
1,0.335873
1,0.178282
1,0.243019
1,0.316428
1,0.311909
1,0.267481
1,0.239043
1,0.175056
1,0.367123
1,0.411175
1,0.254735
1,0.551159
1,0.351758
1,0.207085
1,0.357140
1,0.206917
1,0.534381
1,0.510244
1,0.181982
1,0.137397
1,0.398042
1,0.326814
1,0.170377
1,0.292305
1,0.265333
1,0.506389
1,0.356630
1,0.483687
1,0.431719
1,0.356632
1,0.470631
1,0.605316
1,0.192373
1,0.521331
1,0.457951
1,0.355192
1,0.341645
1,0.471336
1,0.397445
1,0.238707
1,0.385479
1,0.381696
1,0.485435
1,0.464958
1,0.587480
1,0.468727
1,0.355678
1,0.232850
1,0.181901
1,0.434128
1,0.421879
1,0.402224
1,0.275846
1,0.356806
1,0.259922
1,0.194486
1,0.478272
1,0.421418
1,0.461969
1,0.397117
1,0.496826
1,0.284814
1,0.226021
1,0.309757
1,0.360994
1,0.394378
1,0.308521
1,0.329417
1,0.356166
1,0.313544
1,0.412418
1,0.377906
1,0.351661
1,0.367210
1,0.406994
1,0.379197
1,0.258745
1,0.368456
1,0.431283
1,0.376341
1,0.299520
1,0.392620
1,0.395616
1,0.378811
1,0.343249
1,0.431372
1,0.406349
1,0.383934
1,0.324781
1,0.398187
1,0.525205
1,0.471924
1,0.300553
1,0.387286
1,0.407928
1,0.375880
1,0.289313
1,0.450801
1,0.352080
1,0.406895
1,0.378071
1,0.396460
1,0.352721
1,0.435151
1,0.392628
1,0.289468
1,0.334159
1,0.466295
1,0.470790
1,0.320975
1,0.343055
1,0.339259
1,0.288115
1,0.396790
1,0.442384
1,0.407459
1,0.306299
1,0.265741
1,0.419667
1,0.337581
1,0.440590
1,0.394700
1,0.483704
1,0.263608
1,0.322097
1,0.385955
1,0.293934
1,0.351414
1,0.334574
1,0.454554
1,0.397722
1,0.364614
1,0.316007
1,0.372926
1,0.475986
1,0.330383
1,0.421180
1,0.244825
1,0.304602
1,0.355249
1,0.363170
1,0.305751
1,0.448055
1,0.415266
1,0.322453
1,0.341278
1,0.378072
1,0.535765
1,0.334412
1,0.297396
1,0.302937
1,0.347811
1,0.433079
1,0.450241
1,0.322005
1,0.208252
1,0.359520
1,0.408101
1,0.145970
1,0.540720
1,0.373449
1,0.456937
1,0.601607
1,0.301391
1,0.269374
1,0.299192
1,0.422862
1,0.279736
1,0.164051
1,0.291992
1,0.199695
1,0.343618
1,0.223909
1,0.430232
1,0.203126
1,0.218903
1,0.122004
1,0.357361
1,0.349724
1,0.423175
1,0.091725
1,0.174242
1,0.162260
1,0.237930
1,0.313693
0,0.696803
0,0.583492
0,0.629859
0,0.584418
0,0.710031
0,0.724714
0,0.440664
0,0.600357
0,0.424342
0,0.492425
0,0.770378
0,0.561088
0,0.665297
0,0.573782
0,0.574349
0,0.539882
0,0.572976
0,0.697012
0,0.625637
0,0.708679
0,0.451138
0,0.406494
0,0.369836
0,0.530523
0,0.522754
0,0.531704
0,0.619070
0,0.716293
0,0.444712
0,0.725019
0,0.797099
0,0.526971
0,0.580458
0,0.773449
0,0.804091
0,0.572241
0,0.663909
0,0.675729
0,0.759702
0,0.768339
0,0.796068
0,0.609079
0,0.871347
0,0.629111
0,0.745496
0,0.817658
0,0.730785
0,0.725557
0,0.642955
0,0.756266
0,0.603064
0,0.733185
0,0.645432
0,0.735550
0,0.626929
0,0.757239
0,0.694609
0,0.416860
0,0.622361
0,0.723295
0,0.762055
0,0.839748
0,0.789714
0,0.756242
0,0.341193
0,0.534175
0,0.577668
0,0.589840
0,0.677068
0,0.414960
0,0.456656
0,0.539991
0,0.272951
0,0.403304
0,0.629592
0,0.620106
0,0.466339
0,0.729395
0,0.413446
0,0.567681
0,0.719537
0,0.568296
0,0.609781
0,0.714566
0,0.667807
0,0.718565
0,0.734791
0,0.732751
0,0.608175
0,0.549743
0,0.630351
0,0.605481
0,0.690999
0,0.615555
0,0.729532
0,0.708833
0,0.784000
0,0.544510
0,0.799167
0,0.525476
0,0.232967
0,0.598166
0,0.612729
0,0.686287
0,0.627553
0,0.606456
0,0.397314
0,0.752156
0,0.398049
0,0.503931
0,0.702900
0,0.597625
0,0.587418
0,0.752785
0,0.337710
0,0.469438
0,0.562344
0,0.550022
0,0.669114
0,0.386058
0,0.256874
0,0.529594
0,0.669496
0,0.570905
0,0.782088
0,0.765942
0,0.602915
0,0.578466
0,0.561117
0,0.469638
0,0.440537
0,0.365403
0,0.596314
0,0.291139
0,0.553630
0,0.569118
0,0.592653
0,0.511633
0,0.451403
0,0.379125
0,0.311626
0,0.594999
0,0.551324
0,0.280864
0,0.398155
0,0.667317
0,0.605466
0,0.423910
0,0.333553
0,0.554298
0,0.612599
0,0.851702
0,0.778357
0,0.744122
1,0.408917
1,0.177270
1,0.219419
1,0.282766
1,0.410860
1,0.404833
1,0.249266
1,0.405162
1,0.452703
1,0.444706
1,0.431235
1,0.565963
1,0.232956
1,0.401997
1,0.582578
1,0.499875
1,0.227338
1,0.424334
1,0.415812
1,0.162657
1,0.265117
1,0.363859
1,0.385232
1,0.427973
1,0.599691
1,0.262840
1,0.382826
1,0.579941
1,0.658997
1,0.523318
1,0.328134
1,0.158447
1,0.307056
1,0.283528
1,0.445989
1,0.498409
1,0.327294
1,0.266746
1,0.370942
1,0.640836
1,0.650676
1,0.458028
1,0.420786
1,0.714307
1,0.266604
1,0.474999
1,0.663977
1,0.263999
1,0.260710
1,0.172636
1,0.225354
1,0.359190
1,0.291134
1,0.422639
1,0.383461
1,0.232365
1,0.256349
1,0.236793
1,0.394750
1,0.388378
1,0.407103
1,0.352920
1,0.360744
1,0.456113
1,0.342289
1,0.181613
1,0.272114
1,0.588135
1,0.656888
1,0.443524
1,0.539525
1,0.328112
1,0.298151
1,0.269077
1,0.095076
1,0.508004
1,0.285390
1,0.333402
1,0.401154
1,0.486868
1,0.356767
1,0.294796
1,0.350605
1,0.567034
1,0.631661
1,0.364765
1,0.214623
1,0.520360
1,0.358670
1,0.414936
1,0.339778
1,0.416431
1,0.273440
1,0.199065
1,0.379699
1,0.126611
1,0.359582
1,0.451492
1,0.617049
1,0.499005
1,0.552790
1,0.432484
1,0.575797
1,0.493763
1,0.467300
1,0.266290
1,0.426214
1,0.567916
1,0.530175
1,0.505012
1,0.742384
1,0.592649
1,0.575199
1,0.628635
1,0.473774
1,0.531014
1,0.480591
1,0.398996
1,0.421928
1,0.481556
1,0.366846
1,0.460933
1,0.333899
1,0.303985
1,0.410412
1,0.387733
1,0.404314
1,0.600703
1,0.273383
1,0.533575
1,0.475224
1,0.407277
1,0.361949
1,0.412933
1,0.484462
1,0.385571
1,0.424837
1,0.497843
1,0.352504
1,0.443250
1,0.468358
1,0.504496
1,0.724297
1,0.550670
1,0.463768
1,0.602895
1,0.577924
1,0.633724
1,0.352633
1,0.275551
1,0.458716
1,0.382127
1,0.442307
1,0.374272
1,0.275377
1,0.530826
1,0.509388
1,0.619070
1,0.371580
1,0.431998
1,0.447932
1,0.484415
1,0.346776
1,0.389064
1,0.505421
1,0.416663
1,0.218081
1,0.535096
1,0.238988
1,0.266159
1,0.470223
1,0.507942
1,0.439333
1,0.460114
1,0.451983
1,0.389825
1,0.336407
1,0.235940
1,0.426040
1,0.286489
1,0.297501
1,0.366660
1,0.352659
1,0.266491
1,0.452888
1,0.579678
1,0.533254
1,0.422583
1,0.485337
1,0.353859
1,0.484767
1,0.707533
1,0.446807
1,0.372851
1,0.426712
1,0.440511
0,0.597163
0,0.610814
0,0.585584
0,0.587427
0,0.461912
0,0.519212
0,0.537897
0,0.626735
0,0.545211
0,0.428284
0,0.529146
0,0.525545
0,0.455586
0,0.322750
0,0.475249
0,0.367957
0,0.561922
0,0.366091
0,0.634141
0,0.481772
0,0.351587
0,0.727762
0,0.523509
0,0.523030
0,0.585385
0,0.291149
0,0.426259
0,0.470264
0,0.579330
0,0.237402
0,0.481751
0,0.332298
0,0.374104
0,0.419085
0,0.489171
0,0.382496
0,0.488359
0,0.413336
0,0.523821
0,0.434614
0,0.645438
0,0.683625
0,0.712168
0,0.678265
0,0.557972
0,0.490255
0,0.577384
0,0.504555
0,0.599363
0,0.528590
0,0.713886
0,0.250710
0,0.641161
0,0.757604
0,0.304201
0,0.621750
0,0.357006
0,0.681854
0,0.327192
0,0.428039
0,0.288725
0,0.415073
0,0.303420
0,0.283576
0,0.582413
0,0.260289
0,0.531718
1,0.538974
1,0.404392
1,0.385575
1,0.341993
1,0.295717
1,0.320404
1,0.398240
1,0.537199
1,0.293739
1,0.398058
1,0.340526
1,0.208997
1,0.268847
1,0.291172
1,0.351473
1,0.150010
1,0.481743
1,0.342334
1,0.359537
1,0.288291
1,0.450044
1,0.303042
1,0.263020
1,0.177070
1,0.430945
1,0.680641
1,0.280087
1,0.493813
1,0.339676
1,0.536716
1,0.505710
1,0.461401
1,0.404644
1,0.442235
1,0.155900
1,0.375442
1,0.230092
1,0.328643
1,0.336103
1,0.342418
1,0.444848
1,0.317261
1,0.456401
1,0.201252
1,0.582046
1,0.482684
1,0.502557
1,0.322489
1,0.590841
1,0.254433
1,0.457721
1,0.418137
1,0.467796
1,0.179855
1,0.146638
1,0.499297
1,0.560119
1,0.558154
1,0.551980
1,0.550849
1,0.787533
1,0.501136
1,0.443493
1,0.464556
1,0.488909
1,0.524212
1,0.586649
1,0.453512
1,0.417876
1,0.508241
1,0.695277
1,0.816889
1,0.633410
1,0.739829
1,0.403025
1,0.550716
1,0.594966
1,0.345241
1,0.502154
1,0.308405
1,0.403128
1,0.493912
1,0.492208
1,0.426144
1,0.423514
1,0.537122
1,0.444150
1,0.380872
1,0.592409
1,0.430028
1,0.498801
1,0.631594
1,0.741949
1,0.607602
1,0.516673
1,0.540991
1,0.431133
1,0.456124
1,0.317989
1,0.522779
1,0.650477
1,0.560157
1,0.538860
1,0.651938
1,0.378482
1,0.599971
1,0.608982
1,0.430440
1,0.472795
1,0.432383
1,0.316758
1,0.593212
1,0.388337
1,0.338120
1,0.590585
1,0.497186
1,0.528866
0,0.356401
0,0.356198
0,0.456810
0,0.146607
0,0.346441
0,0.412743
0,0.269616
0,0.330511
0,0.336962
0,0.397632
0,0.421942
0,0.246702
0,0.403220
0,0.375890
0,0.318545
0,0.279352
0,0.535457
0,0.262467
0,0.251906
0,0.342887
0,0.223730
0,0.276831
0,0.317291
0,0.388211
0,0.359077
0,0.335677
0,0.472967
0,0.403499
0,0.353046
0,0.435451
0,0.308353
0,0.440172
0,0.346790
0,0.371904
0,0.491547
0,0.391428
0,0.198516
0,0.350247
0,0.365434
0,0.522904
0,0.430762
0,0.481828
0,0.506341
0,0.385691
0,0.299342
0,0.409905
0,0.356610
0,0.271100
0,0.400612
0,0.494427
0,0.442542
0,0.414278
0,0.525848
0,0.416301
0,0.433354
0,0.447146
0,0.372778
0,0.265710
0,0.271824
0,0.337657
0,0.441478
0,0.385771
0,0.388623
0,0.424344
0,0.351151
0,0.397943
0,0.327428
0,0.344525
0,0.220682
0,0.398826
0,0.393297
0,0.509276
0,0.497435
0,0.346663
0,0.402213
0,0.399176
0,0.401252
0,0.339879
0,0.298480
0,0.380073
0,0.415379
0,0.411386
0,0.429846
0,0.433834
0,0.287351
0,0.333623
0,0.393922
0,0.292337
0,0.354361
0,0.369016
0,0.382771
0,0.298187
0,0.390277
0,0.470514
0,0.561076
0,0.407184
0,0.486323
0,0.685119
0,0.541616
0,0.541834
1,0.649494
1,0.557502
1,0.595130
1,0.659711
1,0.705148
1,0.648914
1,0.711098
1,0.591333
1,0.510551
1,0.569383
1,0.656256
1,0.644587
1,0.727072
1,0.654289
1,0.682024
1,0.650173
1,0.606889
1,0.585825
1,0.582224
1,0.645103
1,0.792291
1,0.686975
1,0.602955
1,0.618327
1,0.645869
1,0.709125
1,0.664923
1,0.682925
1,0.690770
1,0.663264
1,0.731258
1,0.708550
1,0.807049
1,0.638008
1,0.720335
1,0.661777
1,0.706626
1,0.691025
1,0.705583
1,0.662201
1,0.568107
1,0.632671
1,0.608339
1,0.646115
1,0.848567
1,0.666936
1,0.638179
1,0.672296
1,0.786600
1,0.802752
1,0.800564
1,0.699609
1,0.727752
1,0.775034
1,0.822314
1,0.757930
1,0.666200
1,0.813498
1,0.830202
1,0.833546
1,0.766507
1,0.645780
1,0.694704
1,0.612885
1,0.552532
1,0.635142
1,0.631603
1,0.605091
1,0.584029
1,0.698238
1,0.724859
1,0.736889
1,0.674017
1,0.570022
1,0.623187
1,0.701566
1,0.609394
1,0.675036
1,0.660850
1,0.644036
1,0.654511
1,0.726389
1,0.661118
1,0.639312
1,0.634076
1,0.672386
1,0.719732
1,0.642338
1,0.572992
1,0.644774
1,0.664553
1,0.662418
1,0.599923
1,0.650306
1,0.692297
1,0.629439
1,0.684024
1,0.526649
1,0.658676
1,0.552958
1,0.419622
1,0.414825
1,0.435664
1,0.381243
1,0.576037
1,0.490070
1,0.435782
1,0.629819
1,0.621729
1,0.593913
1,0.565514
1,0.574266
1,0.480585
1,0.432138
1,0.391810
1,0.518381
1,0.351633
1,0.282972
1,0.364209
1,0.376084
1,0.276459
1,0.634783
1,0.319599
1,0.644112
1,0.525273
1,0.720711
1,0.416149
1,0.447920
1,0.417663
1,0.401308
1,0.498869
1,0.365675
1,0.331183
1,0.589666
1,0.468564
1,0.358520
1,0.626022
1,0.397661
1,0.250485
1,0.389431
1,0.448009
1,0.289945
1,0.386024
1,0.326666
1,0.373189
1,0.350057
1,0.243504
1,0.269462
1,0.379825
1,0.343507
1,0.665553
1,0.335339
1,0.391829
1,0.308601
1,0.238139
1,0.330347
1,0.198011
1,0.298723
1,0.245804
1,0.498372
1,0.318476
1,0.331034
1,0.717413
1,0.271226
1,0.524405
1,0.720452
1,0.361182
1,0.323540
1,0.519992
1,0.408503
1,0.591779
1,0.733850
1,0.435190
1,0.480650
1,0.755237
1,0.583270
1,0.695699
1,0.491206
1,0.520486
1,0.677409
1,0.394612
1,0.625738
1,0.302837
1,0.455860
1,0.396944
1,0.218826
1,0.395317
1,0.480720
1,0.626485
1,0.324727
1,0.317154
1,0.144069
1,0.288225
1,0.669744
1,0.275109
1,0.379719
1,0.531144
1,0.461414
1,0.379813
1,0.658514
0,0.227016
0,0.285547
0,0.403937
0,0.338878
0,0.454708
0,0.415848
0,0.458004
0,0.298318
0,0.294833
0,0.390970
0,0.453376
0,0.405811
0,0.364909
0,0.284735
0,0.557426
0,0.525709
0,0.328178
0,0.470919
0,0.552357
0,0.321283
0,0.474218
0,0.302207
0,0.315869
0,0.614570
0,0.331450
0,0.324750
0,0.406518
0,0.280657
0,0.284733
0,0.481371
0,0.306553
0,0.455560
0,0.345637
0,0.338144
0,0.357179
0,0.407338
0,0.288825
0,0.364146
0,0.508378
0,0.546518
0,0.636472
0,0.528643
0,0.591060
0,0.377787
0,0.344906
0,0.376156
0,0.516595
0,0.354317
0,0.507258
0,0.404610
0,0.242886
0,0.299776
0,0.369674
0,0.381596
0,0.405428
0,0.403639
0,0.508177
0,0.416969
0,0.238127
0,0.483991
0,0.344092
0,0.427868
0,0.289214
0,0.260346
0,0.346759
0,0.450846
0,0.433630
0,0.382045
0,0.361299
0,0.337792
0,0.443623
0,0.356335
0,0.499451
0,0.552728
0,0.268974
0,0.527426
0,0.338681
0,0.385592
0,0.418489
0,0.494809
0,0.512777
0,0.592071
0,0.411413
0,0.403296
0,0.523329
0,0.518743
0,0.308282
0,0.346201
0,0.311082
0,0.410914
0,0.257052
0,0.309736
0,0.413092
0,0.546174
0,0.315139
0,0.356274
0,0.399618
0,0.484400
0,0.271899
0,0.301008
0,0.193729
0,0.412617
0,0.401998
0,0.459071
0,0.354955
0,0.478005
0,0.555372
0,0.492493
0,0.609947
0,0.626103
0,0.691210
0,0.649589
0,0.776860
0,0.700361
0,0.613518
0,0.400319
0,0.548244
0,0.579113
0,0.401295
0,0.551593
0,0.385470
0,0.311415
0,0.497137
0,0.674484
0,0.557227
0,0.552883
0,0.257043
0,0.211243
0,0.536852
0,0.198009
0,0.717863
0,0.640821
0,0.550671
0,0.710984
0,0.619427
0,0.460085
0,0.255336
0,0.574904
0,0.598323
0,0.629539
0,0.475566
0,0.596329
0,0.558582
0,0.729007
0,0.666648
0,0.681029
0,0.496460
0,0.712170
0,0.629625
0,0.469013
0,0.656640
0,0.766263
0,0.713685
0,0.705624
0,0.398230
0,0.729417
0,0.656912
0,0.604624
0,0.510441
0,0.676726
0,0.469113
0,0.764310
0,0.567109
0,0.498085
0,0.800011
0,0.559607
0,0.564446
0,0.842182
0,0.684136
0,0.322116
0,0.519845
0,0.545102
0,0.841299
0,0.749294
0,0.357593
0,0.665237
0,0.747432
0,0.377470
0,0.786683
0,0.642818
0,0.720103
0,0.570961
0,0.670099
1,0.220595
1,0.651010
1,0.222734
1,0.530737
1,0.384494
1,0.480457
1,0.308057
1,0.293014
1,0.527035
1,0.292713
1,0.282848
1,0.533567
1,0.525281
1,0.172869
1,0.403189
1,0.454579
1,0.245135
1,0.262471
1,0.498413
1,0.558399
1,0.227792
1,0.314255
1,0.248611
1,0.108240
1,0.263194
1,0.290969
1,0.527613
1,0.575820
1,0.220905
1,0.758377
1,0.387147
1,0.358424
1,0.542842
1,0.509753
1,0.286064
1,0.261528
1,0.324087
1,0.626827
1,0.137110
1,0.277351
1,0.526067
1,0.749957
1,0.350091
1,0.344812
1,0.389339
1,0.388141
1,0.563143
1,0.253144
1,0.226239
1,0.450057
1,0.224915
1,0.572628
1,0.384831
1,0.596746
1,0.367591
1,0.472650
1,0.397631
1,0.439118
1,0.316609
1,0.425086
1,0.197676
1,0.221948
1,0.432606
1,0.187987
1,0.683644
1,0.305779
1,0.273794
1,0.168407
1,0.138299
1,0.111522
1,0.115387
1,0.241747
1,0.246645
0,0.689890
0,0.651257
0,0.672189
0,0.555299
0,0.766942
0,0.675593
0,0.762511
0,0.576934
0,0.763971
0,0.768129
0,0.664917
0,0.649802
0,0.633751
0,0.587249
0,0.592418
0,0.546882
0,0.646189
0,0.751563
0,0.529903
0,0.752921
0,0.537942
0,0.625404
0,0.709622
0,0.772567
0,0.716234
0,0.749457
0,0.720424
0,0.620829
0,0.673047
0,0.870809
0,0.821999
0,0.489620
0,0.687430
0,0.573097
0,0.507228
0,0.734496
0,0.663143
0,0.650133
0,0.709913
0,0.857517
0,0.805299
0,0.699091
0,0.685324
0,0.515040
0,0.717428
0,0.669837
0,0.593416
0,0.735649
0,0.625075
0,0.763025
0,0.679691
0,0.833434
0,0.625373
0,0.586252
0,0.657883
0,0.566341
0,0.733318
0,0.772337
0,0.642294
0,0.619402
0,0.851853
0,0.805215
0,0.673109
0,0.654868
0,0.699975
0,0.720656
0,0.460812
0,0.504967
0,0.618671
0,0.659855
0,0.756216
0,0.762874
0,0.637985
0,0.699178
0,0.649237
0,0.791450
0,0.853354
0,0.729358
0,0.749617
0,0.622151
0,0.645669
0,0.542573
0,0.616584
0,0.614422
0,0.625753
0,0.665899
0,0.723237
0,0.645634
0,0.686189
0,0.624910
0,0.679068
0,0.784654
0,0.664969
0,0.779784
0,0.642760
0,0.512709
0,0.745745
0,0.661626
0,0.743398
0,0.547458
1,0.167318
1,0.285447
1,0.108358
1,0.113910
1,0.181118
1,0.213431
1,0.144660
1,0.182008
1,0.063844
1,0.086909
1,0.151634
1,0.231479
1,0.151041
1,0.203121
1,0.271312
1,0.138211
1,0.141146
1,0.260549
1,0.178087
1,0.188830
1,0.142859
1,0.231708
1,0.217099
1,0.182717
1,0.170560
1,0.244875
1,0.222601
1,0.271316
1,0.231024
1,0.189572
1,0.341804
1,0.177672
1,0.153943
1,0.157482
1,0.208958
1,0.253904
1,0.203236
1,0.283203
1,0.150118
1,0.151086
1,0.161704
1,0.215312
1,0.218263
1,0.114446
1,0.205055
1,0.233641
1,0.147190
1,0.176076
1,0.150893
0,0.892294
0,0.885987
0,0.885987
0,0.885987
0,0.902055
0,0.890816
0,0.888728
0,0.898091
0,0.881477
0,0.663704
0,0.772231
0,0.892436
0,0.855937
0,0.860216
0,0.817203
0,0.836841
0,0.922674
0,0.948312
0,0.882443
0,0.832649
0,0.923470
0,0.812621
0,0.833962
0,0.944122
0,0.876434
0,0.892451
0,0.865759
0,0.797578
0,0.776556
0,0.864179
0,0.895280
0,0.944963
0,0.871812
0,0.770736
0,0.790115
0,0.878844
0,0.811310
0,0.803521
0,0.889213
0,0.755901
0,0.855011
0,0.824926
0,0.934966
0,0.836223
0,0.910168
0,0.737211
0,0.918227
0,0.833102
0,0.956285
0,0.905331
0,0.872901
0,0.785712
0,0.896266
0,0.717470
0,0.649221
0,0.789516
0,0.728161
0,0.835782
0,0.878046
0,0.812214
0,0.881517
0,0.904326
0,0.825728
0,0.892191
0,0.694205
0,0.924051
0,0.938983
0,0.843149
0,0.739103
0,0.724049
0,0.733402
0,0.734759
0,0.694175
0,0.628862
0,0.896928
0,0.691184
0,0.849934
0,0.719385
0,0.839716
0,0.832632
0,0.858232
0,0.814879
0,0.920617
0,0.947489
0,0.861982
0,0.649994
0,0.866220
0,0.832811
0,0.871113
0,0.622520
0,0.679105
0,0.796718
0,0.693996
0,0.833603
0,0.748817
0,0.878970
0,0.725925
0,0.665741
0,0.844470
0,0.787300
0,0.319004
0,0.389713
0,0.376732
0,0.287814
0,0.399356
0,0.348705
0,0.169145
0,0.308148
0,0.292823
0,0.163789
0,0.355316
0,0.434947
0,0.322423
0,0.322238
0,0.265653
0,0.235033
0,0.162605
0,0.498718
0,0.152936
0,0.653837
0,0.218663
0,0.330536
0,0.338660
0,0.242232
0,0.204503
0,0.317688
0,0.268643
0,0.212937
0,0.409615
0,0.296776
0,0.525621
0,0.388509
0,0.233741
0,0.343395
0,0.305467
0,0.258160
0,0.300818
0,0.360877
0,0.546685
0,0.395943
0,0.233384
0,0.390450
0,0.183083
0,0.332372
0,0.270989
0,0.167048
0,0.239396
0,0.418442
0,0.360415
0,0.311369
0,0.356051
0,0.538742
0,0.380184
0,0.332654
0,0.510114
0,0.487878
0,0.240430
0,0.494579
0,0.388775
0,0.209861
0,0.391905
0,0.163258
0,0.333046
0,0.281715
0,0.423960
0,0.668300
0,0.860685
0,0.757389
0,0.597739
0,0.777831
0,0.668754
0,0.651762
0,0.506554
0,0.500748
0,0.501284
0,0.776303
0,0.538980
0,0.549934
0,0.722007
0,0.747495
0,0.668456
0,0.691853
0,0.539345
0,0.633590
0,0.755610
0,0.545685
0,0.656055
0,0.576751
0,0.607493
0,0.429103
0,0.391180
0,0.278906
0,0.342053
0,0.427993
0,0.591161
0,0.225588
0,0.388500
0,0.553968
0,0.364425
0,0.580991
0,0.589458
0,0.392141
0,0.657335
0,0.721001
0,0.639066
0,0.704654
0,0.760561
0,0.359121
0,0.396797
0,0.688763
0,0.277449
0,0.581075
0,0.769098
0,0.760446
0,0.691648
0,0.514561
0,0.523195
0,0.552369
0,0.764143
0,0.382741
0,0.630226
0,0.823182
0,0.440666
0,0.498305
0,0.703299
0,0.559862
0,0.646023
0,0.480002
0,0.707307
0,0.736988
0,0.781354
0,0.657271
0,0.387529
0,0.435751
0,0.403521
0,0.519793
0,0.636331
0,0.743727
0,0.810165
0,0.607379
0,0.465434
0,0.508589
0,0.597130
0,0.707712
0,0.723500
0,0.570791
0,0.705026
0,0.744362
0,0.814302
0,0.544130
0,0.334521
0,0.359249
0,0.481774
0,0.333014
0,0.388582
0,0.256048
0,0.618444
0,0.846200
0,0.377648
0,0.800533
0,0.737433
0,0.251320
0,0.762509
0,0.450953
0,0.276255
1,0.600438
1,0.327293
1,0.284441
1,0.236319
1,0.384486
1,0.458133
1,0.395142
1,0.384127
1,0.459757
1,0.341445
1,0.157042
1,0.584895
1,0.347393
1,0.243652
1,0.292303
1,0.157127
1,0.217167
1,0.209194
1,0.222720
1,0.211430
1,0.375467
1,0.769109
1,0.239896
1,0.278966
1,0.206842
1,0.490712
1,0.348109
1,0.165073
1,0.310827
1,0.330737
1,0.359634
1,0.477826
1,0.431604
1,0.505492
1,0.561723
1,0.518656
1,0.393099
1,0.306173
1,0.452932
1,0.699232
1,0.513239
1,0.385936
1,0.554676
1,0.518787
1,0.483982
1,0.396458
1,0.134801
1,0.650094
1,0.474154
1,0.625729
1,0.489835
1,0.146269
1,0.536542
1,0.466124
1,0.351286
1,0.513659
1,0.459670
1,0.484139
1,0.521101
1,0.609627
1,0.186915
1,0.093056
1,0.368890
1,0.132009
1,0.403643
1,0.228438
1,0.331061
1,0.478078
1,0.473864
1,0.416442
1,0.698831
1,0.245541
1,0.336033
1,0.452433
1,0.567436
1,0.650886
1,0.332732
1,0.258598
1,0.306072
1,0.520465
1,0.264338
1,0.262739
1,0.247802
1,0.333061
1,0.552346
1,0.339816
1,0.175412
1,0.234720
1,0.304568
1,0.565828
1,0.425069
1,0.361703
1,0.603747
1,0.395375
1,0.486154
1,0.255763
1,0.211174
1,0.242892
1,0.142892
1,0.261886
1,0.431140
1,0.189480
1,0.250503
1,0.469170
1,0.258604
1,0.294621
1,0.414863
1,0.237648
1,0.356472
1,0.384668
1,0.217598
1,0.244687
1,0.280122
1,0.379704
1,0.377633
1,0.341293
1,0.154709
1,0.424472
1,0.499925
1,0.549926
1,0.497216
1,0.262209
1,0.765866
1,0.296515
1,0.615575
1,0.445524
1,0.483681
1,0.516250
1,0.503553
1,0.584579
0,0.634176
0,0.824678
0,0.749467
0,0.769406
0,0.444518
0,0.695015
0,0.876300
0,0.800075
0,0.748795
0,0.727860
0,0.800480
0,0.724879
0,0.583420
0,0.868700
0,0.659565
0,0.590454
0,0.547667
0,0.823620
0,0.439890
0,0.485445
0,0.550351
0,0.479599
0,0.734705
0,0.412594
0,0.847909
0,0.360261
0,0.464494
0,0.796084
0,0.850166
0,0.567578
0,0.370517
0,0.352104
0,0.574599
0,0.415897
0,0.484797
0,0.537492
0,0.392625
0,0.718762
0,0.224043
0,0.469185
0,0.554670
0,0.898730
0,0.867074
0,0.591982
0,0.540990
0,0.353601
0,0.440813
0,0.694015
0,0.309010
0,0.395861
0,0.527841
0,0.491254
0,0.802991
0,0.883829
0,0.430790
0,0.566730
0,0.732466
0,0.365900
0,0.591503
0,0.807421
0,0.584229
0,0.821734
0,0.905343
0,0.655122
0,0.637440
0,0.661489
0,0.711447
0,0.592781
0,0.635625
0,0.086884
0,0.523729
0,0.620219
0,0.754588
0,0.875861
0,0.666004
0,0.533049
0,0.604266
0,0.215252
0,0.303224
0,0.302633
0,0.419295
0,0.322043
0,0.395324
0,0.620900
0,0.615183
0,0.281399
0,0.322386
0,0.355880
0,0.491653
0,0.655690
0,0.469554
0,0.665232
0,0.514094
0,0.226043
0,0.520665
0,0.646348
0,0.384436
0,0.258408
0,0.418461
0,0.276143
0,0.187538
0,0.538730
0,0.151563
0,0.387606
0,0.412474
0,0.598911
0,0.151612
0,0.614190
0,0.176314
0,0.532042
0,0.309061
0,0.474278
0,0.429303
0,0.503311
0,0.289176
0,0.468405
0,0.647607
0,0.256323
0,0.320998
0,0.333251
0,0.730512
0,0.432480
0,0.585070
0,0.746055
1,0.651815
1,0.499372
1,0.503839
1,0.418927
1,0.830642
1,0.497463
1,0.400240
1,0.620971
1,0.709179
1,0.479343
1,0.549448
1,0.654781
1,0.549296
1,0.513679
1,0.652160
1,0.649600
1,0.471827
1,0.587224
1,0.404142
1,0.524982
1,0.505198
1,0.518557
1,0.404272
1,0.520573
1,0.440188
1,0.395406
1,0.453200
1,0.593979
1,0.450671
1,0.567414
1,0.670326
1,0.589837
1,0.570797
1,0.652313
1,0.596242
1,0.604093
1,0.420425
1,0.708230
1,0.447944
1,0.557733
1,0.458916
1,0.510218
1,0.609395
1,0.414709
1,0.395973
1,0.393775
1,0.498128
1,0.609005
1,0.548698
1,0.530372
1,0.542621
1,0.487942
1,0.605425
1,0.500997
1,0.707519
1,0.416874
1,0.400750
1,0.545929
1,0.708488
1,0.395633
0,0.298169
0,0.600805
0,0.371455
0,0.297117
0,0.464499
0,0.470206
0,0.256867
0,0.304537
0,0.546547
0,0.435735
0,0.369935
0,0.541053
0,0.182953
0,0.561918
0,0.480889
0,0.472873
0,0.288921
0,0.246464
0,0.215899
0,0.312339
0,0.713785
0,0.350796
0,0.650502
0,0.511886
0,0.410811
0,0.569247
0,0.364147
0,0.337845
0,0.605825
0,0.555881
0,0.326897
0,0.594121
0,0.445625
0,0.566637
0,0.352794
0,0.484566
0,0.478756
0,0.443699
0,0.455728
0,0.303322
0,0.295206
0,0.444499
0,0.425606
0,0.462756
0,0.482074
0,0.525407
0,0.252941
0,0.329589
0,0.426148
0,0.525908
0,0.565603
0,0.456957
0,0.425269
0,0.168817
0,0.214380
0,0.189594
0,0.326771
0,0.458078
0,0.259462
0,0.505046
0,0.450003
0,0.198023
0,0.612025
0,0.389915
0,0.452696
0,0.280126
0,0.514835
0,0.516295
0,0.517289
0,0.361324
0,0.439477
0,0.265219
0,0.379258
0,0.687475
0,0.419157
0,0.521997
0,0.446059
0,0.271926
0,0.420837
0,0.328245
0,0.336944
0,0.604041
0,0.393746
0,0.350398
0,0.433541
0,0.595253
0,0.225794
0,0.476934
0,0.172970
0,0.378485
0,0.387349
0,0.853691
0,0.516126
0,0.551085
0,0.545173
0,0.520596
0,0.507037
0,0.583978
0,0.492475
0,0.426266
1,0.422656
1,0.450107
1,0.306908
1,0.467651
1,0.457554
1,0.535190
1,0.466864
1,0.333069
1,0.477823
1,0.397886
1,0.529175
1,0.474585
1,0.506124
1,0.527173
1,0.432860
1,0.561405
1,0.541703
1,0.503174
1,0.603336
1,0.582061
1,0.601707
1,0.285479
1,0.289807
1,0.602971
1,0.573515
1,0.546338
1,0.656230
1,0.543733
1,0.509852
1,0.481385
1,0.575723
1,0.597691
1,0.484800
1,0.490939
1,0.470537
1,0.557371
1,0.362806
1,0.512471
1,0.336519
1,0.487561
1,0.445498
1,0.439422
1,0.535584
1,0.537178
1,0.591341
1,0.426946
1,0.470452
1,0.501447
1,0.346122
1,0.389615
1,0.559079
1,0.416883
1,0.350988
1,0.403841
1,0.615145
1,0.351220
1,0.547769
1,0.317098
1,0.545790
1,0.472953
1,0.551151
1,0.754806
1,0.655002
1,0.317553
1,0.610386
1,0.513022
1,0.394161
1,0.498369
1,0.468427
1,0.468702
1,0.527885
1,0.473073
1,0.361637
1,0.561660
1,0.403735
1,0.306994
1,0.212499
1,0.426968
1,0.507686
1,0.753162
1,0.513397
1,0.429674
1,0.453869
1,0.365546
1,0.518321
1,0.536839
1,0.422811
1,0.505752
1,0.470095
1,0.742263
1,0.565674
1,0.705818
1,0.800684
1,0.688998
1,0.642706
1,0.626998
1,0.720778
1,0.654633
1,0.571586
1,0.822724
1,0.732576
1,0.456549
1,0.336915
1,0.244792
1,0.530759
1,0.297737
1,0.360407
1,0.808718
1,0.373920
1,0.537393
1,0.432874
1,0.440772
1,0.718783
1,0.547414
1,0.714657
1,0.565445
0,0.344369
0,0.169630
0,0.214250
0,0.229552
0,0.295437
0,0.284682
0,0.165018
0,0.241275
0,0.315308
0,0.126025
0,0.273133
0,0.166315
0,0.485857
0,0.243792
0,0.336556
0,0.236727
0,0.277281
0,0.223016
0,0.222583
0,0.227266
0,0.318053
0,0.292743
0,0.250037
0,0.294014
0,0.288216
0,0.393969
0,0.340034
0,0.178211
0,0.138437
0,0.227976
0,0.270064
0,0.298704
0,0.193036
0,0.217037
0,0.155746
0,0.299917
0,0.194794
0,0.360721
0,0.237787
0,0.202415
0,0.372367
0,0.226769
0,0.191746
0,0.176096
0,0.325413
0,0.233012
0,0.449151
0,0.253902
0,0.210600
0,0.152772
0,0.472095
0,0.108068
0,0.396627
0,0.314930
0,0.275988
0,0.265034
0,0.280155
0,0.309056
0,0.267295
0,0.286379
0,0.185621
0,0.131760
0,0.190080
0,0.273943
0,0.300808
0,0.201291
0,0.267479
0,0.271720
0,0.284671
0,0.225867
0,0.353594
0,0.288951
0,0.242072
0,0.221743
0,0.250585
0,0.265974
0,0.338189
0,0.163796
0,0.172069
0,0.156525
0,0.169205
0,0.283267
0,0.146521
0,0.299525
0,0.214649
0,0.177319
0,0.116941
0,0.105118
0,0.140905
0,0.216439
0,0.113846
0,0.226387
0,0.093470
0,0.131215
0,0.343436
0,0.177009
0,0.064793
0,0.109533
0,0.109411
0,0.145656
0,0.142962
0,0.146721
0,0.127992
0,0.149690
0,0.097661
0,0.288651
0,0.085614
0,0.222420
0,0.277925
0,0.076367
0,0.163789
0,0.129730
0,0.228919
0,0.118822
0,0.143182
0,0.153449
0,0.125972
0,0.141663
0,0.142668
0,0.181915
0,0.124805
0,0.135534
0,0.303363
0,0.142654
0,0.167298
0,0.098406
0,0.132380
0,0.060409
0,0.103021
0,0.053472
0,0.121911
0,0.111878
0,0.099275
0,0.118704
0,0.142188
0,0.117665
0,0.233846
0,0.102133
0,0.114598
0,0.121146
0,0.051955
0,0.211416
0,0.035988
0,0.075596
0,0.195233
0,0.187952
0,0.110803
0,0.183439
0,0.158598
0,0.051237
0,0.250284
0,0.220074
0,0.191723
0,0.353824
0,0.164894
0,0.099147
0,0.217913
0,0.735140
0,0.576495
0,0.620263
0,0.609676
0,0.543172
0,0.704064
0,0.654323
0,0.220583
0,0.888481
0,0.237762
0,0.517233
0,0.530047
0,0.573201
0,0.519983
0,0.456067
0,0.396852
0,0.541338
0,0.245927
0,0.486789
0,0.180387
0,0.630699
0,0.655383
0,0.578003
0,0.767417
0,0.637751
0,0.579781
0,0.723436
0,0.324624
0,0.667738
0,0.784100
0,0.602939
0,0.740083
0,0.499065
0,0.564075
0,0.444214
0,0.502995
0,0.713077
0,0.539931
0,0.809293
0,0.250612
0,0.381442
0,0.655437
0,0.447383
0,0.610166
0,0.662557
0,0.577003
0,0.561906
0,0.432502
0,0.621493
0,0.559657
0,0.696489
0,0.642611
0,0.510667
0,0.472458
0,0.700207
0,0.216182
0,0.586852
0,0.677039
0,0.706167
0,0.552533
0,0.665882
0,0.602137
0,0.715858
0,0.590506
0,0.790370
0,0.594829
0,0.584352
0,0.215248
0,0.631931
0,0.727800
0,0.637575
0,0.312731
0,0.307417
0,0.250233
0,0.787156
0,0.240261
0,0.535575
0,0.595419
0,0.843126
0,0.708970
0,0.458372
0,0.646131
0,0.515629
0,0.626938
0,0.810883
0,0.295061
0,0.713148
0,0.703849
0,0.615922
0,0.434519
0,0.510132
0,0.637752
0,0.363027
0,0.278516
0,0.808167
0,0.362015
0,0.421023
0,0.317740
0,0.615400
0,0.245195
0,0.504115
0,0.330037
0,0.531602
0,0.283918
0,0.381236
0,0.408553
0,0.512484
0,0.315391
0,0.382753
0,0.432966
0,0.419869
0,0.416971
0,0.322546
0,0.517517
0,0.260900
0,0.338158
0,0.277460
0,0.421373
0,0.424169
0,0.485748
0,0.338696
0,0.280864
0,0.250053
0,0.367382
0,0.353150
0,0.366056
0,0.350692
0,0.448438
0,0.630550
0,0.454471
0,0.419633
0,0.302575
0,0.544007
0,0.347648
0,0.485595
0,0.206643
0,0.466561
0,0.236788
0,0.328526
0,0.370945
0,0.259264
0,0.379355
0,0.276616
0,0.383311
0,0.336509
0,0.337628
0,0.214895
0,0.292177
0,0.397791
0,0.299291
0,0.281181
0,0.290215
0,0.457220
0,0.389848
0,0.309565
0,0.556527
0,0.370187
0,0.292510
0,0.340745
0,0.282956
0,0.406617
0,0.371784
0,0.393861
0,0.466022
0,0.398217
0,0.339752
0,0.355470
0,0.486435
0,0.490379
0,0.316521
0,0.374077
0,0.420786
0,0.340338
0,0.387969
0,0.613190
0,0.290313
0,0.294850
0,0.298810
0,0.262682
0,0.301665
0,0.371506
0,0.592030
0,0.323995
0,0.501132
0,0.368286
0,0.418491
0,0.377090
0,0.433431
0,0.475193
0,0.353678
0,0.293281
0,0.289166
0,0.312438
0,0.304882
0,0.416032
0,0.237458
0,0.242312
0,0.282198
0,0.225735
0,0.280517
0,0.365894
0,0.561056
0,0.521384
0,0.344415
0,0.360038
0,0.442898
0,0.566878
0,0.667467
0,0.413404
0,0.563778
0,0.293170
0,0.450871
0,0.322433
0,0.289393
0,0.604847
0,0.757379
0,0.629767
0,0.539778
0,0.206656
0,0.269497
0,0.369731
0,0.307475
0,0.636621
0,0.424811
0,0.526868
0,0.363268
0,0.221132
0,0.284706
0,0.176855
0,0.290562
0,0.372449
0,0.560856
0,0.420126
0,0.185529
0,0.515832
0,0.338587
0,0.713957
0,0.534513
0,0.593920
0,0.358293
0,0.425863
0,0.646107
0,0.421184
0,0.508632
0,0.673017
0,0.530958
0,0.330999
0,0.259140
0,0.557223
0,0.531942
0,0.600644
0,0.279785
0,0.345531
0,0.549881
0,0.555354
0,0.427388
0,0.622951
0,0.565100
0,0.468094
0,0.557967
0,0.621749
0,0.573569
0,0.278727
0,0.630890
0,0.565814
0,0.421911
0,0.591623
0,0.594492
0,0.607813
0,0.524060
0,0.495103
0,0.623809
0,0.369659
0,0.576665
0,0.637760
0,0.292717
0,0.417978
0,0.429163
0,0.424526
0,0.563591
0,0.502828
0,0.558125
0,0.592967
0,0.545969
0,0.538775
0,0.373449
0,0.213389
0,0.472066
0,0.508347
0,0.437580
0,0.485092
0,0.293464
0,0.644542
0,0.270551
0,0.532798
0,0.216056
0,0.261359
0,0.305604
0,0.275727
0,0.378705
0,0.211151
0,0.085564
0,0.132870
0,0.091255
0,0.158593
0,0.089167
0,0.187722
0,0.105559
0,0.225095
0,0.157936
0,0.152908
0,0.058635
0,0.241949
0,0.221407
0,0.507376
0,0.186893
0,0.158920
0,0.139996
0,0.235002
0,0.039571
0,0.079352
0,0.083535
0,0.160302
0,0.220027
0,0.305154
0,0.215287
0,0.334528
0,0.148348
0,0.243891
0,0.150064
0,0.094376
0,0.163697
0,0.178450
0,0.240074
0,0.221886
0,0.191215
0,0.324972
0,0.305056
0,0.233102
0,0.044316
0,0.101222
0,0.230320
0,0.316884
0,0.053246
0,0.092412
0,0.273308
0,0.130470
0,0.095576
0,0.165143
0,0.098139
0,0.185568
0,0.079765
0,0.165799
0,0.052102
0,0.164356
0,0.130353
0,0.355240
0,0.189934
0,0.068738
0,0.288395
0,0.289797
0,0.132237
0,0.251162
0,0.232098
0,0.237084
0,0.268952
0,0.151972
0,0.136976
0,0.118274
0,0.214609
0,0.207260
0,0.098930
0,0.107245
0,0.163197
0,0.065910
0,0.092182
0,0.153870
0,0.247306
0,0.206959
0,0.042552
0,0.088365
0,0.037996
0,0.109248
0,0.073186
0,0.187716
0,0.063056
0,0.210404
0,0.177473
0,0.106289
0,0.228287
0,0.422873
0,0.265025
0,0.214396
0,0.044346
0,0.198272
0,0.104058
0,0.149174
0,0.171399
0,0.170858
0,0.113337
1,0.721533
1,0.748572
1,0.821393
1,0.787601
1,0.768063
1,0.759893
1,0.799447
1,0.692694
1,0.780921
1,0.758907
1,0.796062
1,0.730853
1,0.819226
1,0.938058
1,0.885479
1,0.865378
1,0.761719
1,0.888296
1,0.820793
1,0.773220
1,0.741614
1,0.895826
1,0.859572
1,0.854058
1,0.770609
1,0.693918
1,0.748262
1,0.781896
1,0.775583
1,0.820150
1,0.791346
1,0.762897
1,0.800235
1,0.880388
1,0.803796
1,0.724111
1,0.693791
1,0.641306
1,0.770504
1,0.750908
1,0.847841
1,0.734464
1,0.771413
1,0.821124
1,0.634735
1,0.707934
1,0.719845
1,0.632637
1,0.710055
1,0.704184
1,0.726932
1,0.682860
1,0.748317
1,0.780985
1,0.765819
1,0.733331
1,0.733661
1,0.725434
1,0.741814
1,0.788810
1,0.789167
1,0.870859
1,0.767018
1,0.889472
1,0.782772
1,0.742432
1,0.813812
1,0.898889
1,0.818173
1,0.791451
1,0.764115
1,0.759077
1,0.853033
1,0.717982
1,0.688638
1,0.837749
1,0.759367
1,0.823859
1,0.830305
1,0.829069
1,0.806950
1,0.817369
1,0.745186
1,0.936176
1,0.753085
1,0.855937
1,0.785155
1,0.537004
1,0.887921
1,0.877318
1,0.875379
1,0.881506
1,0.735485
1,0.858166
1,0.728270
0,0.457688
0,0.417287
0,0.321605
0,0.422536
0,0.378591
0,0.481906
0,0.330741
0,0.471546
0,0.381866
0,0.390629
0,0.391968
0,0.347856
0,0.404832
0,0.456058
0,0.356099
0,0.316789
0,0.258328
0,0.307566
0,0.433560
0,0.422082
0,0.427503
0,0.373600
0,0.478592
0,0.364655
0,0.381250
0,0.698562
0,0.606325
0,0.445130
0,0.415584
0,0.354605
0,0.301778
0,0.520254
0,0.626084
0,0.319698
0,0.393197
0,0.348727
0,0.608658
0,0.410793
0,0.459368
0,0.248391
0,0.458385
0,0.455463
0,0.373831
0,0.512109
0,0.575343
0,0.579476
0,0.394493
0,0.278915
0,0.556164
0,0.495694
0,0.391393
0,0.439983
0,0.357464
0,0.134148
0,0.211482
0,0.134682
0,0.085317
0,0.099473
0,0.318987
0,0.203046
0,0.201747
0,0.248749
0,0.200052
0,0.193067
0,0.122793
0,0.119291
0,0.099064
0,0.197051
0,0.115041
0,0.200183
0,0.126007
0,0.144930
0,0.054256
0,0.112092
0,0.380781
0,0.077480
0,0.147195
0,0.218036
0,0.363045
0,0.123373
0,0.395544
0,0.054287
0,0.187254
0,0.144478
0,0.071765
0,0.070084
0,0.107469
0,0.306183
0,0.081220
0,0.078308
0,0.067594
0,0.161684
0,0.209145
0,0.194982
0,0.189938
0,0.127903
0,0.506690
0,0.198200
0,0.398027
0,0.361313
0,0.319339
0,0.234133
0,0.219323
0,0.169318
0,0.123214
0,0.178634
0,0.225196
0,0.193307
0,0.094278
0,0.108373
0,0.079415
0,0.199624
0,0.151556
0,0.161580
0,0.066742
0,0.065142
0,0.287835
0,0.237860
0,0.226481
0,0.151313
0,0.241592
0,0.290773
0,0.130339
0,0.232850
0,0.381782
0,0.118544
0,0.187859
0,0.250559
0,0.163268
0,0.519626
0,0.252725
0,0.100929
0,0.108661
0,0.139576
0,0.176216
0,0.151595
0,0.150315
0,0.138323
0,0.263240
0,0.186062
0,0.279898
0,0.078869
0,0.076262
0,0.210315
0,0.278183
0,0.170815
0,0.054607
0,0.119866
0,0.139170
0,0.161223
0,0.087895
0,0.431166
0,0.078648
1,0.651821
1,0.916880
1,0.498011
1,0.505530
1,0.452636
1,0.505613
1,0.318098
1,0.489426
1,0.500096
1,0.738280
1,0.757305
1,0.773352
1,0.419599
1,0.426114
1,0.371759
1,0.638779
1,0.832618
1,0.753583
1,0.519984
1,0.866673
1,0.774600
1,0.813437
1,0.900538
1,0.840359
1,0.846561
1,0.777397
1,0.531478
1,0.661588
1,0.807366
1,0.641855
1,0.636300
1,0.377406
1,0.536946
1,0.577553
1,0.479703
1,0.524227
1,0.707847
1,0.707892
1,0.808991
1,0.805251
1,0.771386
1,0.776357
1,0.774924
1,0.815310
1,0.789946
1,0.825924
1,0.877623
1,0.814984
1,0.772235
1,0.761718
1,0.718461
1,0.815650
1,0.611067
1,0.664097
1,0.569937
1,0.419670
1,0.564264
1,0.398667
1,0.224064
1,0.471327
1,0.747753
1,0.358360
1,0.435306
1,0.473388
1,0.577503
1,0.524436
1,0.466259
1,0.523889
1,0.383125
1,0.425010
1,0.426583
1,0.373168
1,0.383773
1,0.487604
1,0.471639
1,0.512737
1,0.283039
1,0.485150
1,0.416346
1,0.506982
1,0.452517
1,0.566065
1,0.440784
1,0.530639
1,0.420109
1,0.501666
1,0.467408
1,0.367998
1,0.507253
1,0.616786
1,0.500600
1,0.468691
1,0.453322
1,0.448265
1,0.356397
1,0.354951
1,0.420900
1,0.315483
1,0.469266
1,0.435574
1,0.313451
1,0.576669
1,0.560019
1,0.505503
1,0.395146
1,0.436671
1,0.455878
1,0.421943
1,0.347137
1,0.425521
1,0.452800
1,0.412964
1,0.422251
1,0.431232
1,0.361947
1,0.602268
1,0.477741
1,0.426727
1,0.527442
1,0.569914
1,0.427234
1,0.637738
1,0.397013
1,0.506947
1,0.548149
1,0.536005
1,0.519387
1,0.401660
1,0.271877
1,0.467045
1,0.505077
1,0.328745
1,0.558619
1,0.365292
1,0.404382
1,0.315818
1,0.611626
1,0.370839
1,0.523888
1,0.368155
1,0.581396
1,0.374618
1,0.230908
1,0.325992
1,0.416338
1,0.459598
1,0.521411
1,0.198051
1,0.359063
1,0.312211
1,0.274114
1,0.091773
1,0.140172
1,0.767299
1,0.421797
1,0.484945
1,0.371085
1,0.238987
1,0.568396
1,0.217464
1,0.315840
1,0.534527
1,0.193188
1,0.374436
1,0.394113
1,0.233992
1,0.277771
1,0.421245
1,0.173359
1,0.362414
1,0.210957
1,0.559706
1,0.251251
1,0.422747
1,0.197547
1,0.262209
1,0.347789
1,0.367077
1,0.157644
1,0.585295
1,0.501976
1,0.503004
1,0.675288
1,0.208798
1,0.174096
1,0.419729
1,0.235342
1,0.473893
1,0.182763
1,0.357558
1,0.331701
1,0.268866
1,0.277705
1,0.284129
1,0.234551
1,0.299611
1,0.377692
0,0.582386
0,0.499977
0,0.692958
0,0.622316
0,0.636646
0,0.426382
0,0.552891
0,0.544724
0,0.516894
0,0.444621
0,0.421577
0,0.700169
0,0.529478
0,0.391127
0,0.430141
0,0.536414
0,0.565235
0,0.513377
0,0.698175
0,0.479211
0,0.651717
0,0.702232
0,0.503900
0,0.508211
0,0.490189
0,0.307934
0,0.679682
0,0.387092
0,0.543840
0,0.576889
0,0.439089
0,0.443278
0,0.410816
0,0.640080
0,0.701447
0,0.491717
0,0.362693
0,0.558283
0,0.520917
0,0.460280
0,0.649617
0,0.488597
0,0.537802
0,0.517193
0,0.460904
0,0.596183
0,0.481430
0,0.593308
0,0.414588
0,0.458113
0,0.320832
0,0.557442
0,0.584243
0,0.708714
0,0.502990
0,0.637846
0,0.573561
0,0.548907
0,0.905505
0,0.600258
0,0.566138
0,0.599567
0,0.571879
0,0.438293
0,0.582359
0,0.366512
0,0.481176
0,0.417882
0,0.555136
0,0.564595
0,0.387157
0,0.552832
0,0.564762
0,0.372378
0,0.721759
0,0.628040
0,0.612535
0,0.515185
0,0.486693
0,0.577093
0,0.630613
0,0.786029
0,0.590368
0,0.698083
0,0.480371
0,0.650506
0,0.434628
0,0.518014
0,0.684880
0,0.676526
0,0.651955
0,0.612108
0,0.869009
0,0.561551
0,0.618024
0,0.502200
0,0.503551
0,0.561800
0,0.607323
0,0.484735
0,0.571109
0,0.519281
0,0.615148
0,0.448257
0,0.522665
0,0.412698
0,0.458959
0,0.548970
0,0.492409
0,0.442886
0,0.658016
0,0.538618
0,0.541700
0,0.478579
0,0.563265
0,0.725557
0,0.535616
0,0.754949
0,0.577420
0,0.744038
0,0.727860
0,0.505247
0,0.620091
0,0.573552
0,0.673042
0,0.613407
0,0.432825
0,0.645010
0,0.432134
0,0.551135
0,0.532486
0,0.506762
0,0.646070
0,0.497695
0,0.554721
0,0.657442
0,0.588348
0,0.326257
0,0.517882
0,0.533055
0,0.634028
0,0.413482
0,0.612964
0,0.658609
0,0.640265
0,0.608292
0,0.408394
0,0.485045
0,0.459548
0,0.498596
0,0.580717
0,0.558033
0,0.538777
0,0.426297
0,0.372074
0,0.509657
0,0.650120
1,0.773038
1,0.910004
1,0.841570
1,0.724233
1,0.872591
1,0.889698
1,0.698791
1,0.754509
1,0.667667
1,0.734807
1,0.801827
1,0.840424
1,0.886553
1,0.734979
1,0.784271
1,0.730120
1,0.348477
1,0.848523
1,0.677290
1,0.858674
1,0.863695
1,0.856891
1,0.348531
1,0.838273
1,0.678422
1,0.486241
1,0.827671
1,0.752429
1,0.854095
1,0.801266
1,0.852837
1,0.871613
1,0.675638
1,0.761224
1,0.828528
1,0.707122
1,0.732251
1,0.574585
1,0.872996
1,0.702391
1,0.769057
1,0.776068
1,0.929388
1,0.894115
1,0.645331
1,0.602909
1,0.924851
1,0.777795
1,0.773251
1,0.812158
1,0.919550
1,0.717584
1,0.774074
1,0.687129
1,0.901622
1,0.509147
1,0.768607
1,0.757057
1,0.851183
1,0.860301
1,0.712690
1,0.711740
1,0.791587
1,0.843919
1,0.718303
1,0.757481
1,0.921149
1,0.801361
1,0.814608
1,0.855720
1,0.734826
1,0.881357
1,0.602934
1,0.737396
1,0.650778
1,0.863331
1,0.647924
1,0.863244
1,0.831634
1,0.858985
1,0.755909
1,0.813856
1,0.588931
1,0.646878
1,0.816068
1,0.811792
1,0.899504
1,0.842704
1,0.768445
1,0.527892
1,0.607471
1,0.616488
1,0.717382
1,0.708652
1,0.723390
1,0.736760
1,0.682353
1,0.798254
1,0.615638
1,0.859479
1,0.640772
1,0.502534
1,0.640506
1,0.664110
1,0.470375
1,0.658848
1,0.572422
1,0.485382
1,0.304671
1,0.736936
1,0.718951
1,0.641032
1,0.693526
1,0.502250
1,0.477460
1,0.641712
1,0.615748
1,0.458853
1,0.615377
1,0.453551
1,0.537975
1,0.575812
1,0.514285
1,0.504516
1,0.528630
1,0.571800
1,0.330208
1,0.575456
1,0.608103
1,0.530407
1,0.469858
1,0.526565
1,0.554186
1,0.440281
1,0.657750
1,0.650425
1,0.639389
1,0.553421
1,0.490868
1,0.566739
1,0.599916
1,0.409993
1,0.501635
1,0.645366
1,0.569695
1,0.456501
1,0.613486
1,0.573234
1,0.509323
1,0.566368
1,0.619465
1,0.523294
1,0.647835
1,0.491854
1,0.433398
1,0.565451
1,0.505040
1,0.596497
1,0.352811
1,0.571037
1,0.619508
1,0.615251
1,0.610591
1,0.656136
1,0.619080
1,0.474363
1,0.593467
1,0.621591
1,0.538728
1,0.462686
1,0.583018
1,0.654401
1,0.629201
1,0.520206
1,0.732144
1,0.645571
1,0.582854
1,0.502309
1,0.539985
1,0.493118
1,0.618926
1,0.567194
1,0.636136
1,0.475781
1,0.449373
1,0.511878
1,0.545038
1,0.642396
1,0.545150
1,0.519114
1,0.564476
1,0.683110
1,0.653280
1,0.470140
1,0.489919
1,0.576042
1,0.558348
1,0.622948
1,0.746967
1,0.447068
1,0.691921
1,0.580329
1,0.618818
1,0.543358
1,0.668485
1,0.620770
1,0.657754
1,0.730858
1,0.733162
1,0.668025
1,0.547790
1,0.832227
1,0.648136
1,0.671403
1,0.662205
1,0.747280
1,0.728386
1,0.683508
1,0.696816
1,0.633299
1,0.696616
1,0.539138
1,0.649860
1,0.651138
1,0.631930
1,0.753032
1,0.734014
1,0.675873
1,0.656045
1,0.671299
1,0.707232
1,0.623906
1,0.633933
1,0.770581
1,0.596463
1,0.812922
1,0.846685
1,0.622468
1,0.597052
1,0.825031
1,0.814391
1,0.685476
1,0.841328
1,0.695690
1,0.772579
1,0.767658
1,0.699230
1,0.741241
1,0.711439
1,0.776786
1,0.655790
0,0.466115
0,0.195863
0,0.143669
0,0.106718
0,0.105960
0,0.180498
0,0.086163
0,0.264688
0,0.280129
0,0.098025
0,0.485561
0,0.108336
0,0.239594
0,0.131696
0,0.254008
0,0.182623
0,0.250374
0,0.140333
0,0.134566
0,0.197237
0,0.221536
0,0.279048
0,0.399690
0,0.444821
0,0.270132
0,0.228939
0,0.185706
0,0.374473
0,0.247197
0,0.670342
0,0.275454
0,0.221539
0,0.357711
0,0.514618
0,0.240608
0,0.258796
0,0.119714
0,0.180174
0,0.313429
0,0.185053
0,0.212631
0,0.721350
0,0.166335
0,0.579582
0,0.175654
0,0.202466
0,0.234476
0,0.192357
0,0.339094
0,0.121283
0,0.371088
0,0.322274
0,0.283944
0,0.217686
0,0.253607
0,0.154243
0,0.208793
0,0.400468
0,0.153297
0,0.198168
0,0.285702
0,0.143340
0,0.409472
0,0.245385
0,0.351403
0,0.144667
0,0.217637
0,0.480644
0,0.270612
0,0.271927
0,0.355250
0,0.152302
0,0.180794
0,0.378982
0,0.183329
0,0.325222
0,0.162276
0,0.341615
0,0.277569
0,0.341071
0,0.101548
0,0.168594
0,0.275698
0,0.092170
0,0.284406
0,0.166572
0,0.241034
0,0.202100
0,0.186092
0,0.260227
0,0.271158
0,0.238514
0,0.104975
0,0.346468
0,0.171332
0,0.391595
0,0.300185
0,0.161609
0,0.182359
0,0.135282
0,0.505034
0,0.566528
0,0.337666
0,0.449790
0,0.304918
0,0.347591
0,0.440590
0,0.351686
0,0.235716
0,0.392254
0,0.234463
0,0.376979
0,0.460408
0,0.314908
0,0.371472
0,0.352306
0,0.349258
0,0.413463
0,0.421347
0,0.290778
0,0.436723
0,0.289692
0,0.398165
0,0.284472
0,0.308345
0,0.463944
0,0.195126
0,0.507396
0,0.425375
0,0.381501
0,0.323755
0,0.219713
0,0.351894
0,0.226943
0,0.297824
0,0.323341
0,0.258909
0,0.191160
0,0.282684
0,0.171940
0,0.412693
0,0.331418
0,0.408422
0,0.282340
0,0.338039
0,0.634800
0,0.310552
0,0.384604
0,0.261324
0,0.345055
0,0.416618
0,0.587435
0,0.283441
0,0.368865
0,0.266328
0,0.417448
0,0.218819
0,0.378613
0,0.349915
0,0.317076
0,0.428067
0,0.284077
1,0.528574
1,0.518704
1,0.425922
1,0.505414
1,0.411158
1,0.470426
1,0.506938
1,0.595136
1,0.501121
1,0.504655
1,0.507435
1,0.722905
1,0.539601
1,0.470827
1,0.447915
1,0.442240
1,0.449703
1,0.500412
1,0.389255
1,0.572495
1,0.382711
1,0.418054
1,0.510457
1,0.554251
1,0.535289
1,0.482079
1,0.490704
1,0.488600
1,0.407855
1,0.610528
1,0.481390
1,0.506367
1,0.474008
1,0.414990
1,0.417254
1,0.303704
1,0.465437
1,0.482256
1,0.432546
1,0.354900
1,0.407750
1,0.379873
1,0.340937
1,0.424263
1,0.412491
1,0.574857
1,0.410636
1,0.485889
1,0.552685
1,0.481953
1,0.588066
1,0.461306
1,0.612773
1,0.568504
1,0.524118
1,0.421370
1,0.541099
1,0.473245
1,0.615731
1,0.544823
1,0.573023
1,0.474813
1,0.495276
1,0.466304
1,0.411438
1,0.293768
1,0.670347
1,0.469832
1,0.536190
1,0.462851
1,0.513731
1,0.515645
1,0.407418
1,0.382740
1,0.426325
1,0.630953
1,0.590137
1,0.669250
1,0.561046
1,0.482987
1,0.412091
1,0.667045
1,0.425940
1,0.529935
1,0.432218
1,0.348144
1,0.570163
1,0.368816
1,0.488737
1,0.481252
1,0.547858
1,0.635893
1,0.378600
1,0.485971
1,0.558164
1,0.357182
1,0.442799
1,0.478205
1,0.435338
1,0.393672
1,0.315666
1,0.444780
1,0.555127
1,0.496041
1,0.353981
1,0.468214
1,0.305704
1,0.458433
1,0.460269
1,0.469806
1,0.527555
1,0.508540
1,0.549010
1,0.471905
1,0.668891
1,0.572512
1,0.496461
1,0.306814
1,0.587777
1,0.282797
1,0.392902
1,0.391868
1,0.575700
1,0.406923
1,0.331702
1,0.464966
1,0.395765
1,0.393117
1,0.458153
1,0.512782
1,0.708648
1,0.667694
1,0.497252
1,0.505660
1,0.352704
1,0.477038
1,0.601083
1,0.662597
1,0.352121
1,0.701597
1,0.461148
1,0.501874
1,0.417289
1,0.613808
1,0.392970
1,0.583069
0,0.230583
0,0.164605
0,0.360723
0,0.609692
0,0.217159
0,0.435305
0,0.327633
0,0.373250
0,0.073506
0,0.285589
0,0.286169
0,0.193777
0,0.335316
0,0.241306
0,0.593532
0,0.539609
0,0.634992
0,0.776652
0,0.505924
0,0.223696
0,0.200140
0,0.388120
0,0.235904
0,0.281009
0,0.342417
0,0.193912
0,0.305857
0,0.151517
0,0.568306
0,0.381282
0,0.406133
0,0.301964
0,0.468987
0,0.425350
0,0.307815
0,0.300404
0,0.265006
0,0.439171
0,0.594542
0,0.820921
0,0.793379
0,0.731078
0,0.334411
0,0.339671
0,0.111790
0,0.177321
0,0.204076
0,0.153640
0,0.158913
0,0.209933
0,0.352051
0,0.463616
0,0.294144
0,0.443716
0,0.254745
0,0.403699
0,0.537216
0,0.315604
0,0.443549
0,0.567895
0,0.574604
0,0.520668
0,0.322189
0,0.230306
0,0.409849
0,0.447710
0,0.630354
0,0.540888
0,0.416459
0,0.608904
0,0.460405
0,0.205476
0,0.365146
0,0.275246
0,0.667277
0,0.432467
0,0.477647
0,0.677362
0,0.823800
0,0.327634
0,0.670661
0,0.314926
0,0.406383
0,0.311144
0,0.414591
0,0.226131
0,0.363906
0,0.552181
0,0.336291
0,0.219061
0,0.511174
0,0.201831
0,0.303304
0,0.264049
0,0.397539
0,0.160142
0,0.302259
0,0.315802
0,0.287967
0,0.175791
0,0.261044
0,0.532638
0,0.527894
0,0.535553
0,0.501444
0,0.751120
0,0.437330
0,0.409658
0,0.366664
0,0.449525
0,0.284528
0,0.608581
0,0.641060
0,0.346332
0,0.286428
0,0.147637
0,0.369324
0,0.272731
0,0.179451
0,0.219852
0,0.254537
0,0.231808
0,0.386500
0,0.318564
0,0.308932
0,0.353817
0,0.443500
0,0.284364
0,0.439404
0,0.427628
0,0.626941
0,0.515088
0,0.270080
0,0.432728
0,0.351787
0,0.205679
0,0.459355
0,0.173255
0,0.334376
0,0.219172
0,0.485533
0,0.321174
0,0.399095
0,0.506153
0,0.631676
0,0.456089
0,0.451204
0,0.689971
0,0.590194
0,0.242694
0,0.388439
0,0.466724
0,0.735454
0,0.839531
0,0.837692
0,0.838051
0,0.633457
0,0.708297
0,0.540496
0,0.673445
0,0.622908
0,0.644641
0,0.576109
0,0.572194
0,0.635047
0,0.401989
0,0.660603
0,0.415497
0,0.469643
0,0.198653
0,0.689118
0,0.341132
0,0.395660
0,0.570411
0,0.508542
0,0.531388
0,0.598917
0,0.549282
0,0.642157
0,0.606181
0,0.525838
0,0.569965
0,0.405785
0,0.424571
0,0.061297
0,0.627330
0,0.328794
0,0.477881
0,0.638894
0,0.500960
0,0.499188
0,0.374307
0,0.633909
0,0.678918
0,0.536201
0,0.515914
0,0.414247
1,0.754435
1,0.705497
1,0.580723
1,0.581477
1,0.617880
1,0.468336
1,0.750888
1,0.492837
1,0.633253
1,0.695583
1,0.233909
1,0.689771
1,0.442515
1,0.367913
1,0.471890
1,0.653003
1,0.475615
1,0.722460
1,0.414112
1,0.506961
1,0.396527
1,0.595845
1,0.422056
1,0.428265
1,0.745303
1,0.649375
1,0.394580
1,0.413652
1,0.586102
1,0.455923
1,0.415550
1,0.629959
1,0.640244
1,0.617431
1,0.311269
1,0.699174
1,0.615434
1,0.526324
1,0.564058
1,0.574730
1,0.337758
1,0.672364
1,0.319919
1,0.322096
1,0.645313
1,0.606277
1,0.750717
1,0.655431
1,0.691502
1,0.422947
1,0.511685
1,0.622195
1,0.473155
1,0.256938
1,0.601887
1,0.684487
1,0.701926
1,0.655033
1,0.504477
1,0.510441
1,0.642904
1,0.646642
1,0.553711
1,0.688771
1,0.331124
1,0.736718
1,0.749295
1,0.757757
1,0.577032
1,0.380303
1,0.342999
1,0.684789
1,0.476795
1,0.529940
1,0.373124
1,0.721481
1,0.429774
1,0.695457
1,0.613582
1,0.665553
1,0.747038
1,0.466656
1,0.527804
1,0.386150
1,0.664800
1,0.678544
1,0.544267
1,0.569298
1,0.721581
1,0.521319
1,0.633191
1,0.477561
1,0.790139
1,0.508718
1,0.435071
1,0.751940
1,0.709036
1,0.877135
1,0.743013
1,0.815114
1,0.252342
1,0.328595
1,0.253235
1,0.276946
1,0.252055
1,0.151857
1,0.202144
1,0.139371
1,0.125748
1,0.157100
1,0.284642
1,0.314781
1,0.174508
1,0.301273
1,0.484241
1,0.241103
1,0.238238
1,0.359607
1,0.319588
1,0.278034
1,0.247245
1,0.482317
1,0.161329
1,0.201714
1,0.256679
1,0.368451
1,0.252243
1,0.218010
1,0.170644
1,0.450770
1,0.887741
1,0.415970
1,0.504034
1,0.326183
1,0.386900
1,0.322783
1,0.345581
1,0.445694
1,0.193831
1,0.184770
1,0.241272
1,0.338918
1,0.126061
1,0.198779
1,0.364386
1,0.361586
1,0.397439
1,0.326904
1,0.262123
1,0.195362
1,0.304720
1,0.273606
1,0.261411
1,0.305238
1,0.310277
1,0.281912
1,0.488145
1,0.315720
1,0.354097
1,0.346805
1,0.219823
1,0.305943
1,0.353385
1,0.337382
1,0.221326
1,0.442371
1,0.266449
1,0.173642
1,0.279925
1,0.270207
1,0.275628
1,0.196629
1,0.192111
1,0.261929
1,0.142704
1,0.318268
1,0.415491
1,0.340609
1,0.221544
1,0.338231
1,0.218846
1,0.354484
1,0.372167
1,0.179873
1,0.513532
1,0.378961
1,0.101968
1,0.248988
1,0.230468
1,0.264738
1,0.232784
1,0.195025
1,0.390355
1,0.253627
1,0.461545
1,0.553602
1,0.336731
1,0.369976
1,0.347587
1,0.312529
1,0.333570
1,0.319108
1,0.365586
1,0.333042
1,0.350861
1,0.345363
1,0.293324
1,0.294744
1,0.340666
1,0.239361
1,0.327066
1,0.370788
1,0.337082
1,0.323984
1,0.304422
1,0.338724
1,0.344086
1,0.363808
1,0.340870
1,0.315448
1,0.356303
1,0.322618
1,0.333127
1,0.386993
1,0.341839
1,0.307361
1,0.295126
1,0.326246
1,0.273474
1,0.323578
1,0.310330
1,0.246357
1,0.301393
1,0.298804
1,0.254137
1,0.302396
1,0.233301
1,0.379802
1,0.366552
1,0.307504
1,0.265548
1,0.307026
1,0.259309
1,0.294289
1,0.306134
1,0.284700
1,0.329982
1,0.371366
1,0.311701
1,0.327590
1,0.288231
1,0.336377
1,0.312977
1,0.280836
1,0.323319
1,0.265812
1,0.367987
1,0.342893
1,0.350711
1,0.336426
1,0.292471
1,0.367199
1,0.388990
1,0.366119
1,0.367143
1,0.299308
1,0.341871
1,0.318154
1,0.262771
1,0.349683
1,0.316395
1,0.331218
1,0.354835
1,0.335567
1,0.354671
1,0.371208
1,0.302202
1,0.323584
1,0.328411
1,0.251872
1,0.314695
1,0.353454
1,0.342903
1,0.255757
1,0.312307
1,0.328689
1,0.328077
1,0.372357
1,0.321904
1,0.329728
1,0.329633
1,0.362580
1,0.383602
1,0.351209
0,0.191044
0,0.126037
0,0.151990
0,0.166043
0,0.163603
0,0.125307
0,0.084274
0,0.153190
0,0.305516
0,0.199182
0,0.222114
0,0.157453
0,0.181082
0,0.157300
0,0.118671
0,0.352887
0,0.096873
0,0.059709
0,0.098945
0,0.317023
0,0.089125
0,0.270871
0,0.298259
0,0.126592
0,0.502970
0,0.145572
0,0.159972
0,0.147815
0,0.046065
0,0.207293
0,0.090568
0,0.184780
0,0.077757
0,0.253368
0,0.116699
0,0.168612
0,0.242779
0,0.088744
0,0.120930
0,0.125545
0,0.177666
0,0.176565
0,0.116076
0,0.078407
0,0.117583
0,0.211732
0,0.157372
0,0.200156
0,0.072102
0,0.166607
0,0.275759
0,0.137587
0,0.079767
0,0.112130
0,0.217404
0,0.114149
0,0.084662
0,0.098927
0,0.101289
0,0.117399
0,0.235828
0,0.188195
0,0.319149
0,0.175786
0,0.183327
0,0.232720
0,0.894981
0,0.708773
0,0.875073
0,0.768947
0,0.775031
0,0.821853
0,0.690954
0,0.707279
0,0.771982
0,0.869678
0,0.960256
0,0.759845
0,0.667575
0,0.773301
0,0.908224
0,0.881881
0,0.672903
0,0.797778
0,0.631205
0,0.683912
0,0.775201
0,0.705697
0,0.835899
0,0.837801
0,0.841993
0,0.904588
0,0.900499
0,0.870340
0,0.753788
0,0.547026
0,0.640247
0,0.710495
0,0.741653
0,0.668017
0,0.914121
0,0.693132
0,0.720814
0,0.706693
0,0.798835
0,0.725436
0,0.788460
0,0.362146
0,0.814351
0,0.798599
0,0.860280
0,0.750067
0,0.719872
0,0.809985
0,0.741934
0,0.817748
0,0.845615
0,0.817128
0,0.655665
0,0.801778
0,0.701063
0,0.797842
0,0.821342
0,0.723617
0,0.827631
0,0.717101
0,0.762299
0,0.724546
0,0.853544
0,0.759399
0,0.807206
0,0.852362
0,0.767686
0,0.739804
0,0.775638
0,0.781262
0,0.709167
0,0.868947
0,0.843657
0,0.766457
0,0.758649
0,0.690795
1,0.516081
1,0.784696
1,0.692096
1,0.885076
1,0.492909
1,0.881887
1,0.558634
1,0.749785
1,0.732268
1,0.564887
1,0.717378
1,0.690746
1,0.673981
1,0.870934
1,0.370401
1,0.436213
1,0.401052
1,0.134226
1,0.255328
1,0.460131
1,0.245285
1,0.251410
1,0.406677
1,0.173626
1,0.160356
1,0.213761
1,0.161185
1,0.623577
1,0.172228
1,0.485456
1,0.413936
1,0.492252
1,0.754566
1,0.357793
1,0.628707
1,0.741942
1,0.394333
1,0.154939
1,0.151170
1,0.213029
1,0.251483
1,0.407252
1,0.285115
1,0.623393
1,0.705606
1,0.227446
1,0.164546
1,0.544681
1,0.728096
1,0.422646
1,0.586495
1,0.738748
1,0.644298
1,0.174778
1,0.331156
1,0.419811
1,0.543436
1,0.302321
1,0.753408
1,0.394386
1,0.108680
1,0.134924
1,0.270752
1,0.399844
1,0.195594
1,0.696159
1,0.321876
1,0.677401
1,0.529802
1,0.295941
1,0.402419
1,0.279045
1,0.527846
1,0.253590
1,0.279677
1,0.559399
1,0.481490
1,0.875631
1,0.603110
1,0.407079
1,0.202219
1,0.707407
1,0.662896
1,0.788157
1,0.773718
1,0.787042
1,0.881854
1,0.914726
1,0.826416
1,0.939865
1,0.573505
1,0.322897
1,0.490122
1,0.361409
1,0.153605
1,0.216752
1,0.715184
1,0.736412
1,0.732444
1,0.604370
0,0.449742
0,0.467430
0,0.576536
0,0.464396
0,0.635257
0,0.525536
0,0.352258
0,0.549074
0,0.463413
0,0.636171
0,0.656922
0,0.689843
0,0.751927
0,0.548998
0,0.587094
0,0.629809
0,0.263555
0,0.661180
0,0.455248
0,0.543072
0,0.508916
0,0.668318
0,0.552769
0,0.536950
0,0.706845
0,0.627014
0,0.545495
0,0.678460
0,0.512456
0,0.622389
0,0.507540
0,0.313402
0,0.558991
0,0.220187
0,0.596474
0,0.545015
0,0.534574
0,0.349702
0,0.623970
0,0.424271
0,0.466357
0,0.545203
0,0.571508
0,0.678155
0,0.555538
0,0.620573
0,0.639526
0,0.727380
0,0.629860
0,0.487886
0,0.673621
0,0.634023
0,0.614249
0,0.470957
0,0.477795
0,0.484920
0,0.543885
0,0.611887
0,0.569192
0,0.575169
0,0.433575
0,0.895861
0,0.471968
0,0.546375
0,0.312032
0,0.548065
0,0.503581
0,0.674173
0,0.851126
0,0.568763
0,0.330166
0,0.342613
0,0.557377
0,0.770955
0,0.597041
0,0.578365
0,0.521955
0,0.339073
0,0.557530
0,0.404333
0,0.382226
0,0.274676
0,0.566099
0,0.469995
0,0.575500
0,0.501113
0,0.567557
0,0.707112
0,0.554367
0,0.395836
0,0.565267
0,0.326576
0,0.688175
0,0.479466
0,0.624833
0,0.714478
0,0.289909
0,0.604374
0,0.683546
0,0.589332
0,0.498112
0,0.560463
0,0.620539
0,0.686572
0,0.593650
0,0.790246
0,0.933998
0,0.511693
0,0.426796
0,0.652905
0,0.600896
0,0.556351
0,0.668734
0,0.362724
0,0.539554
0,0.687580
0,0.472714
0,0.884621
0,0.709129
0,0.476123
0,0.373158
0,0.688988
0,0.538479
0,0.400139
0,0.448528
0,0.473620
0,0.361869
0,0.603999
0,0.551324
0,0.553132
0,0.486304
0,0.572984
0,0.659536
0,0.836791
0,0.513789
0,0.445853
0,0.515689
0,0.531253
0,0.695206
0,0.320734
0,0.771645
0,0.676920
0,0.751304
0,0.622013
0,0.679180
0,0.474351
0,0.470521
0,0.523633
0,0.704437
0,0.903990
0,0.615554
0,0.662356
0,0.286888
0,0.449664
0,0.521178
0,0.636797
0,0.449339
0,0.523376
0,0.793768
0,0.773525
0,0.659191
0,0.700309
0,0.697778
0,0.687797
0,0.793419
0,0.782497
0,0.670324
0,0.698468
0,0.709150
0,0.775043
0,0.770738
0,0.846585
0,0.927210
0,0.818673
0,0.884385
0,0.817737
0,0.674839
0,0.899858
0,0.783433
0,0.859385
0,0.874200
0,0.841618
0,0.826703
0,0.931254
0,0.900977
0,0.758107
0,0.780659
0,0.918706
0,0.875577
0,0.747949
0,0.854092
0,0.756370
0,0.765543
0,0.884635
0,0.807255
0,0.803672
0,0.752495
0,0.802208
0,0.770841
0,0.796927
0,0.882771
0,0.636490
0,0.742963
0,0.833496
0,0.789227
0,0.868655
0,0.849587
0,0.850470
0,0.691462
0,0.630768
0,0.824786
0,0.664637
0,0.848672
0,0.746647
0,0.896959
0,0.689895
0,0.542831
0,0.840702
0,0.644209
0,0.791860
0,0.824477
0,0.824471
0,0.613990
0,0.630795
0,0.600699
0,0.674897
0,0.585505
0,0.758916
0,0.720998
0,0.761476
0,0.808640
0,0.830591
0,0.609819
0,0.739940
0,0.869151
0,0.747114
0,0.597195
0,0.713571
0,0.917667
0,0.653204
0,0.548098
0,0.612884
0,0.476042
0,0.659670
0,0.794784
0,0.582602
0,0.676354
0,0.694183
0,0.633807
0,0.763619
0,0.881508
0,0.736302
0,0.624171
0,0.783132
0,0.889527
0,0.883369
0,0.862360
0,0.581091
0,0.706950
0,0.760231
0,0.775496
0,0.682080
0,0.668397
0,0.763662
0,0.814608
0,0.829980
0,0.676728
0,0.681066
0,0.766110
0,0.648653
0,0.688416
0,0.804237
0,0.683988
0,0.674271
0,0.610000
0,0.683157
0,0.734456
0,0.769008
0,0.691419
0,0.604944
0,0.644305
0,0.546580
0,0.704525
0,0.542101
0,0.695578
0,0.654117
0,0.650640
0,0.593831
0,0.565083
0,0.732197
0,0.648876
0,0.605051
0,0.671048
0,0.688254
0,0.647230
0,0.626534
0,0.791606
0,0.605293
0,0.611165
0,0.722325
0,0.811606
0,0.680033
0,0.740171
0,0.723137
0,0.779818
0,0.695188
0,0.749008
0,0.738010
0,0.707363
0,0.653957
0,0.701359
0,0.640377
0,0.616834
0,0.591564
0,0.632796
0,0.698089
0,0.751566
0,0.725928
0,0.807828
0,0.628762
0,0.689793
0,0.670352
0,0.643181
0,0.619729
0,0.668191
0,0.717096
0,0.596156
0,0.728382
0,0.577083
0,0.608743
0,0.780628
0,0.759540
0,0.668214
0,0.735317
0,0.694179
0,0.777546
0,0.797338
0,0.770506
0,0.683140
0,0.702875
0,0.789368
0,0.762754
0,0.740173
1,0.799699
1,0.827114
1,0.762488
1,0.727319
1,0.826501
1,0.790730
1,0.833888
1,0.790782
1,0.735296
1,0.873425
1,0.753374
1,0.868470
1,0.710203
1,0.664997
1,0.787474
1,0.763474
1,0.712060
1,0.745247
1,0.811670
1,0.926488
1,0.873952
1,0.836335
1,0.805902
1,0.898065
1,0.837315
1,0.791580
1,0.887650
1,0.871392
1,0.917308
1,0.804144
1,0.932448
1,0.352418
1,0.619009
1,0.726177
1,0.491551
1,0.413705
1,0.873463
1,0.662968
1,0.402676
1,0.922504
1,0.586915
1,0.874097
1,0.846886
1,0.886365
1,0.622556
1,0.844315
1,0.663035
1,0.658638
1,0.582127
1,0.816906
1,0.517395
1,0.729204
1,0.466209
1,0.468274
1,0.233385
1,0.373292
1,0.542946
1,0.672996
1,0.771777
1,0.804628
1,0.603453
1,0.653594
1,0.484344
1,0.918233
1,0.838023
1,0.904349
1,0.668319
1,0.648737
1,0.648470
1,0.579988
1,0.568109
1,0.451776
1,0.504323
1,0.632405
1,0.839552
1,0.877470
1,0.677277
1,0.724705
1,0.552757
1,0.865636
1,0.605526
1,0.752316
1,0.763707
1,0.653628
1,0.779558
1,0.352724
1,0.671731
1,0.716449
1,0.783024
1,0.524937
1,0.764262
1,0.811600
1,0.753342
1,0.600268
1,0.740609
1,0.469512
1,0.373907
1,0.237826
1,0.701010
1,0.615973
1,0.323850
1,0.914202
1,0.930753
1,0.356354
0,0.599897
0,0.349659
0,0.346697
0,0.494608
0,0.510087
0,0.647726
0,0.250667
0,0.492809
0,0.364569
0,0.811709
0,0.380915
0,0.647677
0,0.410136
0,0.332751
0,0.249701
0,0.737744
0,0.269753
0,0.085722
0,0.299664
0,0.650916
0,0.475458
0,0.161132
0,0.122374
0,0.223513
0,0.258400
0,0.215111
0,0.266201
0,0.106781
0,0.264423
0,0.368207
0,0.375941
0,0.299270
0,0.240687
0,0.579949
0,0.241218
0,0.497526
0,0.443869
0,0.470408
0,0.318438
0,0.310715
0,0.299589
0,0.378400
0,0.342036
0,0.133360
0,0.405242
0,0.444168
0,0.266234
0,0.551041
0,0.359559
0,0.799334
0,0.447828
0,0.156618
0,0.305586
0,0.331193
1,0.637814
1,0.744056
1,0.708576
1,0.305267
1,0.630021
1,0.636286
1,0.500409
1,0.929303
1,0.595178
1,0.844399
1,0.389371
1,0.423187
1,0.518855
1,0.764811
1,0.633443
1,0.342261
1,0.448876
1,0.674466
1,0.282311
1,0.768367
1,0.561462
1,0.470757
1,0.542026
1,0.395494
1,0.766436
1,0.686103
1,0.543218
1,0.521507
1,0.524770
1,0.766988
1,0.573648
1,0.645763
1,0.303907
1,0.598118
1,0.818498
1,0.314062
1,0.235668
1,0.576166
1,0.726630
1,0.581201
1,0.549562
1,0.834018
1,0.664349
1,0.917238
1,0.822449
1,0.746780
1,0.217044
1,0.203872
1,0.343750
1,0.197868
1,0.435763
1,0.418890
1,0.405462
1,0.455161
1,0.274819
1,0.284528
1,0.468445
1,0.302743
1,0.138067
1,0.200781
1,0.313613
1,0.332753
1,0.274972
1,0.442877
1,0.282612
1,0.566138
1,0.472535
1,0.416238
1,0.580283
1,0.258480
1,0.219789
1,0.711726
1,0.424839
1,0.402770
1,0.280396
1,0.330547
1,0.694644
1,0.381678
1,0.409678
1,0.355276
1,0.258957
1,0.302095
1,0.564716
1,0.260557
1,0.376172
1,0.393275
1,0.505159
1,0.213999
1,0.390662
1,0.643600
1,0.685598
1,0.229124
1,0.657868
1,0.550400
1,0.619018
1,0.364716
1,0.434103
1,0.661980
0,0.228547
0,0.170401
0,0.165408
0,0.241941
0,0.051934
0,0.193051
0,0.139110
0,0.154986
0,0.141551
0,0.130310
0,0.174581
0,0.232747
0,0.112091
0,0.147831
0,0.137388
0,0.165227
0,0.174176
0,0.149457
0,0.319850
0,0.195072
0,0.144417
0,0.256274
0,0.170574
0,0.214109
0,0.232482
0,0.184965
0,0.154305
0,0.149966
0,0.142479
0,0.196441
0,0.212253
0,0.126501
0,0.132815
0,0.150192
0,0.069009
0,0.171276
0,0.187851
0,0.067472
0,0.137325
0,0.240813
0,0.171976
0,0.188202
0,0.315555
0,0.365251
0,0.169535
0,0.221771
0,0.291725
0,0.248055
0,0.159710
0,0.203213
0,0.193514
0,0.185228
0,0.154333
0,0.274738
0,0.309354
0,0.108914
0,0.175989
0,0.137063
0,0.144611
0,0.085322
0,0.262460
0,0.208566
0,0.217752
0,0.126524
0,0.107625
0,0.164255
0,0.166743
0,0.244986
0,0.135534
0,0.253371
0,0.244706
0,0.165296
0,0.218854
0,0.109635
0,0.155580
0,0.112440
0,0.153479
0,0.154093
0,0.277344
0,0.186125
0,0.218438
0,0.162258
0,0.418055
0,0.585882
0,0.582891
0,0.588807
0,0.553772
0,0.601681
0,0.593300
0,0.673114
0,0.648086
0,0.688587
0,0.615860
0,0.665683
0,0.735876
0,0.582185
0,0.743335
0,0.445297
0,0.527437
0,0.592810
0,0.592225
0,0.586971
0,0.580954
0,0.564009
0,0.581407
0,0.563684
0,0.612809
0,0.713075
0,0.723031
0,0.589932
0,0.767921
0,0.677898
0,0.740184
0,0.656967
0,0.679980
0,0.768116
0,0.865836
0,0.627056
0,0.803526
0,0.573195
0,0.617897
0,0.609074
0,0.635291
0,0.671372
0,0.728338
0,0.688972
0,0.768593
0,0.632381
0,0.804950
0,0.682304
0,0.725738
0,0.853272
0,0.832208
1,0.841126
1,0.923245
1,0.870310
1,0.660665
1,0.907029
1,0.787023
1,0.832740
1,0.812787
1,0.877318
1,0.676881
1,0.695319
1,0.656022
1,0.782434
1,0.716651
1,0.709527
1,0.855395
1,0.778511
1,0.731306
1,0.725143
1,0.815499
1,0.738741
1,0.831062
1,0.741933
1,0.658167
1,0.696744
1,0.654263
1,0.738179
1,0.705194
1,0.693029
1,0.722824
1,0.952256
1,0.905840
1,0.827241
1,0.742495
1,0.796364
1,0.832509
1,0.581720
1,0.779146
1,0.842072
1,0.873823
1,0.801184
1,0.833966
1,0.640311
1,0.803891
1,0.764284
1,0.749947
1,0.795241
1,0.727016
1,0.799539
1,0.580218
1,0.654292
1,0.584455
1,0.608491
1,0.728825
1,0.577335
1,0.724339
1,0.835405
1,0.873572
1,0.769536
1,0.806712
1,0.748393
1,0.818286
1,0.750647
1,0.700059
1,0.802419
1,0.795876
1,0.636375
1,0.779379
1,0.814086
1,0.824325
1,0.782140
1,0.780420
1,0.778999
1,0.773176
1,0.852123
1,0.728500
1,0.802724
1,0.618432
1,0.611677
1,0.668896
1,0.539063
1,0.687902
1,0.686453
1,0.773501
1,0.726525
1,0.771480
1,0.814544
1,0.806062
1,0.813139
1,0.842116
1,0.823631
1,0.941748
1,0.680231
1,0.906425
1,0.640766
1,0.656143
1,0.695991
1,0.723937
1,0.837327
1,0.909899
1,0.569680
1,0.618332
1,0.595861
1,0.504595
1,0.434111
1,0.450625
1,0.510242
1,0.411484
1,0.665289
1,0.435653
1,0.347643
1,0.465549
1,0.414130
1,0.496959
1,0.522292
1,0.660505
1,0.641583
1,0.526876
1,0.465306
1,0.687530
1,0.410538
1,0.528114
1,0.349192
1,0.475005
1,0.635211
1,0.591492
1,0.635041
1,0.421744
1,0.585506
1,0.495922
1,0.404302
1,0.536666
1,0.399916
1,0.526649
1,0.561464
1,0.464000
1,0.573518
1,0.683366
1,0.398508
1,0.605650
1,0.499732
1,0.549493
1,0.702216
1,0.612081
1,0.549296
1,0.390472
1,0.450484
1,0.674839
1,0.558404
1,0.516093
1,0.497960
1,0.691538
1,0.420419
1,0.529212
1,0.584380
1,0.504490
1,0.574310
1,0.498722
1,0.489725
1,0.692289
1,0.428397
1,0.426945
1,0.326713
1,0.688490
1,0.605350
1,0.674238
1,0.568947
1,0.670263
1,0.469847
1,0.724274
1,0.568198
1,0.576040
1,0.577380
1,0.398336
1,0.426345
1,0.623129
1,0.543536
1,0.401227
1,0.493805
1,0.725183
1,0.608484
1,0.479928
1,0.416447
1,0.592632
0,0.662286
0,0.613639
0,0.376819
0,0.430073
0,0.546311
0,0.491116
0,0.563635
0,0.559744
0,0.613034
0,0.509887
0,0.525520
0,0.578653
0,0.531954
0,0.379557
0,0.379637
0,0.593562
0,0.545488
0,0.501543
0,0.512476
0,0.716865
0,0.791324
0,0.735424
0,0.740703
0,0.591276
0,0.694922
0,0.493761
0,0.379265
0,0.422306
0,0.539304
0,0.472835
0,0.612410
0,0.464369
0,0.436439
0,0.622069
0,0.446604
0,0.591293
0,0.435958
0,0.596982
0,0.406056
0,0.617719
0,0.503820
0,0.554915
0,0.542486
0,0.570317
0,0.518166
0,0.564415
0,0.422499
0,0.748446
0,0.672480
0,0.698512
0,0.615957
0,0.454298
0,0.485682
0,0.759361
0,0.622145
0,0.536322
0,0.481443
0,0.486809
0,0.565075
0,0.581593
0,0.602994
0,0.720311
0,0.572075
0,0.399826
0,0.620471
0,0.562593
0,0.425650
0,0.431662
0,0.538814
0,0.431640
