y_true,y_prob
1,0.037945
1,0.063607
1,0.017357
1,0.014404
1,0.006152
1,0.070688
1,0.010308
1,0.368299
1,0.023986
1,0.188435
1,0.020805
1,0.369305
1,0.147780
1,0.031348
1,0.040620
1,0.123389
1,0.023980
1,0.044608
1,0.014007
1,0.032884
1,0.085297
1,0.012304
1,0.010230
1,0.159759
1,0.224360
1,0.019116
1,0.045830
1,0.032375
1,0.023536
1,0.013979
1,0.062105
1,0.015597
1,0.020138
1,0.010893
1,0.051971
1,0.051407
1,0.202076
1,0.110044
1,0.089002
1,0.020189
1,0.215450
1,0.066737
1,0.031882
1,0.023896
1,0.056500
1,0.011992
1,0.011642
1,0.024703
1,0.031431
1,0.040448
1,0.013236
1,0.026762
1,0.485745
1,0.157197
1,0.202594
1,0.024933
1,0.106900
1,0.247789
1,0.164070
1,0.058546
1,0.015953
1,0.040367
1,0.032371
1,0.036674
1,0.035473
1,0.146458
1,0.055531
1,0.013069
1,0.030450
0,0.008415
0,0.021075
0,0.067946
0,0.013327
0,0.051042
0,0.016523
0,0.022125
0,0.024960
0,0.010797
0,0.009719
0,0.019978
0,0.007227
0,0.015160
0,0.021608
0,0.015632
0,0.024272
0,0.016217
0,0.011212
0,0.005884
0,0.008077
0,0.034033
0,0.070415
0,0.081644
0,0.048014
0,0.167545
0,0.141670
0,0.040120
0,0.066665
0,0.022016
0,0.032292
0,0.013270
0,0.060193
0,0.166690
0,0.031902
0,0.011920
0,0.017084
0,0.015714
0,0.003411
0,0.025130
0,0.016658
0,0.283246
0,0.164579
0,0.018874
0,0.142102
0,0.028052
0,0.056524
0,0.117120
0,0.044662
0,0.038205
0,0.018135
0,0.021784
0,0.939104
0,0.297361
0,0.025120
0,0.043549
0,0.009834
0,0.004835
0,0.007017
0,0.006055
0,0.016073
0,0.003775
0,0.017873
0,0.011317
0,0.009889
0,0.051154
0,0.006875
0,0.012492
0,0.010953
0,0.004720
0,0.017958
0,0.018894
0,0.012049
0,0.038030
0,0.037192
0,0.007686
0,0.007456
0,0.054965
0,0.094685
0,0.327458
0,0.021402
0,0.041018
0,0.013259
0,0.067491
0,0.025633
0,0.232481
0,0.134859
0,0.029429
0,0.033071
0,0.026686
0,0.027689
0,0.046767
0,0.021835
0,0.210653
0,0.171647
0,0.081938
0,0.463471
0,0.137726
0,0.152548
0,0.494539
0,0.251946
0,0.614042
0,0.018809
0,0.043707
0,0.015126
0,0.106977
0,0.023099
0,0.044132
0,0.010288
0,0.022396
0,0.020884
0,0.041796
0,0.028687
0,0.263714
0,0.037719
0,0.078095
0,0.072576
0,0.054489
0,0.024435
0,0.039297
0,0.094654
0,0.036849
0,0.054212
0,0.049956
0,0.030010
0,0.072178
0,0.075116
0,0.274576
0,0.114617
0,0.240711
0,0.306465
0,0.163998
0,0.112955
0,0.040761
0,0.026164
0,0.069941
0,0.097966
0,0.090742
0,0.121014
0,0.040007
0,0.056026
0,0.121024
0,0.033880
0,0.014370
0,0.073304
0,0.339577
0,0.257448
0,0.271640
0,0.101971
0,0.076408
0,0.245103
0,0.037136
0,0.053853
0,0.041539
0,0.018348
0,0.025613
0,0.106195
0,0.016323
0,0.007682
0,0.008820
0,0.005328
0,0.008270
0,0.044305
0,0.013551
0,0.041588
0,0.178731
0,0.094961
0,0.114745
0,0.046691
0,0.031734
0,0.165356
0,0.073228
0,0.048851
0,0.059854
0,0.129340
0,0.059303
0,0.074925
0,0.211352
0,0.101242
0,0.109892
0,0.228987
0,0.028306
0,0.022295
0,0.017315
0,0.089318
0,0.101146
0,0.096589
0,0.334550
0,0.081624
0,0.036579
0,0.084802
0,0.031432
0,0.071042
0,0.026634
0,0.051105
0,0.150941
0,0.036903
0,0.057283
0,0.666615
0,0.344493
0,0.042211
1,0.027171
1,0.019565
1,0.022998
1,0.030724
1,0.031739
1,0.012073
1,0.076014
1,0.016612
1,0.014822
1,0.010858
1,0.008977
1,0.014223
1,0.017884
1,0.016459
1,0.023842
1,0.006845
1,0.018355
1,0.017829
1,0.030170
1,0.062904
1,0.014459
1,0.028157
1,0.013543
1,0.010376
1,0.023415
1,0.007240
1,0.024920
1,0.005761
1,0.034709
1,0.022088
1,0.007276
1,0.019760
1,0.009455
1,0.006670
1,0.025267
1,0.047900
1,0.072999
1,0.034212
1,0.096504
1,0.024589
1,0.044921
1,0.060950
1,0.118763
1,0.033765
1,0.064644
1,0.014806
1,0.014118
1,0.021212
1,0.015249
1,0.006262
1,0.094879
1,0.024741
1,0.011046
1,0.019864
1,0.035153
1,0.053669
1,0.008561
1,0.029658
1,0.005875
1,0.022452
1,0.016143
1,0.017408
0,0.276034
0,0.476135
0,0.072429
0,0.045735
0,0.175896
0,0.114670
0,0.056803
0,0.071042
0,0.647966
0,0.223715
0,0.115370
0,0.035145
0,0.525753
0,0.085952
0,0.034189
0,0.028832
0,0.101900
0,0.294598
0,0.475517
0,0.252548
0,0.208753
0,0.140485
0,0.061612
0,0.659948
0,0.433214
0,0.279494
0,0.389230
0,0.926236
0,0.262256
0,0.034180
0,0.140256
0,0.523868
0,0.088627
0,0.416501
0,0.425247
0,0.543287
0,0.740572
0,0.340695
0,0.356308
0,0.317227
0,0.857088
0,0.622017
0,0.573011
0,0.738516
0,0.926746
0,0.870421
0,0.962876
0,0.919342
0,0.837699
0,0.773727
0,0.084284
0,0.085667
0,0.033426
0,0.090905
0,0.012882
0,0.080272
0,0.102923
0,0.034972
0,0.159987
0,0.073337
0,0.084251
0,0.051497
0,0.059029
0,0.085473
0,0.084378
0,0.127358
0,0.145961
0,0.067601
0,0.214372
0,0.044578
0,0.309474
0,0.127623
0,0.030838
0,0.021108
0,0.164146
0,0.070625
0,0.211614
0,0.128947
0,0.320461
0,0.078786
0,0.063208
0,0.139075
0,0.065201
0,0.083173
0,0.144268
0,0.101427
0,0.199885
0,0.190667
0,0.155212
0,0.065224
0,0.199050
0,0.068268
0,0.136358
0,0.074464
0,0.128242
0,0.060046
0,0.091619
0,0.125987
0,0.404436
0,0.105058
0,0.128424
0,0.060015
0,0.035562
0,0.051207
0,0.094151
0,0.043626
0,0.065356
0,0.105916
0,0.059534
0,0.022656
0,0.027938
0,0.117256
0,0.078868
0,0.133921
0,0.093286
0,0.047675
0,0.246875
0,0.151179
0,0.391188
0,0.164454
0,0.090182
0,0.454645
0,0.533457
0,0.011179
0,0.122430
0,0.199885
0,0.099881
0,0.432015
0,0.384947
0,0.067137
0,0.170117
0,0.082291
0,0.030078
0,0.073579
0,0.126703
0,0.071423
0,0.020030
0,0.080044
0,0.014313
0,0.051397
0,0.157127
0,0.046642
0,0.079109
0,0.118796
0,0.053864
0,0.340041
0,0.450654
0,0.081636
0,0.498577
0,0.147560
0,0.060064
0,0.024194
0,0.079448
0,0.141990
0,0.048894
0,0.345699
0,0.044433
0,0.292434
0,0.033842
0,0.311759
0,0.393436
0,0.205671
0,0.354231
0,0.469851
0,0.595768
0,0.420855
0,0.486452
0,0.119165
0,0.307708
0,0.200133
0,0.057620
0,0.069786
0,0.037636
0,0.105747
0,0.135474
0,0.220421
0,0.106172
0,0.173509
0,0.472291
0,0.177141
0,0.317406
0,0.080638
0,0.030516
0,0.079267
0,0.198918
0,0.418500
0,0.044041
0,0.037127
0,0.818286
0,0.136591
0,0.047564
0,0.262107
0,0.320879
0,0.090709
0,0.166021
0,0.059516
0,0.084220
0,0.113700
0,0.404588
0,0.283988
0,0.158918
0,0.338735
0,0.134021
0,0.532552
0,0.371763
0,0.460726
0,0.436790
0,0.354657
0,0.160737
0,0.175512
0,0.379164
0,0.220406
0,0.063103
0,0.435545
0,0.252646
0,0.713503
0,0.031403
0,0.181293
0,0.062071
0,0.268391
0,0.785102
0,0.858383
0,0.299977
0,0.910375
0,0.844016
0,0.897110
0,0.885031
0,0.727152
0,0.817344
0,0.773381
0,0.683250
0,0.879035
0,0.635823
0,0.864129
0,0.649284
0,0.829856
0,0.698671
0,0.140515
0,0.366251
0,0.513676
0,0.896713
0,0.915195
0,0.584767
0,0.823627
0,0.783142
0,0.871405
0,0.958980
0,0.800239
0,0.677961
0,0.070394
0,0.119104
0,0.232772
0,0.158319
0,0.493147
0,0.273614
0,0.130193
0,0.091605
0,0.117593
0,0.768477
0,0.126273
0,0.526982
0,0.385590
0,0.358690
0,0.575789
0,0.350647
0,0.906713
0,0.623777
0,0.208395
0,0.137721
0,0.257564
0,0.188527
0,0.342643
0,0.248502
0,0.245134
0,0.422339
0,0.274795
0,0.802463
0,0.376078
0,0.536427
0,0.888168
0,0.464357
0,0.897588
0,0.368694
0,0.857155
0,0.542565
0,0.715323
0,0.887808
0,0.707772
0,0.786377
0,0.800191
0,0.593612
0,0.619096
0,0.575986
0,0.303692
0,0.831845
0,0.832500
0,0.421136
0,0.052176
0,0.411543
0,0.434590
0,0.944498
0,0.702636
0,0.811148
0,0.363314
0,0.111381
0,0.254821
0,0.546691
0,0.319901
0,0.473664
0,0.111346
0,0.121127
0,0.252090
0,0.388336
0,0.167983
0,0.956242
0,0.350821
0,0.586256
0,0.936442
1,0.796461
1,0.677668
1,0.490021
1,0.768732
1,0.556595
1,0.650416
1,0.711802
1,0.843552
1,0.896949
1,0.908312
1,0.723228
1,0.794953
1,0.126324
1,0.021981
1,0.435914
1,0.484019
1,0.644396
1,0.630744
1,0.891885
1,0.901189
1,0.933803
1,0.112404
1,0.695366
1,0.475744
1,0.937107
1,0.956833
1,0.822414
1,0.433599
1,0.224920
1,0.547373
1,0.114235
1,0.197365
1,0.955192
1,0.889721
1,0.719730
1,0.580557
1,0.212029
1,0.233543
1,0.843944
1,0.939556
1,0.167168
1,0.856584
1,0.409062
1,0.740568
1,0.282524
1,0.194306
1,0.545765
1,0.641721
1,0.595807
1,0.703791
1,0.524461
1,0.894609
1,0.663902
1,0.096768
1,0.686382
1,0.310030
1,0.420919
1,0.967818
1,0.256035
1,0.354258
1,0.558325
1,0.696557
1,0.964367
1,0.443683
1,0.230129
1,0.228239
1,0.266598
1,0.257594
1,0.725064
1,0.979273
1,0.830836
1,0.553906
1,0.906833
1,0.643979
1,0.442258
1,0.197278
1,0.114018
1,0.079162
1,0.119763
1,0.129084
1,0.250775
1,0.310905
1,0.613909
1,0.963240
1,0.659372
1,0.269590
1,0.468300
1,0.224924
1,0.493848
1,0.597775
1,0.951633
1,0.964025
1,0.896081
1,0.483536
1,0.729809
1,0.605363
1,0.661643
1,0.129760
1,0.643731
1,0.420477
0,0.127285
0,0.431403
0,0.053990
0,0.498646
0,0.249096
0,0.423274
0,0.376986
0,0.095249
0,0.098685
0,0.068395
0,0.060311
0,0.285459
0,0.140921
0,0.139778
0,0.316537
0,0.291368
0,0.028036
0,0.093031
0,0.073156
0,0.048348
0,0.560934
0,0.114453
0,0.052653
0,0.024868
0,0.036979
0,0.069365
0,0.294858
0,0.043014
0,0.035257
0,0.033972
0,0.056134
0,0.111164
0,0.019612
0,0.125145
0,0.027111
0,0.017316
0,0.046473
0,0.426926
0,0.452892
0,0.248328
0,0.300259
0,0.241573
0,0.184116
0,0.126985
0,0.031306
0,0.021094
0,0.037763
0,0.069268
0,0.058757
0,0.445307
0,0.177061
0,0.032005
0,0.041522
0,0.267402
0,0.456186
0,0.209402
0,0.068370
0,0.100524
0,0.181032
0,0.315414
0,0.099448
0,0.045998
0,0.042816
0,0.097581
0,0.187901
0,0.268509
0,0.285568
0,0.079909
0,0.061282
0,0.023849
0,0.086569
0,0.049771
0,0.313391
0,0.366208
0,0.052812
0,0.308940
0,0.079451
0,0.136497
0,0.011803
0,0.191063
0,0.170668
0,0.051573
0,0.062395
0,0.176866
0,0.242417
0,0.075838
0,0.122491
0,0.077542
0,0.046819
0,0.115857
0,0.030064
0,0.147919
0,0.104124
0,0.032311
0,0.025394
0,0.179686
0,0.145152
0,0.118036
0,0.113092
0,0.161191
0,0.157825
0,0.135366
0,0.212403
0,0.268285
0,0.118651
0,0.096573
0,0.138113
0,0.041470
0,0.236370
0,0.342457
0,0.269981
0,0.384576
0,0.144812
0,0.188568
0,0.164852
0,0.216753
0,0.190618
0,0.288830
0,0.133424
0,0.495666
0,0.415888
0,0.214343
0,0.316759
0,0.196531
0,0.090136
0,0.040754
0,0.035252
0,0.100111
0,0.117255
0,0.075949
0,0.081926
0,0.099805
0,0.155229
0,0.257296
0,0.199537
0,0.138299
0,0.449212
0,0.362431
0,0.429503
0,0.274789
0,0.291830
0,0.188564
0,0.063822
0,0.023749
0,0.085547
0,0.046471
0,0.107965
0,0.115717
0,0.166445
0,0.161060
0,0.080500
0,0.054580
0,0.065634
0,0.139292
0,0.187506
0,0.130373
0,0.139590
0,0.110231
0,0.198734
0,0.228418
0,0.305030
0,0.132538
0,0.160805
0,0.205694
0,0.340093
0,0.213539
0,0.251019
0,0.184399
0,0.134551
0,0.324276
0,0.375833
0,0.283574
0,0.466056
0,0.135407
0,0.160796
0,0.305554
0,0.050153
0,0.150072
0,0.060717
0,0.084150
0,0.123758
0,0.305955
0,0.156153
0,0.437290
0,0.334121
0,0.098561
0,0.078091
0,0.076555
0,0.164877
0,0.370788
0,0.178636
0,0.020278
0,0.086302
0,0.038386
0,0.170422
0,0.217397
0,0.111975
0,0.208261
0,0.242137
0,0.260538
0,0.029146
0,0.004152
0,0.004976
0,0.003962
0,0.004578
0,0.007995
0,0.002720
0,0.002379
0,0.014800
0,0.006702
0,0.006765
0,0.001901
0,0.002157
0,0.008288
0,0.047716
0,0.010497
0,0.017275
0,0.053979
0,0.052894
0,0.016851
0,0.068627
0,0.020313
0,0.002303
0,0.002404
0,0.001506
0,0.003672
0,0.008965
0,0.004452
0,0.011129
0,0.025153
0,0.035074
0,0.044753
0,0.010908
0,0.001989
0,0.014643
0,0.004711
0,0.008241
0,0.003000
0,0.002622
0,0.007456
0,0.020205
0,0.002009
0,0.021915
0,0.004638
0,0.006729
0,0.286707
0,0.014808
0,0.002919
0,0.010738
0,0.009671
0,0.107912
0,0.007003
0,0.005517
0,0.004883
0,0.012500
0,0.015153
0,0.002742
0,0.009156
0,0.043281
0,0.006027
0,0.008093
0,0.006218
0,0.012301
0,0.020236
0,0.008338
0,0.043841
0,0.004135
0,0.005565
0,0.010388
0,0.001799
0,0.067197
0,0.001412
0,0.012913
0,0.003605
0,0.001901
0,0.002857
0,0.003237
0,0.004509
0,0.009351
0,0.002396
0,0.018099
0,0.014330
0,0.009064
0,0.004211
0,0.014397
0,0.002943
0,0.017533
0,0.003100
0,0.014147
0,0.007640
0,0.007693
0,0.008526
0,0.010668
0,0.009610
0,0.031827
0,0.081408
0,0.301591
0,0.387344
0,0.615902
0,0.194529
0,0.279579
0,0.455554
0,0.448431
0,0.242311
0,0.213402
0,0.289324
0,0.222032
0,0.267464
0,0.474428
0,0.078114
0,0.136475
0,0.216493
0,0.122204
0,0.306672
0,0.160117
0,0.099395
0,0.145060
0,0.203247
0,0.348825
0,0.395904
0,0.663555
0,0.293782
0,0.699918
0,0.336566
0,0.382964
0,0.329852
0,0.372321
0,0.302517
0,0.373112
0,0.597254
0,0.869263
0,0.367062
0,0.445350
0,0.647355
0,0.701172
0,0.350739
0,0.397231
0,0.277897
0,0.537701
0,0.508153
0,0.208746
0,0.345269
0,0.553127
0,0.305266
0,0.715015
0,0.243600
0,0.337170
0,0.234388
0,0.322046
0,0.757696
0,0.183650
0,0.506989
0,0.228053
0,0.231697
0,0.399419
0,0.206073
0,0.351860
0,0.662279
0,0.288315
0,0.590658
0,0.350877
0,0.499250
0,0.499242
0,0.394419
0,0.247404
0,0.367760
0,0.330827
0,0.612109
0,0.187028
0,0.460467
0,0.640158
0,0.249585
0,0.110371
0,0.153075
0,0.091298
0,0.139659
0,0.196640
0,0.494842
0,0.179059
0,0.583594
0,0.474603
0,0.180278
0,0.393179
0,0.346842
0,0.199221
0,0.183501
0,0.125845
0,0.248706
0,0.381824
0,0.087492
0,0.057586
0,0.097627
0,0.243776
0,0.272715
0,0.257532
0,0.216081
1,0.888210
1,0.995099
1,0.987817
1,0.952231
1,0.971808
1,0.980670
1,0.955871
1,0.958815
1,0.968546
1,0.965298
1,0.972900
1,0.948281
1,0.972408
1,0.985051
1,0.978647
1,0.964247
1,0.985638
1,0.989294
1,0.950953
1,0.994118
1,0.978271
1,0.971602
1,0.969191
1,0.901940
1,0.919484
1,0.850539
1,0.930137
1,0.962497
1,0.964792
1,0.979890
1,0.953639
1,0.980228
1,0.971779
1,0.954778
1,0.906715
1,0.857947
1,0.859775
1,0.869841
1,0.975851
1,0.962755
1,0.989829
1,0.997095
1,0.997706
1,0.995644
1,0.986956
1,0.991930
1,0.969537
1,0.955990
1,0.944364
1,0.939518
1,0.994120
1,0.992699
1,0.989990
1,0.991089
1,0.991898
1,0.992351
1,0.974845
1,0.971710
1,0.915899
1,0.966644
1,0.956329
1,0.962619
1,0.989435
1,0.987953
1,0.987241
1,0.996849
1,0.995281
1,0.986186
1,0.955247
1,0.942954
1,0.634645
1,0.956380
1,0.796370
1,0.736251
1,0.867666
1,0.981457
1,0.960857
1,0.662149
1,0.929487
1,0.965551
1,0.920013
1,0.892692
1,0.859346
1,0.831262
1,0.913080
1,0.964082
1,0.968729
1,0.984293
1,0.976772
1,0.978234
1,0.978095
1,0.959328
1,0.994204
1,0.978411
1,0.935879
1,0.878787
1,0.986693
1,0.963563
1,0.881449
1,0.935872
0,0.134978
0,0.361682
0,0.169066
0,0.045519
0,0.058777
0,0.215984
0,0.101767
0,0.076188
0,0.033604
0,0.120327
0,0.072144
0,0.188781
0,0.114612
0,0.081634
0,0.192967
0,0.189332
0,0.081365
0,0.133389
0,0.069711
0,0.147789
0,0.096837
0,0.131352
0,0.083804
0,0.122267
0,0.077242
0,0.120926
0,0.056217
0,0.097888
0,0.046949
0,0.074622
0,0.064742
0,0.036551
0,0.127089
0,0.119683
0,0.182045
0,0.369109
0,0.280620
0,0.176061
0,0.219955
0,0.409734
0,0.100487
0,0.053536
0,0.056273
0,0.243453
0,0.010962
0,0.271853
0,0.031589
0,0.089937
0,0.128231
0,0.203511
0,0.152372
0,0.136406
0,0.177944
0,0.115129
0,0.289625
0,0.074516
0,0.136722
0,0.076282
0,0.189705
0,0.116745
0,0.073474
0,0.054444
0,0.041686
0,0.068098
0,0.154738
0,0.225399
0,0.096260
0,0.070161
0,0.113189
0,0.087435
0,0.147208
0,0.126049
0,0.255703
0,0.061249
1,0.054090
1,0.036744
1,0.018834
1,0.010228
1,0.003723
1,0.009052
1,0.010228
1,0.006309
1,0.010007
1,0.007066
1,0.002764
1,0.007411
1,0.012837
1,0.111884
1,0.054408
1,0.060721
1,0.020939
1,0.038043
1,0.122510
1,0.022710
1,0.150263
1,0.057036
1,0.048240
1,0.013416
1,0.047458
1,0.014760
1,0.028572
1,0.021183
1,0.008561
1,0.025088
1,0.014329
1,0.020894
1,0.010373
1,0.021209
1,0.007847
1,0.009638
1,0.044836
1,0.005375
1,0.011845
1,0.015146
1,0.013520
1,0.005279
1,0.004554
1,0.020970
1,0.007544
1,0.124175
1,0.045035
1,0.005023
1,0.138546
1,0.008969
1,0.024918
1,0.027215
1,0.023882
1,0.018262
1,0.022738
1,0.011996
1,0.029063
1,0.053655
1,0.034391
1,0.266813
1,0.008894
1,0.194046
1,0.026908
1,0.035718
1,0.057270
1,0.044075
1,0.036053
1,0.018804
1,0.029373
1,0.695705
1,0.657154
1,0.738109
1,0.728926
1,0.616981
1,0.802191
1,0.734560
1,0.727985
1,0.738234
1,0.884978
1,0.369835
1,0.768883
1,0.639406
1,0.754475
1,0.848348
1,0.868982
1,0.920677
1,0.729140
1,0.573761
1,0.407158
1,0.556275
1,0.529206
1,0.473637
1,0.706679
1,0.630783
1,0.516607
1,0.730699
1,0.671247
1,0.429571
1,0.704177
1,0.703258
1,0.921599
1,0.634033
1,0.173026
1,0.720911
1,0.588920
1,0.945210
1,0.970905
1,0.874251
1,0.604442
1,0.784777
1,0.861914
1,0.367553
1,0.909208
1,0.732052
1,0.747819
1,0.877494
1,0.397623
1,0.201867
1,0.158277
1,0.465712
1,0.776290
1,0.801618
1,0.894989
1,0.898032
1,0.698173
1,0.740058
1,0.724829
1,0.481007
1,0.477967
1,0.549719
1,0.523823
1,0.392414
1,0.798852
1,0.833777
1,0.688721
1,0.685510
1,0.468830
1,0.781119
1,0.601069
1,0.784885
1,0.914540
1,0.561616
1,0.904567
1,0.883962
1,0.735786
1,0.855265
1,0.726004
1,0.441416
1,0.084239
1,0.177645
1,0.660914
1,0.256979
1,0.373447
1,0.174299
1,0.654003
1,0.841141
1,0.904223
1,0.713152
1,0.805075
1,0.811162
1,0.627043
1,0.555945
1,0.674895
1,0.755746
1,0.282819
1,0.933939
1,0.653151
1,0.345083
1,0.670440
1,0.557223
1,0.722630
1,0.512322
1,0.659219
1,0.575601
1,0.327032
1,0.360054
1,0.528707
1,0.473240
1,0.463156
1,0.386657
1,0.576531
1,0.815474
1,0.666780
1,0.745657
1,0.484433
1,0.134053
1,0.414969
1,0.432156
1,0.841976
1,0.340804
1,0.968043
1,0.761924
1,0.885717
1,0.929774
1,0.054482
1,0.508427
1,0.893190
1,0.929873
1,0.685718
1,0.918447
1,0.466806
1,0.067727
1,0.604013
1,0.777687
1,0.608552
1,0.790074
1,0.709593
1,0.304163
1,0.034583
1,0.783849
1,0.079639
1,0.128949
1,0.140907
1,0.793581
1,0.317951
1,0.656019
1,0.030819
1,0.018816
1,0.227902
1,0.547435
1,0.850591
1,0.843746
1,0.829041
1,0.276240
1,0.925512
1,0.102053
1,0.261789
1,0.945457
1,0.266779
1,0.596274
1,0.588923
1,0.547448
1,0.068737
1,0.828830
1,0.122079
1,0.604099
1,0.382034
1,0.616336
1,0.106859
1,0.417669
1,0.182020
1,0.671933
1,0.959330
1,0.877884
1,0.051779
1,0.462259
1,0.026645
1,0.684151
1,0.910926
1,0.373451
1,0.386265
1,0.294743
1,0.574420
1,0.359572
1,0.833638
1,0.353376
1,0.498263
1,0.451009
1,0.092781
1,0.022815
1,0.013661
1,0.134976
1,0.125335
1,0.061761
1,0.217000
1,0.264192
1,0.794561
1,0.283225
1,0.027905
1,0.425097
1,0.649679
1,0.739313
1,0.770063
1,0.567467
1,0.139341
1,0.455339
1,0.068479
1,0.283863
1,0.107859
1,0.076877
1,0.406761
1,0.495247
1,0.494334
1,0.528625
1,0.462995
1,0.517725
1,0.466114
1,0.027938
1,0.075123
1,0.284908
1,0.309775
1,0.902558
1,0.268636
1,0.120079
1,0.039117
1,0.633320
1,0.314331
1,0.297732
1,0.093929
1,0.105116
1,0.067044
1,0.072356
1,0.098372
1,0.214394
1,0.131774
1,0.495107
1,0.425338
1,0.111380
1,0.037605
1,0.011169
1,0.031370
1,0.049749
1,0.032963
1,0.066325
1,0.314469
1,0.794114
1,0.622663
1,0.169396
1,0.683462
1,0.741251
1,0.522888
1,0.813802
1,0.803654
1,0.650985
1,0.721021
1,0.423430
1,0.531972
1,0.755890
1,0.883092
1,0.810081
1,0.634188
1,0.559275
1,0.421264
1,0.449666
1,0.279373
1,0.405695
1,0.826983
1,0.277436
1,0.374370
1,0.922230
1,0.695265
1,0.822316
1,0.797006
1,0.590589
1,0.868757
1,0.521337
1,0.776383
1,0.140762
1,0.239859
1,0.310791
1,0.164711
1,0.026386
1,0.779849
1,0.386745
1,0.900950
1,0.165763
1,0.215005
1,0.587215
1,0.341856
1,0.208343
1,0.107120
1,0.754938
1,0.121733
1,0.166486
1,0.836858
1,0.858803
1,0.857766
1,0.783521
1,0.804305
1,0.789212
1,0.608218
1,0.160840
1,0.896635
1,0.223313
1,0.248870
1,0.918368
1,0.538329
1,0.337692
1,0.577762
1,0.728087
1,0.438629
1,0.398875
1,0.235776
1,0.146457
1,0.276132
1,0.307788
1,0.119408
1,0.616887
1,0.299136
1,0.467159
1,0.313305
1,0.452945
1,0.284875
1,0.529642
1,0.286949
1,0.450070
1,0.321994
1,0.334762
1,0.282248
1,0.470662
1,0.055676
1,0.289060
1,0.307983
1,0.451496
1,0.410644
1,0.452605
1,0.089468
1,0.288844
1,0.308530
1,0.085236
1,0.055317
1,0.054226
1,0.141504
1,0.136216
1,0.397285
1,0.261272
1,0.149311
1,0.241574
1,0.206520
1,0.026114
1,0.048574
1,0.109663
1,0.131005
1,0.023160
1,0.116630
1,0.080005
1,0.041543
1,0.250316
1,0.662695
1,0.243576
1,0.158074
1,0.059109
1,0.006498
1,0.074640
1,0.101346
1,0.097525
1,0.465210
1,0.511296
1,0.019290
1,0.096213
1,0.113192
1,0.042925
1,0.115004
1,0.100869
1,0.160456
1,0.063489
1,0.155249
1,0.209830
1,0.181653
1,0.713037
1,0.193719
1,0.884697
1,0.231527
1,0.557679
1,0.773049
1,0.239378
1,0.635204
1,0.685133
1,0.555828
1,0.531526
1,0.375153
1,0.177401
1,0.019261
1,0.067046
1,0.018233
1,0.132147
1,0.131446
1,0.045822
1,0.059717
1,0.087961
1,0.263424
1,0.234564
1,0.155406
1,0.152796
1,0.078477
1,0.482707
1,0.807545
1,0.857696
1,0.869706
1,0.921952
1,0.811671
1,0.324865
1,0.925974
1,0.870266
1,0.970499
1,0.970781
1,0.889465
1,0.660138
1,0.911946
1,0.898040
1,0.586881
1,0.902613
1,0.902632
1,0.678042
1,0.723809
1,0.964466
1,0.921248
1,0.666906
1,0.746012
1,0.787846
1,0.881422
1,0.934140
1,0.726589
1,0.832658
1,0.728061
1,0.504390
1,0.916566
1,0.896344
1,0.679572
1,0.890427
1,0.908961
1,0.757393
1,0.726395
1,0.507829
1,0.772677
1,0.651375
1,0.949452
1,0.989977
1,0.983846
1,0.998595
1,0.986448
1,0.985812
1,0.971375
1,0.933261
1,0.668887
1,0.765633
1,0.841617
1,0.947280
1,0.903152
1,0.926509
1,0.604982
0,0.616197
0,0.072239
0,0.782279
0,0.896110
0,0.043537
0,0.143930
0,0.146310
0,0.188075
0,0.148156
0,0.135638
0,0.109872
0,0.048191
0,0.047813
0,0.060104
0,0.227333
0,0.314085
0,0.350148
0,0.052897
0,0.160653
0,0.176005
0,0.264845
0,0.179523
0,0.847756
0,0.779720
0,0.083570
0,0.086732
0,0.232825
0,0.082826
0,0.070569
0,0.176647
0,0.045279
0,0.057183
0,0.233353
0,0.269064
0,0.117853
0,0.073496
0,0.087849
0,0.433879
0,0.115141
0,0.263953
0,0.461869
0,0.339736
0,0.460986
0,0.427750
0,0.508793
0,0.795274
0,0.234222
0,0.448529
0,0.163948
0,0.361942
0,0.109085
0,0.850759
0,0.039388
0,0.492448
0,0.139323
0,0.131203
0,0.079512
0,0.210208
0,0.133208
0,0.155075
0,0.558784
0,0.047618
0,0.054574
0,0.251276
0,0.316519
0,0.374160
0,0.462943
0,0.152574
0,0.251240
0,0.171725
0,0.487136
0,0.724680
0,0.170050
0,0.184419
0,0.102124
0,0.074190
0,0.356832
0,0.078856
0,0.761861
0,0.747387
0,0.447896
0,0.315316
0,0.120583
0,0.385736
0,0.109555
0,0.392965
0,0.209098
0,0.377589
0,0.446632
0,0.357739
0,0.920875
0,0.034538
0,0.066489
0,0.084586
0,0.026440
0,0.021141
0,0.048266
0,0.074551
0,0.007523
0,0.018025
0,0.133144
0,0.078608
0,0.020997
0,0.016403
0,0.016110
0,0.057615
0,0.035494
0,0.071683
0,0.051678
0,0.028235
0,0.097221
0,0.038872
0,0.086787
0,0.009510
0,0.040559
0,0.031992
0,0.099433
0,0.036443
0,0.093004
0,0.026013
0,0.038645
0,0.020458
0,0.071306
0,0.004208
0,0.009522
0,0.005930
0,0.012457
0,0.012575
0,0.017216
0,0.003880
0,0.001588
0,0.003319
0,0.001268
0,0.001768
0,0.000510
0,0.004504
0,0.005442
0,0.006845
0,0.003951
0,0.002397
0,0.005327
0,0.013925
0,0.009544
0,0.030631
0,0.003795
0,0.001535
0,0.004028
0,0.003949
0,0.002449
0,0.006559
0,0.003676
0,0.007157
0,0.002772
0,0.002832
0,0.001958
0,0.001448
0,0.015017
0,0.005321
0,0.004779
0,0.010461
0,0.000620
0,0.007975
0,0.026401
0,0.001288
0,0.009200
0,0.004036
0,0.004696
0,0.011913
0,0.010034
0,0.022747
0,0.033965
0,0.016331
0,0.012520
0,0.001602
0,0.051409
0,0.023081
0,0.015874
0,0.010979
0,0.006601
0,0.004950
0,0.002569
0,0.001112
0,0.001659
0,0.006049
0,0.004407
0,0.001162
0,0.013459
0,0.005361
0,0.002203
0,0.005995
0,0.000976
1,0.918779
1,0.811130
1,0.835317
1,0.926787
1,0.928510
1,0.778099
1,0.665510
1,0.546390
1,0.776565
1,0.890058
1,0.727365
1,0.869415
1,0.870810
1,0.573805
1,0.811374
1,0.833965
1,0.736576
1,0.788463
1,0.740101
1,0.670317
1,0.726570
1,0.367389
1,0.137194
1,0.235146
1,0.708062
1,0.080346
1,0.292873
1,0.445107
1,0.539539
1,0.463332
1,0.852417
1,0.793787
1,0.905853
1,0.817388
1,0.927934
1,0.732377
1,0.691715
1,0.048723
1,0.539337
1,0.614266
1,0.180373
1,0.462877
1,0.514569
1,0.602345
1,0.453969
1,0.499616
1,0.642032
1,0.280476
1,0.265605
1,0.293297
1,0.465043
1,0.449327
1,0.080888
1,0.305199
1,0.163795
1,0.100797
1,0.188370
1,0.634258
1,0.795716
1,0.383207
1,0.470522
1,0.736520
1,0.940993
1,0.939553
1,0.828706
1,0.307987
1,0.118627
1,0.242281
1,0.338029
1,0.857668
1,0.711132
1,0.578372
1,0.891855
1,0.788717
1,0.727219
1,0.565732
1,0.351020
1,0.345689
1,0.841937
1,0.868972
1,0.459225
1,0.356007
1,0.410487
1,0.524260
1,0.791840
1,0.245560
1,0.218932
1,0.546428
1,0.861443
1,0.437596
1,0.639064
1,0.839294
1,0.873678
1,0.757537
1,0.616160
1,0.805890
1,0.830196
1,0.715434
1,0.482933
1,0.665195
1,0.063188
1,0.161652
1,0.086208
1,0.126473
1,0.225604
1,0.408702
1,0.725452
1,0.080638
1,0.225213
1,0.064899
1,0.243877
1,0.066542
1,0.030262
1,0.198566
1,0.132845
1,0.146533
1,0.045377
1,0.076519
1,0.065743
1,0.050710
1,0.322438
1,0.083235
1,0.053761
1,0.328240
1,0.457518
1,0.167171
1,0.190490
1,0.095762
1,0.599201
1,0.323352
1,0.044053
1,0.130746
1,0.213959
1,0.410958
1,0.572356
1,0.170159
1,0.544364
1,0.157613
1,0.231619
1,0.453790
1,0.133641
1,0.283924
1,0.287432
1,0.381595
1,0.200245
1,0.275861
1,0.357422
1,0.306206
1,0.329009
1,0.171092
1,0.575116
1,0.515313
1,0.561563
1,0.063726
1,0.398767
1,0.498747
1,0.177673
1,0.123451
1,0.095674
1,0.374289
1,0.259557
1,0.182682
1,0.829574
1,0.471910
1,0.853620
1,0.852267
1,0.505778
1,0.827951
1,0.933348
1,0.949941
1,0.904937
1,0.828558
1,0.922734
1,0.933710
1,0.712746
1,0.294866
1,0.670517
1,0.880234
1,0.713518
1,0.613487
1,0.938800
1,0.732788
1,0.902677
1,0.917345
1,0.789090
1,0.866334
1,0.605611
1,0.776179
1,0.938502
1,0.955827
1,0.746131
1,0.900756
1,0.831679
1,0.542584
1,0.955566
1,0.919766
1,0.785853
1,0.881108
1,0.849947
1,0.860954
1,0.799648
1,0.820596
1,0.874015
1,0.447210
1,0.433055
1,0.113408
1,0.552029
1,0.682728
1,0.475824
1,0.859719
1,0.932071
1,0.705189
1,0.697414
1,0.668902
1,0.901816
1,0.678580
1,0.807292
1,0.807645
1,0.617821
1,0.726376
1,0.689347
1,0.891668
1,0.632118
1,0.932205
1,0.912749
1,0.895246
1,0.927601
1,0.888727
1,0.932354
1,0.588722
1,0.794159
1,0.446587
1,0.367336
1,0.934872
1,0.742987
1,0.645387
1,0.803959
1,0.878296
1,0.257426
1,0.930400
1,0.898951
1,0.813125
1,0.730659
1,0.683392
1,0.689314
1,0.457934
1,0.254464
1,0.739950
1,0.549135
1,0.975254
1,0.909351
1,0.270390
1,0.269876
1,0.023019
1,0.030426
1,0.023187
1,0.130027
1,0.095247
1,0.068985
1,0.030075
1,0.017317
1,0.171903
1,0.087032
1,0.105453
1,0.022791
1,0.179533
1,0.182684
1,0.201120
1,0.108971
1,0.033357
1,0.136524
1,0.083157
1,0.122142
1,0.180849
1,0.077625
1,0.044912
1,0.189648
1,0.135481
1,0.020140
1,0.054350
1,0.032996
1,0.027198
1,0.079878
1,0.121651
1,0.070865
1,0.044796
1,0.071606
1,0.040255
1,0.078704
1,0.239587
1,0.081864
1,0.129459
1,0.256956
1,0.054142
1,0.122028
1,0.052319
1,0.060188
1,0.469021
1,0.234367
1,0.157114
1,0.104832
1,0.058577
1,0.137937
1,0.172705
1,0.113295
1,0.027595
1,0.144377
1,0.097178
1,0.139715
1,0.246789
1,0.483048
1,0.268210
1,0.099138
1,0.033357
1,0.095870
1,0.155773
1,0.089001
1,0.096044
1,0.293733
1,0.131984
1,0.226446
1,0.029150
1,0.136191
1,0.080031
1,0.290394
1,0.080422
1,0.159640
1,0.111088
1,0.193191
1,0.132575
1,0.054090
1,0.274191
1,0.065867
1,0.218737
1,0.045179
1,0.482388
1,0.379831
1,0.223482
1,0.054966
1,0.024356
1,0.024872
1,0.063713
1,0.083835
1,0.229084
1,0.475441
1,0.333062
1,0.187334
1,0.480442
1,0.231681
1,0.105778
1,0.445944
1,0.174781
1,0.847573
1,0.904977
1,0.645090
1,0.928574
1,0.393437
1,0.913638
1,0.748284
1,0.274902
1,0.926225
1,0.914919
1,0.814055
1,0.817132
1,0.895498
1,0.207908
1,0.904733
1,0.816302
1,0.733440
1,0.570779
1,0.165958
1,0.701692
1,0.860359
1,0.741424
1,0.193623
1,0.235812
1,0.464299
1,0.293828
1,0.311201
1,0.125010
1,0.565277
1,0.452479
1,0.730807
1,0.335432
1,0.767000
1,0.833625
1,0.862401
1,0.589823
1,0.963583
1,0.559759
1,0.967849
1,0.979108
1,0.925152
1,0.716480
1,0.723137
1,0.780648
1,0.817747
1,0.716389
1,0.218156
1,0.505880
1,0.641902
1,0.133724
1,0.784095
1,0.615232
1,0.812330
1,0.873488
1,0.908793
1,0.732155
1,0.890078
1,0.451369
1,0.778022
1,0.192541
1,0.804363
1,0.672478
1,0.261078
1,0.603533
1,0.735660
1,0.910108
1,0.941247
1,0.918624
1,0.936603
1,0.826943
1,0.930792
1,0.933092
1,0.718587
1,0.863624
1,0.856349
1,0.111552
1,0.400635
1,0.443079
1,0.234413
1,0.553800
1,0.212842
1,0.535670
0,0.465455
0,0.653642
0,0.806677
0,0.885557
0,0.913324
0,0.715485
0,0.651574
0,0.693000
0,0.779632
0,0.834968
0,0.496646
0,0.354615
0,0.813310
0,0.521708
0,0.261385
0,0.401626
0,0.588663
0,0.708091
0,0.390846
0,0.895270
0,0.620202
0,0.854183
0,0.740483
0,0.809566
0,0.715917
0,0.366978
0,0.334020
0,0.901505
0,0.244920
0,0.869078
0,0.772034
0,0.566162
0,0.533861
0,0.248768
0,0.077658
0,0.670418
0,0.492661
0,0.716212
0,0.844958
0,0.393418
0,0.489985
0,0.299046
0,0.207453
0,0.632553
0,0.796334
0,0.698832
0,0.798993
0,0.794846
0,0.779102
0,0.907005
0,0.914449
0,0.734381
0,0.908204
0,0.562011
0,0.809244
0,0.599022
0,0.170391
0,0.547709
0,0.871962
0,0.475464
0,0.591396
0,0.772458
0,0.569629
0,0.676437
0,0.262490
0,0.812842
0,0.822647
0,0.884575
0,0.748501
0,0.340271
0,0.480035
0,0.380727
0,0.911739
0,0.950906
0,0.824820
0,0.356175
0,0.335944
0,0.679448
0,0.831059
0,0.895597
0,0.815246
0,0.538409
0,0.179270
0,0.447239
0,0.878379
0,0.816196
0,0.210950
0,0.712029
0,0.915810
0,0.334432
0,0.699632
0,0.342926
0,0.173702
0,0.205909
0,0.332740
0,0.543753
0,0.422432
0,0.672409
0,0.719378
0,0.121136
0,0.662756
0,0.006017
0,0.012443
0,0.026049
0,0.021120
0,0.179288
0,0.062232
0,0.920156
0,0.793985
0,0.499306
0,0.189445
0,0.678587
0,0.516937
0,0.490103
0,0.500995
0,0.724555
0,0.111010
0,0.437700
0,0.675431
0,0.855844
0,0.865110
0,0.253588
0,0.832599
0,0.419677
0,0.886353
0,0.811261
0,0.730693
0,0.370362
0,0.550758
0,0.190072
0,0.706252
0,0.663729
0,0.756443
0,0.154978
0,0.054957
0,0.453847
0,0.113566
0,0.022500
0,0.211985
0,0.061665
0,0.326389
0,0.329433
0,0.547047
0,0.797425
0,0.102905
0,0.441774
0,0.428972
0,0.776818
1,0.529177
1,0.476612
1,0.553446
1,0.767497
1,0.699080
1,0.623234
1,0.784982
1,0.792889
1,0.555663
1,0.463837
1,0.705224
1,0.685263
1,0.698060
1,0.757242
1,0.173249
1,0.678231
1,0.804016
1,0.710746
1,0.760221
1,0.416886
1,0.259067
1,0.247321
1,0.427861
1,0.408967
1,0.668089
1,0.640095
1,0.588523
1,0.506817
1,0.319806
1,0.427619
1,0.522069
1,0.462851
1,0.563687
1,0.810444
1,0.872613
1,0.702064
1,0.840675
1,0.602656
1,0.860545
1,0.920584
1,0.602841
1,0.430079
1,0.339226
1,0.562715
1,0.703043
1,0.320508
1,0.798824
1,0.444156
1,0.463005
1,0.473188
1,0.182711
1,0.574420
1,0.630378
1,0.863922
1,0.622615
1,0.604524
1,0.871373
1,0.710352
1,0.412400
1,0.874511
1,0.676352
1,0.588532
1,0.371884
1,0.200376
1,0.310821
1,0.327015
1,0.696619
1,0.708940
1,0.898780
1,0.706069
1,0.758453
1,0.696734
1,0.663928
1,0.291426
1,0.464786
1,0.547725
1,0.442987
1,0.735155
1,0.379831
1,0.257958
1,0.291635
1,0.859836
1,0.614861
1,0.087831
1,0.047629
1,0.032363
1,0.034550
1,0.022934
1,0.080429
1,0.077847
1,0.053814
1,0.296070
1,0.100475
1,0.094916
1,0.074718
1,0.068903
1,0.216342
1,0.093397
1,0.021736
1,0.021982
1,0.005621
1,0.007979
1,0.186521
1,0.177783
1,0.139855
1,0.130421
1,0.021567
1,0.042272
1,0.054840
1,0.059210
1,0.043635
1,0.030102
1,0.058819
1,0.075379
1,0.116436
1,0.086513
1,0.032405
1,0.036702
1,0.077151
1,0.050638
1,0.038769
1,0.022582
1,0.026733
1,0.031452
1,0.061227
1,0.030795
1,0.018826
1,0.017350
1,0.009147
1,0.006605
1,0.129617
1,0.030525
1,0.040776
1,0.060992
1,0.026551
1,0.031729
1,0.032733
1,0.148256
1,0.034791
1,0.072776
1,0.016392
1,0.013051
1,0.013453
1,0.036662
1,0.106314
1,0.095351
1,0.222504
1,0.101235
1,0.047951
1,0.530380
1,0.632315
1,0.734183
1,0.355753
1,0.385958
1,0.292007
1,0.362367
1,0.402995
1,0.347179
1,0.661745
1,0.298454
1,0.194691
1,0.697437
1,0.060841
1,0.879438
1,0.546246
1,0.120712
1,0.403866
1,0.138696
1,0.391160
1,0.967169
1,0.877463
1,0.513352
1,0.354012
1,0.465144
1,0.099773
1,0.088903
1,0.162699
1,0.075790
1,0.356548
1,0.159877
1,0.286486
1,0.848609
1,0.521146
1,0.483242
1,0.879369
1,0.906866
1,0.413901
1,0.812277
1,0.663980
1,0.667739
1,0.270340
1,0.536916
1,0.099282
1,0.071552
1,0.155079
1,0.715591
1,0.217477
1,0.331306
1,0.296601
1,0.221903
1,0.294666
1,0.059073
1,0.361767
1,0.185344
1,0.125321
1,0.221107
1,0.253119
1,0.191106
1,0.049582
1,0.345294
1,0.123410
1,0.751606
1,0.402797
1,0.370197
1,0.484667
1,0.462087
1,0.679580
1,0.891625
1,0.560658
1,0.444073
1,0.473983
1,0.337293
1,0.221798
1,0.740394
1,0.929244
1,0.062308
1,0.154848
1,0.037207
1,0.522213
1,0.061661
1,0.269852
1,0.898826
1,0.943598
1,0.954886
1,0.807034
1,0.951249
1,0.253937
1,0.801271
1,0.086724
1,0.167514
1,0.720394
1,0.284992
1,0.145206
1,0.486277
1,0.403019
0,0.962263
0,0.936495
0,0.495379
0,0.924294
0,0.785543
0,0.930206
0,0.972811
0,0.987387
0,0.989850
0,0.995974
0,0.937252
0,0.970431
0,0.901587
0,0.751561
0,0.971262
0,0.992685
0,0.967064
0,0.983720
0,0.939028
0,0.943874
0,0.990666
0,0.986459
0,0.923855
0,0.964772
0,0.984000
0,0.956331
0,0.988526
0,0.988379
0,0.969063
0,0.952991
0,0.973779
0,0.963748
0,0.963247
0,0.944217
0,0.906821
0,0.674826
0,0.964882
0,0.892473
0,0.975997
0,0.898921
0,0.973447
0,0.986601
0,0.962520
0,0.971380
0,0.980942
0,0.973278
0,0.848827
0,0.903860
0,0.977566
0,0.925495
0,0.980451
0,0.725922
0,0.909171
0,0.967360
0,0.975769
0,0.064378
0,0.021466
0,0.008191
0,0.023194
0,0.033238
0,0.030404
0,0.020958
0,0.091845
0,0.026504
0,0.191747
0,0.082940
0,0.007542
0,0.011524
0,0.013295
0,0.007352
0,0.015009
0,0.040189
0,0.021263
0,0.029146
0,0.019208
0,0.113636
0,0.011843
0,0.017209
0,0.007861
0,0.011022
0,0.010664
0,0.005283
0,0.023528
0,0.028018
0,0.022009
0,0.021611
0,0.013012
0,0.023122
0,0.004056
0,0.011059
0,0.019298
0,0.022625
0,0.027431
0,0.068653
0,0.048568
0,0.016458
0,0.105324
0,0.013918
0,0.073043
0,0.064869
0,0.113832
0,0.070630
0,0.051519
0,0.089867
0,0.007628
0,0.017576
0,0.108264
0,0.028159
0,0.050244
0,0.055861
0,0.010120
0,0.015006
0,0.024694
0,0.043315
0,0.017734
0,0.067743
0,0.035061
0,0.419073
0,0.165388
0,0.021860
0,0.041719
0,0.178964
0,0.133988
0,0.082450
0,0.065488
0,0.030858
0,0.069924
0,0.012238
0,0.110591
0,0.032560
0,0.038773
0,0.023366
0,0.023685
0,0.023561
0,0.044659
0,0.123830
0,0.068287
0,0.022509
0,0.061988
0,0.162553
0,0.377926
0,0.168206
0,0.075579
0,0.038477
0,0.107089
0,0.022573
0,0.033407
0,0.125225
0,0.026973
0,0.129809
0,0.069673
0,0.111235
0,0.676156
0,0.235978
0,0.068190
0,0.054025
0,0.148093
0,0.104091
0,0.186654
0,0.027789
0,0.028287
0,0.017816
0,0.007928
0,0.068025
0,0.212225
0,0.105164
0,0.088345
0,0.107713
0,0.074036
0,0.139948
0,0.075163
0,0.256771
0,0.092023
0,0.182008
0,0.048512
0,0.508694
0,0.052424
0,0.138469
0,0.043483
0,0.023910
0,0.071373
0,0.073642
0,0.020918
0,0.210455
0,0.491405
0,0.285124
0,0.683004
0,0.321577
0,0.136262
0,0.054827
0,0.225307
0,0.060611
0,0.032592
0,0.027611
0,0.079552
0,0.072834
0,0.049923
0,0.037657
0,0.078068
0,0.012652
0,0.031245
0,0.040893
0,0.205987
0,0.246330
0,0.112969
0,0.260062
0,0.094948
0,0.181521
0,0.023337
0,0.172180
0,0.166283
0,0.385248
0,0.259100
0,0.581623
0,0.133883
0,0.054630
0,0.240003
0,0.103138
0,0.434806
0,0.091721
0,0.046550
0,0.015167
0,0.043187
0,0.030931
0,0.051591
0,0.119338
0,0.080666
0,0.222558
0,0.768038
0,0.436594
0,0.307305
0,0.044237
0,0.385924
0,0.090436
0,0.208697
0,0.180169
0,0.145530
0,0.488395
0,0.405246
0,0.018006
0,0.074925
0,0.066992
0,0.019844
0,0.032996
0,0.032083
0,0.024604
0,0.036756
0,0.019858
0,0.037309
0,0.002550
0,0.001291
0,0.001255
0,0.007193
0,0.002417
0,0.005316
0,0.002112
0,0.003229
0,0.013420
0,0.008761
0,0.002183
0,0.018063
0,0.004661
0,0.003767
0,0.001856
0,0.009888
0,0.001765
0,0.002255
0,0.002591
0,0.003008
0,0.002734
0,0.002773
0,0.006565
0,0.006856
0,0.007606
0,0.009486
0,0.001748
0,0.005123
0,0.001431
0,0.000336
0,0.001096
0,0.001037
0,0.003028
0,0.003526
0,0.001643
0,0.001493
0,0.003475
0,0.011369
0,0.003915
0,0.007294
0,0.002698
0,0.007451
0,0.003467
0,0.000877
0,0.004004
0,0.002104
0,0.002649
0,0.001298
0,0.001945
0,0.001297
0,0.000785
0,0.002025
0,0.003899
0,0.002488
0,0.025249
0,0.018662
0,0.027059
0,0.004070
0,0.002031
0,0.002175
0,0.001335
0,0.007011
0,0.000878
0,0.001466
0,0.000831
0,0.001299
0,0.006687
0,0.018246
0,0.005014
0,0.005620
0,0.001564
0,0.001145
0,0.000316
0,0.008814
0,0.004298
0,0.004058
0,0.002669
0,0.002975
1,0.031075
1,0.012036
1,0.037802
1,0.051845
1,0.027245
1,0.029706
1,0.061689
1,0.030626
1,0.034135
1,0.018237
1,0.010870
1,0.002641
1,0.008592
1,0.006157
1,0.009033
1,0.006114
1,0.005393
1,0.006284
1,0.017225
1,0.031708
1,0.018360
1,0.022669
1,0.072301
1,0.044839
1,0.042207
1,0.029199
1,0.033370
1,0.015950
1,0.023244
1,0.020615
1,0.033568
1,0.066660
1,0.164777
1,0.056197
1,0.129617
1,0.026611
1,0.014653
1,0.028009
1,0.037035
1,0.080113
1,0.013276
1,0.119616
1,0.026136
1,0.073447
1,0.008357
1,0.005040
1,0.004603
1,0.183832
1,0.036690
1,0.038607
1,0.022989
1,0.010459
1,0.021819
1,0.003747
1,0.021262
1,0.020769
1,0.017776
1,0.039304
1,0.094588
1,0.016945
1,0.013057
1,0.021364
1,0.017166
1,0.013351
1,0.028126
1,0.077206
1,0.081674
1,0.076498
1,0.020392
1,0.062984
1,0.352208
1,0.067352
1,0.008691
1,0.005592
1,0.027866
1,0.632091
1,0.089448
1,0.040870
1,0.033896
1,0.012097
1,0.007866
1,0.065579
1,0.090523
1,0.010010
1,0.008394
1,0.018682
1,0.008377
1,0.018498
1,0.099351
1,0.027251
1,0.125018
1,0.184642
1,0.097648
1,0.011057
1,0.086398
1,0.016165
1,0.030772
1,0.007027
1,0.215748
1,0.102366
1,0.394256
1,0.005213
1,0.003310
1,0.004380
1,0.066724
1,0.029462
1,0.048975
1,0.138006
1,0.020559
1,0.022201
1,0.014029
1,0.099611
1,0.006755
1,0.036966
1,0.080181
1,0.147255
1,0.322822
1,0.076093
1,0.118740
1,0.090108
1,0.145452
1,0.116175
1,0.030889
1,0.048218
1,0.277148
1,0.069895
1,0.048348
1,0.076547
1,0.085179
1,0.089370
1,0.101153
1,0.605116
1,0.062577
1,0.045305
1,0.359025
1,0.079645
1,0.040714
1,0.040938
1,0.055600
1,0.072675
1,0.067018
1,0.337601
1,0.028422
1,0.022111
1,0.030968
1,0.125416
1,0.236286
1,0.001872
1,0.014759
1,0.031711
1,0.043222
1,0.046499
1,0.293024
1,0.083881
1,0.085142
1,0.095234
1,0.597585
1,0.090742
1,0.110681
1,0.039131
1,0.033939
1,0.012558
1,0.024163
1,0.006887
1,0.057956
1,0.064152
1,0.008277
1,0.045278
1,0.117482
1,0.014357
0,0.410189
0,0.538959
0,0.399213
0,0.320139
0,0.809589
0,0.512993
0,0.810960
0,0.633259
0,0.722112
0,0.430854
0,0.780564
0,0.405231
0,0.142358
0,0.417333
0,0.612907
0,0.318380
0,0.710529
0,0.382222
0,0.416763
0,0.277654
0,0.418277
0,0.373570
0,0.193120
0,0.487675
0,0.495289
0,0.315726
0,0.506601
0,0.565232
0,0.402968
0,0.207173
0,0.623146
0,0.333834
0,0.517834
0,0.452768
0,0.736193
0,0.557504
0,0.940601
0,0.750965
0,0.417764
0,0.157037
0,0.170445
0,0.124731
0,0.583609
0,0.346069
0,0.199074
0,0.617943
0,0.733898
0,0.353853
0,0.192564
0,0.362732
0,0.235420
0,0.570195
0,0.586481
0,0.498697
0,0.107140
0,0.232308
0,0.075851
0,0.555640
0,0.186852
0,0.253877
0,0.258136
0,0.286486
0,0.075479
0,0.153632
0,0.107403
0,0.237793
0,0.129017
0,0.134087
0,0.151720
0,0.198480
0,0.137614
0,0.235989
0,0.475755
0,0.169579
0,0.229065
0,0.526260
0,0.513531
0,0.799643
0,0.392620
0,0.606653
0,0.721090
0,0.357885
0,0.415780
0,0.691302
0,0.311608
0,0.609536
0,0.529716
0,0.466314
0,0.498503
1,0.657510
1,0.446195
1,0.287525
1,0.644765
1,0.167862
1,0.313872
1,0.506949
1,0.886630
1,0.197240
1,0.492524
1,0.624089
1,0.519092
1,0.041712
1,0.160873
1,0.074912
1,0.055242
1,0.047081
1,0.072436
1,0.116881
1,0.058082
1,0.032771
1,0.026601
1,0.174804
1,0.358702
1,0.186005
1,0.467196
1,0.045066
1,0.334144
1,0.107961
1,0.507221
1,0.216231
1,0.207651
1,0.061949
1,0.047719
1,0.034476
1,0.550280
1,0.562756
1,0.505760
1,0.679686
1,0.219229
1,0.633470
1,0.893139
1,0.628840
1,0.274069
1,0.056626
1,0.151807
1,0.281003
1,0.031960
1,0.111705
1,0.312554
1,0.106116
1,0.295604
1,0.409760
1,0.237447
1,0.182476
1,0.013573
1,0.076089
1,0.255545
1,0.113871
1,0.108151
1,0.080522
1,0.119196
1,0.110680
1,0.202344
1,0.107054
1,0.156868
1,0.086310
1,0.217330
1,0.252215
1,0.566382
1,0.232814
1,0.039854
1,0.036308
1,0.744469
1,0.221258
1,0.244700
1,0.366069
1,0.175227
1,0.784238
1,0.712905
1,0.568178
1,0.281821
1,0.153207
1,0.011898
1,0.003893
1,0.091050
1,0.022662
1,0.112443
1,0.090900
1,0.016431
1,0.039985
1,0.027798
1,0.009635
1,0.027251
1,0.043892
1,0.060392
1,0.031491
1,0.041601
1,0.052173
1,0.006384
1,0.013268
1,0.015874
1,0.022569
1,0.108005
1,0.003560
1,0.010835
1,0.009273
1,0.048798
1,0.019311
1,0.075848
1,0.083029
1,0.143933
1,0.048784
1,0.028395
1,0.022517
1,0.051145
1,0.080875
1,0.050178
1,0.177723
1,0.127354
1,0.053088
1,0.013120
1,0.044390
1,0.021839
1,0.187041
1,0.061787
1,0.045360
1,0.076946
1,0.112207
1,0.213843
1,0.192179
1,0.046854
1,0.271056
1,0.128646
1,0.018658
1,0.009110
1,0.051617
1,0.021552
1,0.044002
1,0.040002
1,0.023174
1,0.181222
1,0.387592
1,0.132291
1,0.026516
1,0.050797
1,0.015191
1,0.234441
1,0.253002
1,0.015913
1,0.025371
1,0.034037
1,0.032738
1,0.049112
1,0.061077
1,0.090405
1,0.025375
1,0.079267
1,0.327158
1,0.060017
1,0.112769
1,0.021641
1,0.050909
1,0.045519
1,0.014014
1,0.065098
1,0.241818
1,0.071273
1,0.076077
1,0.201787
1,0.062649
1,0.113296
1,0.100852
1,0.030393
1,0.670547
1,0.534082
1,0.124409
1,0.921228
1,0.504409
1,0.440831
1,0.799535
1,0.696614
1,0.976773
1,0.956651
1,0.963775
1,0.992663
1,0.662082
1,0.981119
1,0.978756
1,0.834368
1,0.995252
1,0.829284
1,0.988319
1,0.992563
1,0.871940
1,0.678510
1,0.461251
1,0.409632
1,0.757770
1,0.943275
1,0.751404
1,0.918425
1,0.643331
1,0.611182
1,0.521802
1,0.628823
1,0.804572
1,0.597353
1,0.578756
1,0.741566
1,0.851694
1,0.723208
1,0.826256
1,0.892201
1,0.964706
1,0.917266
1,0.474057
1,0.484477
1,0.700131
1,0.730404
1,0.437865
1,0.602650
1,0.581717
1,0.983367
1,0.620799
1,0.872494
1,0.342164
1,0.629310
1,0.947237
1,0.969034
1,0.840822
1,0.963802
1,0.561472
1,0.365050
1,0.949981
1,0.991188
1,0.991959
1,0.964224
1,0.811245
1,0.867788
1,0.974428
1,0.802188
1,0.980739
1,0.856353
1,0.921632
1,0.901977
1,0.962217
1,0.865312
1,0.725542
1,0.808770
1,0.865028
1,0.558245
1,0.883128
1,0.982697
1,0.950289
1,0.812485
1,0.984699
1,0.912549
1,0.996725
1,0.927498
1,0.926959
1,0.653289
1,0.948023
1,0.953991
1,0.062866
1,0.515679
1,0.021585
1,0.008219
1,0.024788
1,0.034550
1,0.096092
1,0.192179
1,0.764296
1,0.040268
1,0.037025
1,0.132627
1,0.045322
1,0.016032
1,0.030406
1,0.031197
1,0.062085
1,0.008099
1,0.058543
1,0.038682
1,0.142151
1,0.098415
1,0.122376
1,0.280630
1,0.056963
1,0.139571
1,0.458758
1,0.077742
1,0.054068
1,0.044999
1,0.257219
0,0.793461
0,0.867061
0,0.656570
0,0.895669
0,0.217289
0,0.645630
0,0.290868
0,0.537664
0,0.082615
0,0.476046
0,0.136380
0,0.943963
0,0.848686
0,0.973080
0,0.528002
0,0.849635
0,0.933450
0,0.921369
0,0.909185
0,0.800733
0,0.595844
0,0.106964
0,0.092458
0,0.678468
0,0.803436
0,0.695229
0,0.391532
0,0.532252
0,0.172449
0,0.406772
0,0.141501
0,0.243161
0,0.764523
0,0.531244
0,0.525457
0,0.407417
0,0.373214
0,0.896224
0,0.502681
0,0.823144
0,0.938045
0,0.659225
0,0.708637
0,0.937609
0,0.617418
0,0.277430
0,0.675469
0,0.884276
0,0.566945
0,0.667332
0,0.938329
0,0.793395
0,0.203220
0,0.305848
0,0.373458
0,0.540817
0,0.845494
0,0.845376
0,0.877002
0,0.376365
0,0.923157
0,0.435348
0,0.759542
0,0.844271
0,0.295993
0,0.753955
0,0.652096
0,0.251763
0,0.617849
0,0.846674
0,0.927685
0,0.084685
0,0.038603
0,0.019032
0,0.046288
0,0.036836
0,0.025041
0,0.027298
0,0.039249
0,0.008562
0,0.034915
0,0.121776
0,0.022156
0,0.054908
0,0.045943
0,0.057152
0,0.112401
0,0.037970
0,0.067339
0,0.075297
0,0.008712
0,0.052545
0,0.025106
0,0.031974
0,0.028359
0,0.013065
0,0.139660
0,0.142423
0,0.071985
0,0.103517
0,0.067634
0,0.024536
0,0.020221
0,0.063972
0,0.202913
0,0.030412
0,0.051163
0,0.013040
0,0.019588
0,0.044245
0,0.018310
0,0.027866
0,0.027744
0,0.007292
0,0.008640
0,0.004315
0,0.018657
0,0.027664
0,0.035477
0,0.152669
0,0.014946
0,0.012457
0,0.032417
0,0.130001
0,0.107697
0,0.053565
0,0.066894
0,0.209623
0,0.060515
0,0.063375
0,0.056684
0,0.009093
0,0.023084
0,0.010066
0,0.017950
0,0.162067
0,0.017881
0,0.089121
0,0.132376
0,0.130666
0,0.083324
0,0.033468
0,0.162623
0,0.060850
0,0.072733
0,0.045130
0,0.027398
0,0.053259
0,0.030810
0,0.189040
0,0.044861
0,0.181549
0,0.302962
0,0.416603
1,0.614236
1,0.258200
1,0.403071
1,0.381708
1,0.397144
1,0.391547
1,0.132235
1,0.557393
1,0.194179
1,0.461817
1,0.326949
1,0.565637
1,0.237485
1,0.464557
1,0.095184
1,0.371281
1,0.243257
1,0.058668
1,0.275422
1,0.246669
1,0.543220
1,0.258133
1,0.193730
1,0.167977
1,0.039213
1,0.077666
1,0.071184
1,0.475525
1,0.187768
1,0.062226
1,0.039251
1,0.139075
1,0.209451
1,0.156688
1,0.110621
1,0.089155
1,0.154486
1,0.520308
1,0.698106
1,0.130358
1,0.189812
1,0.056235
1,0.363588
1,0.296018
1,0.199724
1,0.119024
1,0.251942
1,0.327036
1,0.084087
1,0.222115
1,0.149140
1,0.152847
1,0.306932
1,0.408233
1,0.102875
1,0.341642
1,0.365192
1,0.303035
1,0.502248
1,0.200843
1,0.258937
1,0.467490
1,0.569361
1,0.172842
1,0.140864
1,0.354536
1,0.154792
1,0.152046
1,0.033373
1,0.123656
1,0.432669
1,0.291199
1,0.254793
1,0.030316
1,0.063384
1,0.416023
1,0.051437
1,0.182388
1,0.166933
1,0.099550
1,0.087992
1,0.138561
1,0.200354
1,0.059345
1,0.187931
1,0.265047
1,0.208838
1,0.143414
1,0.511583
1,0.106328
1,0.166758
1,0.193464
1,0.262452
1,0.106951
1,0.228236
1,0.027017
1,0.025849
1,0.022536
1,0.047039
1,0.073465
1,0.715212
1,0.920020
1,0.505626
1,0.913581
1,0.792491
1,0.722291
1,0.956463
1,0.874397
1,0.894656
1,0.944599
1,0.904594
1,0.965262
1,0.357423
1,0.555365
1,0.925914
1,0.257638
1,0.351907
1,0.391427
1,0.185294
1,0.231363
1,0.182311
1,0.088120
1,0.757881
1,0.239921
1,0.473749
1,0.415345
1,0.492235
1,0.838024
1,0.290438
1,0.142279
1,0.043020
1,0.259500
1,0.045734
1,0.074053
1,0.088647
1,0.619616
1,0.206563
1,0.060945
1,0.835505
1,0.159132
1,0.577928
1,0.873351
1,0.686481
1,0.828652
1,0.632444
1,0.197896
1,0.915198
1,0.791958
1,0.124942
1,0.048145
1,0.378963
1,0.261575
1,0.108234
1,0.152868
1,0.101623
1,0.121612
1,0.646425
1,0.261703
1,0.087010
1,0.032021
1,0.174189
1,0.234262
1,0.804768
1,0.805551
1,0.733175
1,0.811396
1,0.711458
1,0.810292
1,0.849639
1,0.836514
1,0.821547
1,0.224094
1,0.180785
1,0.595924
1,0.770893
1,0.955615
1,0.938513
1,0.828264
1,0.728308
1,0.556425
1,0.659862
1,0.861992
1,0.891133
1,0.921947
1,0.840505
1,0.604959
1,0.346382
1,0.812888
1,0.747738
1,0.876775
1,0.853500
1,0.870149
1,0.944408
1,0.888673
1,0.161611
1,0.180255
0,0.068941
0,0.219391
0,0.190664
0,0.560831
0,0.406148
0,0.261703
0,0.483578
0,0.131803
0,0.142207
0,0.085807
0,0.156844
0,0.112420
0,0.259769
0,0.168498
0,0.360223
0,0.323693
0,0.181546
0,0.332070
0,0.062375
0,0.088626
0,0.052853
0,0.116932
0,0.079294
0,0.073381
0,0.090372
0,0.440964
0,0.470638
0,0.366105
0,0.372065
0,0.036760
0,0.046974
0,0.074186
0,0.057847
0,0.597462
0,0.042678
0,0.157396
0,0.123283
0,0.051502
0,0.209527
0,0.210014
0,0.064017
0,0.087693
0,0.453685
0,0.165565
0,0.133463
0,0.081290
0,0.216091
0,0.099953
0,0.035117
0,0.151177
0,0.242460
0,0.409341
0,0.239901
0,0.029335
0,0.123295
0,0.130738
0,0.066040
0,0.061551
0,0.059204
0,0.145494
0,0.088218
0,0.035845
0,0.074290
0,0.066104
0,0.044003
0,0.013192
0,0.034372
1,0.058770
1,0.116710
1,0.088644
1,0.082035
1,0.294857
1,0.199091
1,0.057280
1,0.137787
1,0.046039
1,0.095793
1,0.138326
1,0.263050
1,0.034223
1,0.051737
1,0.151568
1,0.154815
1,0.125768
1,0.039243
1,0.214108
1,0.116682
1,0.127721
1,0.113205
1,0.276685
1,0.058580
1,0.148359
1,0.091887
1,0.034411
1,0.044584
1,0.733123
1,0.100865
1,0.072559
1,0.011721
1,0.015101
1,0.054541
1,0.044571
1,0.076045
1,0.039911
1,0.064089
1,0.171190
1,0.057922
1,0.199393
1,0.068641
1,0.017447
1,0.025017
1,0.028183
1,0.022367
1,0.133560
1,0.022949
1,0.096204
1,0.146521
1,0.136534
1,0.155729
1,0.191599
1,0.061202
1,0.104456
1,0.280295
1,0.729244
1,0.826447
1,0.437901
1,0.748820
1,0.522873
1,0.813564
1,0.854520
1,0.099989
1,0.474663
1,0.516324
1,0.407278
1,0.798805
1,0.828531
1,0.636967
1,0.961229
1,0.973377
1,0.469893
1,0.338702
1,0.711684
1,0.349275
1,0.043871
1,0.340018
1,0.266743
1,0.537946
1,0.886668
1,0.945689
1,0.946781
1,0.708212
1,0.840674
1,0.803859
1,0.987330
1,0.927384
1,0.790302
1,0.303408
1,0.599252
1,0.066905
1,0.200632
1,0.064106
1,0.645601
1,0.301150
1,0.402623
1,0.657307
1,0.535024
1,0.823757
1,0.675293
1,0.606175
1,0.832234
1,0.632388
1,0.526887
1,0.914836
1,0.931471
1,0.233934
1,0.585009
1,0.500439
1,0.774060
1,0.250831
1,0.262411
1,0.277166
1,0.546738
1,0.313118
1,0.230268
0,0.924362
0,0.258257
0,0.222389
0,0.714899
0,0.392894
0,0.359177
0,0.693572
0,0.359733
0,0.839722
0,0.318559
0,0.900148
0,0.547149
0,0.521200
0,0.552563
0,0.801185
0,0.754312
0,0.604508
0,0.628334
0,0.756686
0,0.251236
0,0.504355
0,0.707675
0,0.397120
0,0.172165
0,0.071445
0,0.899303
0,0.977786
0,0.720015
0,0.190105
0,0.052809
0,0.316522
0,0.947394
0,0.865049
0,0.837941
0,0.186127
0,0.075304
0,0.381945
0,0.126901
0,0.418888
0,0.926126
0,0.241308
0,0.240103
0,0.451872
0,0.246869
0,0.521013
0,0.229476
0,0.255762
0,0.555054
0,0.554843
0,0.762320
0,0.342895
0,0.510337
0,0.404367
0,0.407785
0,0.754461
0,0.554494
0,0.652272
0,0.773879
0,0.801233
0,0.916486
0,0.916286
0,0.950720
0,0.946401
0,0.246737
0,0.338112
0,0.544928
0,0.501760
0,0.803887
0,0.319342
0,0.162759
0,0.431112
0,0.612601
0,0.669312
0,0.687457
0,0.700580
0,0.404410
0,0.840485
0,0.643352
0,0.485134
0,0.236698
0,0.170007
0,0.875706
0,0.108957
0,0.385491
0,0.071595
0,0.598099
0,0.267126
0,0.361937
0,0.543024
0,0.734492
0,0.867764
0,0.924595
0,0.894558
0,0.986998
0,0.921506
0,0.747185
0,0.857661
0,0.520038
0,0.968457
0,0.696365
1,0.566939
1,0.829060
1,0.345138
1,0.808138
1,0.928987
1,0.872251
1,0.970704
1,0.887216
1,0.963330
1,0.949782
1,0.524185
1,0.882467
1,0.828239
1,0.907470
1,0.525580
1,0.853588
1,0.953560
1,0.896692
1,0.731773
1,0.801870
1,0.685170
1,0.503854
1,0.955854
1,0.786423
1,0.878492
1,0.963194
1,0.881791
1,0.922969
1,0.940425
1,0.749029
1,0.657048
1,0.846127
1,0.671685
1,0.560802
1,0.653547
1,0.626575
1,0.391096
1,0.414789
1,0.391549
1,0.583693
1,0.326708
1,0.577481
1,0.934327
1,0.936703
1,0.880008
1,0.932168
1,0.957867
1,0.977835
1,0.870370
1,0.785509
1,0.606862
1,0.628108
1,0.838038
1,0.758040
1,0.867254
1,0.902623
1,0.764731
1,0.881296
1,0.715048
1,0.569723
1,0.636318
1,0.798950
1,0.941502
1,0.579852
1,0.448624
1,0.715544
1,0.881130
1,0.962104
1,0.549953
1,0.109586
1,0.369345
1,0.591069
1,0.398237
1,0.883752
1,0.741718
1,0.473565
1,0.494341
1,0.257961
1,0.877625
1,0.798220
1,0.953129
1,0.917913
1,0.823576
1,0.938662
1,0.912355
1,0.806533
1,0.933558
1,0.928736
1,0.840631
1,0.584243
1,0.671051
1,0.969558
1,0.947175
1,0.923682
1,0.884222
1,0.821722
1,0.855912
1,0.696149
1,0.883602
1,0.813623
1,0.868859
1,0.546597
1,0.149618
1,0.840064
1,0.879388
1,0.711028
1,0.752283
1,0.686828
1,0.805120
1,0.885536
1,0.680284
1,0.976911
1,0.916982
1,0.948423
1,0.924963
1,0.958666
1,0.925997
1,0.540279
1,0.799725
1,0.733031
1,0.462799
1,0.533987
1,0.144800
1,0.836320
1,0.323658
1,0.915248
1,0.680181
1,0.137361
1,0.947537
1,0.468840
1,0.667484
1,0.819596
1,0.452414
1,0.431115
1,0.762740
1,0.896741
1,0.510654
1,0.918450
1,0.874093
1,0.787071
1,0.920756
1,0.836655
1,0.707031
1,0.778931
1,0.905983
1,0.711051
1,0.894477
1,0.864621
1,0.949796
1,0.951959
1,0.367379
1,0.669003
1,0.830889
1,0.314956
1,0.354265
1,0.860694
1,0.724006
1,0.849240
1,0.607542
1,0.469401
1,0.660580
1,0.288555
1,0.282403
1,0.382253
1,0.815009
1,0.401179
1,0.799553
1,0.903044
1,0.904090
1,0.708702
1,0.608417
1,0.914020
1,0.917827
1,0.637784
1,0.814305
1,0.701146
1,0.828798
1,0.666100
1,0.921404
1,0.310995
1,0.705551
1,0.963971
1,0.946991
1,0.665373
1,0.742185
1,0.448614
1,0.265736
1,0.656054
1,0.853975
1,0.603801
1,0.750522
1,0.615259
1,0.377901
1,0.915879
1,0.638842
1,0.520234
1,0.541412
1,0.865445
1,0.653341
1,0.751617
0,0.974381
0,0.728272
0,0.898047
0,0.952024
0,0.928677
0,0.916033
0,0.915781
0,0.742507
0,0.564871
0,0.905723
0,0.730862
0,0.877878
0,0.905283
0,0.871645
0,0.940729
0,0.996415
0,0.987493
0,0.975548
0,0.790940
0,0.808547
0,0.550919
0,0.883180
0,0.915167
0,0.867387
0,0.933176
0,0.943967
0,0.763335
0,0.911100
0,0.919671
0,0.915151
0,0.945451
0,0.933439
0,0.931882
0,0.869276
0,0.847864
0,0.887608
0,0.917802
0,0.814381
0,0.959758
0,0.963841
0,0.973649
0,0.982625
0,0.984074
0,0.973254
0,0.964408
0,0.943709
0,0.975752
0,0.945436
0,0.952166
0,0.973224
0,0.961042
0,0.982879
0,0.975675
0,0.978006
0,0.974734
0,0.978854
0,0.993406
0,0.963756
0,0.974495
0,0.949412
0,0.973485
0,0.986166
0,0.987490
0,0.975341
0,0.984935
0,0.997072
0,0.981877
0,0.985845
0,0.991969
0,0.999066
0,0.998703
0,0.997586
0,0.993246
0,0.954142
0,0.975824
0,0.987147
0,0.950149
0,0.967727
0,0.944602
0,0.901496
0,0.905726
0,0.865219
0,0.949661
0,0.952915
0,0.949733
0,0.917375
0,0.889702
0,0.360856
0,0.394070
0,0.769363
0,0.674535
0,0.878321
0,0.940761
0,0.941272
0,0.943418
0,0.890159
0,0.976354
0,0.959848
0,0.845765
0,0.921709
0,0.083626
0,0.064866
0,0.085211
0,0.057822
0,0.024866
0,0.118761
0,0.187408
0,0.019390
0,0.016919
0,0.071601
0,0.041746
0,0.257000
0,0.136020
0,0.007275
0,0.020232
0,0.076139
0,0.034808
0,0.014202
0,0.009250
0,0.099412
0,0.007203
0,0.018994
0,0.011777
0,0.027943
0,0.011009
0,0.021112
0,0.016096
0,0.027190
0,0.032161
0,0.013935
0,0.006919
0,0.005907
0,0.021310
0,0.005972
0,0.008779
0,0.001728
0,0.008916
0,0.013514
0,0.009134
0,0.002380
0,0.006906
0,0.012254
0,0.018905
0,0.019784
0,0.124940
0,0.019625
0,0.026427
0,0.024515
0,0.037132
0,0.042133
0,0.077881
0,0.137457
0,0.031670
0,0.031734
0,0.013992
0,0.037508
0,0.007532
0,0.040672
0,0.165141
0,0.057897
0,0.072297
0,0.060493
0,0.026655
0,0.051469
0,0.063294
0,0.237006
0,0.058168
0,0.108605
0,0.153991
0,0.022570
0,0.210376
0,0.111964
0,0.098034
0,0.071985
0,0.064196
0,0.038327
0,0.046760
0,0.252213
0,0.142413
0,0.225990
0,0.036819
0,0.060330
0,0.088726
1,0.006376
1,0.012925
1,0.023031
1,0.119714
1,0.300466
1,0.061453
1,0.012959
1,0.014138
1,0.017188
1,0.058094
1,0.019126
1,0.045721
1,0.021734
1,0.032584
1,0.012176
1,0.005239
1,0.017087
1,0.012446
1,0.011519
1,0.062978
1,0.023685
1,0.015800
1,0.014113
1,0.007230
1,0.008280
1,0.030085
1,0.022442
1,0.015630
1,0.008788
1,0.002730
1,0.010224
1,0.007223
1,0.002581
1,0.004317
1,0.012125
1,0.009167
1,0.028047
1,0.021513
1,0.065695
1,0.157208
1,0.115182
1,0.088274
1,0.046202
1,0.022745
1,0.069083
1,0.024009
1,0.016296
1,0.031965
1,0.030061
1,0.012847
1,0.041918
1,0.095966
1,0.030099
1,0.030109
1,0.042855
1,0.050716
1,0.082076
1,0.010331
1,0.015246
1,0.013612
1,0.008770
1,0.012023
1,0.018890
1,0.024599
1,0.009663
1,0.027014
1,0.021468
1,0.015413
1,0.005974
1,0.001829
1,0.005601
1,0.002842
1,0.003085
0,0.375566
0,0.216280
0,0.083596
0,0.074928
0,0.287421
0,0.663609
0,0.657700
0,0.882103
0,0.330526
0,0.307922
0,0.218642
0,0.224531
0,0.323303
0,0.362280
0,0.454818
0,0.147913
0,0.181533
0,0.093952
0,0.570027
0,0.807863
0,0.537381
0,0.320941
0,0.131284
0,0.056241
0,0.110931
0,0.091266
0,0.266725
0,0.191976
0,0.056359
0,0.283967
0,0.041921
0,0.407592
0,0.280503
0,0.418066
0,0.185562
0,0.300522
0,0.250097
0,0.137763
0,0.130038
0,0.089458
0,0.300200
0,0.262646
0,0.226170
0,0.172055
0,0.309743
0,0.291282
0,0.574946
0,0.236910
0,0.081676
0,0.131802
0,0.066411
0,0.124606
0,0.279211
0,0.162509
0,0.385737
0,0.314188
0,0.167721
0,0.145019
0,0.424026
0,0.157285
0,0.105160
0,0.111662
0,0.151201
0,0.056924
0,0.012765
0,0.208051
0,0.525061
0,0.128429
0,0.188057
0,0.239725
0,0.283299
0,0.230402
0,0.536702
0,0.257193
0,0.486568
0,0.256396
0,0.092360
0,0.071891
0,0.032313
0,0.013073
0,0.078781
0,0.216087
0,0.099845
0,0.197879
0,0.311700
0,0.127116
0,0.124753
0,0.102206
0,0.257879
0,0.048796
0,0.032051
0,0.190958
0,0.123657
0,0.128909
0,0.407736
0,0.445840
0,0.426028
0,0.379995
0,0.361463
0,0.281502
1,0.006873
1,0.002793
1,0.000600
1,0.002589
1,0.002420
1,0.002049
1,0.004908
1,0.002934
1,0.001734
1,0.001712
1,0.002322
1,0.004865
1,0.000722
1,0.002259
1,0.003367
1,0.015394
1,0.012015
1,0.003211
1,0.013356
1,0.006703
1,0.040761
1,0.004985
1,0.004429
1,0.015078
1,0.017109
1,0.033014
1,0.022271
1,0.015176
1,0.004897
1,0.011291
1,0.043054
1,0.008474
1,0.001976
1,0.004487
1,0.016317
1,0.013163
1,0.010607
1,0.007614
1,0.007473
1,0.006627
1,0.002633
1,0.002108
1,0.023937
1,0.003270
1,0.019453
1,0.004762
1,0.027364
1,0.002067
1,0.005461
0,0.042039
0,0.043785
0,0.043785
0,0.043785
0,0.060447
0,0.007050
0,0.016867
0,0.006243
0,0.006039
0,0.029266
0,0.024412
0,0.014813
0,0.007171
0,0.082017
0,0.066140
0,0.103370
0,0.013468
0,0.005499
0,0.006334
0,0.006536
0,0.016659
0,0.051827
0,0.010930
0,0.012287
0,0.006051
0,0.005349
0,0.004963
0,0.012081
0,0.003913
0,0.004466
0,0.006619
0,0.000887
0,0.001625
0,0.001167
0,0.002033
0,0.001148
0,0.001044
0,0.013132
0,0.017955
0,0.003166
0,0.009163
0,0.009893
0,0.005427
0,0.004272
0,0.002975
0,0.003340
0,0.009916
0,0.006018
0,0.001039
0,0.001705
0,0.001553
0,0.006536
0,0.007652
0,0.013124
0,0.011565
0,0.004990
0,0.011398
0,0.020663
0,0.013110
0,0.009955
0,0.024267
0,0.004959
0,0.006067
0,0.007078
0,0.000962
0,0.002096
0,0.002042
0,0.002047
0,0.022571
0,0.025900
0,0.012443
0,0.009125
0,0.017789
0,0.006164
0,0.005084
0,0.011328
0,0.011214
0,0.008246
0,0.005157
0,0.011360
0,0.002567
0,0.002683
0,0.006677
0,0.001624
0,0.021239
0,0.060271
0,0.012416
0,0.003596
0,0.007619
0,0.004623
0,0.057127
0,0.013845
0,0.020298
0,0.009588
0,0.032108
0,0.005640
0,0.038313
0,0.006008
0,0.009154
0,0.004168
0,0.071069
0,0.370858
0,0.110351
0,0.080458
0,0.261345
0,0.330160
0,0.148225
0,0.235847
0,0.038556
0,0.082812
0,0.047539
0,0.819931
0,0.030804
0,0.017223
0,0.074795
0,0.197662
0,0.138344
0,0.049868
0,0.100918
0,0.537167
0,0.023656
0,0.258471
0,0.039353
0,0.016546
0,0.011723
0,0.081138
0,0.052430
0,0.005412
0,0.074506
0,0.022898
0,0.121124
0,0.110770
0,0.009237
0,0.020542
0,0.020741
0,0.008376
0,0.004833
0,0.071447
0,0.060578
0,0.072744
0,0.129478
0,0.069638
0,0.017242
0,0.019504
0,0.043065
0,0.010727
0,0.016517
0,0.019203
0,0.025838
0,0.277176
0,0.130140
0,0.647302
0,0.104705
0,0.203403
0,0.107502
0,0.127808
0,0.050647
0,0.097697
0,0.223792
0,0.024697
0,0.208822
0,0.031072
0,0.024055
0,0.033388
0,0.025738
0,0.055481
0,0.056047
0,0.019785
0,0.084211
0,0.029116
0,0.120975
0,0.059204
0,0.065736
0,0.020700
0,0.026044
0,0.026659
0,0.089352
0,0.331635
0,0.086516
0,0.033164
0,0.033397
0,0.122242
0,0.165360
0,0.071196
0,0.156974
0,0.018321
0,0.027321
0,0.036961
0,0.001763
0,0.034148
0,0.006767
0,0.007316
0,0.035285
0,0.007999
0,0.027819
0,0.141195
0,0.087745
0,0.090969
0,0.023826
0,0.028664
0,0.053074
0,0.053482
0,0.041337
0,0.027900
0,0.043810
0,0.029326
0,0.063077
0,0.019419
0,0.028992
0,0.098770
0,0.155314
0,0.034337
0,0.016565
0,0.013769
0,0.022625
0,0.029139
0,0.101102
0,0.061336
0,0.030491
0,0.011231
0,0.065599
0,0.016191
0,0.036176
0,0.177079
0,0.035127
0,0.081753
0,0.435708
0,0.024724
0,0.136439
0,0.047843
0,0.048189
0,0.043968
0,0.327749
0,0.099919
0,0.100976
0,0.240511
0,0.180704
0,0.138555
0,0.034043
0,0.190103
0,0.040950
0,0.190717
0,0.018975
0,0.029817
0,0.052330
0,0.063424
0,0.033673
0,0.029561
0,0.188515
0,0.028317
0,0.043771
0,0.107119
0,0.154480
0,0.017386
0,0.089768
0,0.052200
0,0.030649
0,0.056831
0,0.014119
0,0.079267
0,0.035497
0,0.023791
0,0.176778
0,0.011509
0,0.135097
1,0.072168
1,0.067438
1,0.020845
1,0.034134
1,0.043432
1,0.017675
1,0.052453
1,0.158130
1,0.191178
1,0.465224
1,0.147283
1,0.038025
1,0.021446
1,0.017924
1,0.020327
1,0.010059
1,0.035291
1,0.061372
1,0.033707
1,0.037735
1,0.096967
1,0.076486
1,0.007678
1,0.017270
1,0.046836
1,0.032704
1,0.039694
1,0.009588
1,0.095974
1,0.132091
1,0.062314
1,0.412861
1,0.225902
1,0.037636
1,0.029833
1,0.077082
1,0.063515
1,0.136633
1,0.094230
1,0.170064
1,0.348762
1,0.090193
1,0.093567
1,0.082187
1,0.145156
1,0.062834
1,0.114662
1,0.078924
1,0.085195
1,0.264289
1,0.101749
1,0.071396
1,0.182224
1,0.126223
1,0.022174
1,0.067350
1,0.045213
1,0.153535
1,0.065622
1,0.122637
1,0.031409
1,0.028667
1,0.047397
1,0.032468
1,0.037265
1,0.024421
1,0.035572
1,0.145330
1,0.038846
1,0.060837
1,0.173784
1,0.049636
1,0.245466
1,0.088695
1,0.058330
1,0.053530
1,0.026389
1,0.024540
1,0.420998
1,0.299879
1,0.481909
1,0.332949
1,0.212115
1,0.128504
1,0.237804
1,0.093259
1,0.112960
1,0.061085
1,0.127250
1,0.225017
1,0.037959
1,0.139655
1,0.302563
1,0.443171
1,0.292946
1,0.259449
1,0.140197
1,0.098906
1,0.107662
1,0.316015
1,0.203511
1,0.164854
1,0.267755
1,0.470879
1,0.306358
1,0.192297
1,0.408964
1,0.280771
1,0.178751
1,0.035373
1,0.115534
1,0.107336
1,0.317157
1,0.549448
1,0.348579
1,0.121289
1,0.021690
1,0.400254
1,0.443736
1,0.470176
1,0.126905
1,0.287834
1,0.588510
1,0.379289
1,0.287321
1,0.468449
1,0.049503
1,0.082442
1,0.444130
1,0.450196
0,0.057721
0,0.238584
0,0.116478
0,0.278472
0,0.377153
0,0.206643
0,0.079516
0,0.305579
0,0.307029
0,0.272866
0,0.305945
0,0.053970
0,0.054860
0,0.019560
0,0.011860
0,0.018197
0,0.214060
0,0.277750
0,0.081657
0,0.303370
0,0.068276
0,0.016757
0,0.072644
0,0.201189
0,0.110049
0,0.355925
0,0.145751
0,0.233383
0,0.488483
0,0.483047
0,0.049385
0,0.095352
0,0.086769
0,0.092005
0,0.087088
0,0.082676
0,0.061599
0,0.359479
0,0.099576
0,0.060598
0,0.083256
0,0.029143
0,0.038664
0,0.026846
0,0.017505
0,0.020715
0,0.059901
0,0.072794
0,0.489744
0,0.221838
0,0.206826
0,0.020600
0,0.318921
0,0.136311
0,0.015527
0,0.100518
0,0.040792
0,0.124141
0,0.044689
0,0.053859
0,0.331482
0,0.068794
0,0.358295
0,0.024441
0,0.137376
0,0.390176
0,0.131924
0,0.324614
0,0.042108
0,0.065666
0,0.103895
0,0.051087
0,0.253375
0,0.185978
0,0.400188
0,0.094508
0,0.103222
0,0.015679
0,0.013356
0,0.017552
0,0.016310
0,0.013964
0,0.015054
0,0.007343
0,0.001714
0,0.011058
0,0.007102
0,0.008319
0,0.006857
0,0.011448
0,0.007289
0,0.005124
0,0.010538
0,0.056152
0,0.009975
0,0.011148
0,0.012789
0,0.013990
0,0.006270
0,0.003879
0,0.007130
0,0.004072
0,0.003237
0,0.011520
0,0.004312
0,0.037714
0,0.006898
0,0.002938
0,0.007949
0,0.003367
0,0.022836
0,0.007243
0,0.009800
0,0.008334
0,0.004905
0,0.018572
0,0.004106
0,0.003614
0,0.017372
0,0.028744
0,0.007196
0,0.055318
0,0.011791
0,0.008991
1,0.154149
1,0.105113
1,0.599169
1,0.088687
1,0.273227
1,0.090093
1,0.480478
1,0.077837
1,0.282550
1,0.063416
1,0.451510
1,0.304375
1,0.401404
1,0.438542
1,0.866370
1,0.080588
1,0.569440
1,0.937779
1,0.322152
1,0.927763
1,0.221957
1,0.735448
1,0.192489
1,0.387310
1,0.536101
1,0.079296
1,0.280240
1,0.215620
1,0.370045
1,0.409131
1,0.581637
1,0.083578
1,0.152320
1,0.440258
1,0.403012
1,0.560889
1,0.481894
1,0.068026
1,0.690631
1,0.297228
1,0.206034
1,0.702206
1,0.063747
1,0.061823
1,0.604183
1,0.173044
1,0.447757
1,0.298199
1,0.124234
1,0.877692
1,0.654620
1,0.453598
1,0.078458
1,0.668546
1,0.465294
1,0.687058
1,0.704046
1,0.530641
1,0.450766
1,0.242728
0,0.402685
0,0.315969
0,0.662369
0,0.483769
0,0.213152
0,0.799429
0,0.306635
0,0.403922
0,0.694380
0,0.197684
0,0.206226
0,0.378888
0,0.550458
0,0.348059
0,0.908299
0,0.912731
0,0.704345
0,0.705871
0,0.762697
0,0.639118
0,0.700536
0,0.901381
0,0.689724
0,0.763162
0,0.758141
0,0.762012
0,0.588028
0,0.811186
0,0.491426
0,0.823447
0,0.823408
0,0.800960
0,0.768099
0,0.500389
0,0.848348
0,0.633283
0,0.604233
0,0.289587
0,0.111426
0,0.486766
0,0.745834
0,0.849745
0,0.794605
0,0.854155
0,0.676813
0,0.506501
0,0.309760
0,0.851826
0,0.923735
0,0.778445
0,0.653856
0,0.654042
0,0.644777
0,0.931476
0,0.928619
0,0.824762
0,0.637405
0,0.486524
0,0.650546
0,0.199647
0,0.555123
0,0.718408
0,0.424986
0,0.942502
0,0.789987
0,0.930689
0,0.918601
0,0.733765
0,0.413540
0,0.334328
0,0.636821
0,0.457041
0,0.818490
0,0.285261
0,0.815769
0,0.740291
0,0.861859
0,0.812126
0,0.708203
0,0.292982
0,0.460931
0,0.274201
0,0.324750
0,0.875822
0,0.446123
0,0.582950
0,0.431649
0,0.661707
0,0.833881
0,0.434546
0,0.258367
0,0.689589
0,0.658625
0,0.761851
0,0.849567
0,0.945727
0,0.940495
0,0.922813
0,0.789126
0,0.817578
1,0.003014
1,0.004834
1,0.015268
1,0.015740
1,0.005698
1,0.003778
1,0.004803
1,0.021322
1,0.004997
1,0.004645
1,0.006675
1,0.001483
1,0.001802
1,0.001689
1,0.005237
1,0.009336
1,0.015996
1,0.022899
1,0.014525
1,0.015605
1,0.008020
1,0.002339
1,0.004880
1,0.012351
1,0.008850
1,0.003319
1,0.007613
1,0.009253
1,0.020237
1,0.014348
1,0.007125
1,0.014987
1,0.019767
1,0.049517
1,0.002220
1,0.009015
1,0.170780
1,0.009674
1,0.026839
1,0.008963
1,0.002678
1,0.018152
1,0.004201
1,0.008932
1,0.013512
1,0.009016
1,0.009470
1,0.010141
1,0.001498
1,0.003408
1,0.022963
1,0.018462
1,0.003920
1,0.010001
1,0.004042
1,0.002721
1,0.161681
1,0.025615
1,0.008535
1,0.003669
1,0.018207
1,0.008022
1,0.003356
1,0.002166
1,0.233693
1,0.228582
1,0.264945
1,0.305839
1,0.382664
1,0.256614
1,0.356054
1,0.273036
1,0.274513
1,0.313492
1,0.221774
1,0.538623
1,0.600305
1,0.527999
1,0.255223
1,0.273590
1,0.141765
1,0.344831
1,0.151638
1,0.035077
1,0.237665
1,0.055062
1,0.145982
1,0.287940
1,0.099041
1,0.454571
1,0.369655
1,0.081965
1,0.382473
1,0.817965
1,0.829876
1,0.717521
1,0.711619
1,0.804508
1,0.605358
1,0.610043
1,0.839408
1,0.390838
1,0.243192
1,0.512036
1,0.701917
1,0.036288
1,0.660987
1,0.285080
1,0.577261
1,0.347655
1,0.365092
1,0.654259
1,0.720929
1,0.865601
1,0.682954
1,0.505438
0,0.109400
0,0.138903
0,0.091251
0,0.136729
0,0.537112
0,0.070972
0,0.023575
0,0.431963
0,0.013493
0,0.104008
0,0.724000
0,0.119127
0,0.334415
0,0.071179
0,0.266816
0,0.111525
0,0.655666
0,0.476490
0,0.027490
0,0.160316
0,0.027281
0,0.037553
0,0.058818
0,0.149853
0,0.159553
0,0.695652
0,0.056687
0,0.158728
0,0.269254
0,0.193148
0,0.567136
0,0.232546
0,0.046884
0,0.051251
0,0.113738
0,0.051157
0,0.052375
0,0.111999
0,0.731911
0,0.065210
0,0.153217
0,0.018109
0,0.037920
0,0.587501
0,0.598770
0,0.123900
0,0.174792
0,0.140875
0,0.073198
0,0.149318
0,0.907636
0,0.014071
0,0.107413
0,0.312240
0,0.138890
0,0.064338
0,0.687692
0,0.237663
0,0.094802
0,0.011374
0,0.140950
0,0.050444
0,0.026813
0,0.021502
0,0.157773
0,0.013492
0,0.049371
0,0.291278
0,0.287482
0,0.089604
0,0.236610
0,0.143920
0,0.045935
0,0.053410
0,0.120735
0,0.266223
0,0.143364
0,0.018640
0,0.021404
0,0.034930
0,0.019388
0,0.014455
0,0.031892
0,0.012515
0,0.005917
0,0.015346
0,0.010169
0,0.028719
0,0.024147
0,0.032875
0,0.019083
0,0.011399
0,0.013686
0,0.015384
0,0.020346
0,0.006121
0,0.028671
0,0.006429
0,0.004553
0,0.023455
0,0.035979
0,0.030807
0,0.022811
0,0.006383
0,0.032096
0,0.010021
0,0.167741
0,0.078750
0,0.014139
0,0.055947
0,0.027444
0,0.009291
0,0.002501
0,0.022576
0,0.029396
0,0.005125
0,0.009685
0,0.009629
0,0.011657
0,0.015671
0,0.003939
0,0.003521
0,0.005375
0,0.022404
0,0.014638
0,0.027559
0,0.039731
0,0.080726
0,0.006776
0,0.076214
0,0.078384
0,0.023907
0,0.015552
0,0.011680
0,0.021804
0,0.069387
0,0.037097
0,0.039277
0,0.047941
0,0.048065
0,0.010945
0,0.059338
0,0.024765
0,0.014744
0,0.024005
0,0.035861
0,0.040894
0,0.026073
0,0.151222
0,0.097693
0,0.471638
0,0.026565
0,0.017609
0,0.032656
0,0.031835
0,0.028612
0,0.028210
0,0.211639
0,0.089269
0,0.058499
0,0.038139
0,0.128674
0,0.028581
0,0.025396
0,0.018085
0,0.015167
0,0.026208
0,0.041689
0,0.061763
0,0.052413
0,0.034983
0,0.169841
0,0.070763
0,0.071389
0,0.052523
0,0.046108
0,0.066422
0,0.117525
0,0.040152
0,0.011566
0,0.042777
0,0.140925
0,0.092350
0,0.267470
0,0.057016
0,0.046907
0,0.014018
0,0.012055
0,0.044219
0,0.024584
0,0.025291
0,0.016100
0,0.018326
0,0.055526
0,0.008800
0,0.037409
0,0.008487
0,0.013512
0,0.030985
0,0.046286
0,0.032932
0,0.013142
0,0.038609
0,0.024851
0,0.012023
0,0.008734
0,0.013011
0,0.016238
0,0.028510
0,0.072475
0,0.023677
0,0.018836
0,0.036465
0,0.154312
0,0.004473
0,0.066972
0,0.330437
0,0.033031
0,0.014270
0,0.012528
0,0.028124
0,0.026205
0,0.016320
0,0.042897
0,0.020813
0,0.016279
0,0.014316
0,0.019540
0,0.005617
0,0.036510
0,0.037936
0,0.016762
0,0.028920
0,0.163536
0,0.050734
0,0.062007
0,0.048754
0,0.056663
0,0.049213
0,0.017346
0,0.030480
0,0.177738
0,0.212761
0,0.434726
0,0.058249
0,0.036695
0,0.009859
0,0.015913
0,0.029446
0,0.024928
0,0.118013
0,0.226395
0,0.025777
0,0.168806
0,0.086073
0,0.076987
0,0.080406
0,0.189302
0,0.242638
0,0.776607
0,0.762208
0,0.553101
0,0.808749
0,0.324622
0,0.859200
0,0.896337
0,0.883891
0,0.944003
0,0.121571
0,0.342885
0,0.718695
0,0.401441
0,0.845924
0,0.616065
0,0.638864
0,0.938215
0,0.789756
0,0.758843
0,0.636577
0,0.500514
0,0.447655
0,0.785412
0,0.503356
0,0.827213
0,0.285811
0,0.673403
0,0.527736
0,0.617171
0,0.584685
0,0.806588
0,0.840218
0,0.835109
0,0.373241
0,0.885719
0,0.894594
0,0.939036
0,0.832737
0,0.817613
0,0.136512
0,0.180814
0,0.704106
0,0.685086
0,0.653827
0,0.410832
0,0.456783
0,0.779896
0,0.838964
0,0.620162
0,0.939081
0,0.954567
0,0.935548
0,0.626089
0,0.802603
0,0.160750
0,0.388254
0,0.518635
0,0.889577
0,0.919193
0,0.810544
0,0.947817
0,0.936564
0,0.963123
0,0.951629
0,0.591034
0,0.921754
0,0.980011
0,0.925719
0,0.945902
0,0.964484
0,0.829956
0,0.648295
0,0.550726
0,0.498072
0,0.814058
0,0.809977
0,0.776240
0,0.736075
0,0.143505
0,0.047319
0,0.196985
0,0.180650
0,0.857935
0,0.867287
0,0.989256
0,0.966515
0,0.856285
0,0.697694
0,0.882862
0,0.958827
0,0.951202
0,0.629045
0,0.709590
0,0.790819
0,0.775863
0,0.649808
0,0.721660
0,0.760494
0,0.124202
0,0.284393
0,0.297658
0,0.038249
0,0.142360
0,0.150232
0,0.695104
0,0.251761
0,0.184255
0,0.179011
0,0.090069
0,0.137336
0,0.026426
0,0.054152
0,0.072317
0,0.274508
0,0.063591
0,0.043963
0,0.082486
0,0.037671
0,0.327012
0,0.206568
0,0.062170
0,0.167307
0,0.105046
0,0.052367
0,0.089144
0,0.014688
0,0.016296
0,0.019242
0,0.026222
0,0.031823
0,0.098828
0,0.708778
0,0.040893
0,0.521716
0,0.065185
0,0.019390
0,0.087497
0,0.075798
0,0.081408
0,0.050021
0,0.088300
0,0.058967
0,0.118367
0,0.033111
0,0.024583
0,0.005426
0,0.031802
0,0.079957
0,0.015816
0,0.050677
0,0.140641
0,0.092864
0,0.089731
0,0.105172
0,0.037496
0,0.032967
0,0.022034
0,0.057821
0,0.021838
0,0.044162
0,0.032928
0,0.008055
0,0.011904
0,0.042093
0,0.035835
0,0.018674
0,0.088328
0,0.056247
0,0.029271
0,0.046301
0,0.085843
0,0.025690
0,0.017241
0,0.026114
0,0.120706
0,0.091063
0,0.079595
0,0.079545
0,0.093037
0,0.072777
0,0.056566
0,0.043173
0,0.066724
0,0.047514
0,0.029858
0,0.027415
0,0.109131
0,0.073904
0,0.044858
0,0.067160
0,0.471187
0,0.041295
0,0.093816
0,0.104291
0,0.073972
0,0.018578
0,0.017349
0,0.104870
0,0.019848
0,0.304545
0,0.697684
0,0.234380
0,0.157450
0,0.496221
0,0.439316
0,0.387979
0,0.102489
0,0.021803
0,0.173048
0,0.155936
0,0.226769
0,0.751887
0,0.657132
0,0.925267
0,0.665376
0,0.772148
0,0.729662
0,0.369363
0,0.059280
0,0.011203
0,0.198693
0,0.028414
0,0.007194
0,0.007124
0,0.004647
0,0.006866
0,0.004910
0,0.006761
0,0.016207
0,0.006103
0,0.014948
0,0.021539
0,0.834002
0,0.615687
0,0.269875
0,0.212086
0,0.277164
0,0.007441
0,0.090561
0,0.033258
0,0.020947
0,0.058848
0,0.009300
0,0.894444
0,0.347892
0,0.004591
0,0.006577
0,0.005190
0,0.007136
0,0.028367
0,0.003074
0,0.002009
0,0.002836
0,0.008326
0,0.002578
0,0.004009
0,0.020346
0,0.021715
0,0.092834
0,0.023525
0,0.017277
0,0.015213
0,0.011027
0,0.031442
0,0.021240
0,0.168861
0,0.011995
0,0.025275
0,0.014173
0,0.007896
0,0.016367
0,0.022394
0,0.073003
0,0.005767
0,0.008159
0,0.010579
0,0.003827
0,0.001892
0,0.006347
0,0.004903
0,0.011253
0,0.002771
0,0.009631
0,0.022646
0,0.017260
0,0.002563
0,0.019446
0,0.119111
0,0.042851
0,0.181999
0,0.194305
0,0.471639
0,0.257937
0,0.200262
0,0.044112
0,0.171007
0,0.095095
0,0.039521
1,0.740739
1,0.563282
1,0.824394
1,0.926961
1,0.664075
1,0.806408
1,0.909698
1,0.944989
1,0.875348
1,0.889001
1,0.824860
1,0.898174
1,0.864688
1,0.145325
1,0.376117
1,0.704947
1,0.576745
1,0.388162
1,0.464630
1,0.832158
1,0.378414
1,0.103516
1,0.526135
1,0.511769
1,0.045526
1,0.381435
1,0.072616
1,0.206663
1,0.281926
1,0.581179
1,0.428243
1,0.068409
1,0.387304
1,0.882464
1,0.128585
1,0.401404
1,0.285119
1,0.241883
1,0.298936
1,0.379494
1,0.284386
1,0.298467
1,0.872745
1,0.758071
1,0.295712
1,0.103717
1,0.525602
1,0.823931
1,0.836695
1,0.811070
1,0.500775
1,0.341682
1,0.527628
1,0.154558
1,0.144989
1,0.055127
1,0.183756
1,0.075020
1,0.525958
1,0.265485
1,0.553117
1,0.184737
1,0.366134
1,0.582373
1,0.696190
1,0.543902
1,0.636432
1,0.557699
1,0.639038
1,0.757599
1,0.740992
1,0.572984
1,0.756004
1,0.219268
1,0.200980
1,0.550444
1,0.674794
1,0.837108
1,0.523724
1,0.713398
1,0.697841
1,0.799171
1,0.761162
1,0.641333
1,0.453531
1,0.801826
1,0.319760
1,0.422131
1,0.631205
1,0.476064
1,0.887110
1,0.419682
1,0.541418
1,0.359390
1,0.626523
0,0.832744
0,0.799839
0,0.776340
0,0.857170
0,0.878272
0,0.668802
0,0.948050
0,0.915892
0,0.873581
0,0.741067
0,0.987000
0,0.887321
0,0.604685
0,0.864950
0,0.983054
0,0.777547
0,0.966910
0,0.598802
0,0.867628
0,0.334826
0,0.830852
0,0.327239
0,0.825323
0,0.945950
0,0.918863
0,0.942829
0,0.943532
0,0.787476
0,0.774555
0,0.392883
0,0.583605
0,0.639562
0,0.940797
0,0.861566
0,0.353488
0,0.284055
0,0.969460
0,0.918558
0,0.981444
0,0.918828
0,0.965045
0,0.874767
0,0.948439
0,0.964623
0,0.722633
0,0.956002
0,0.878562
0,0.801566
0,0.939738
0,0.889218
0,0.856421
0,0.969392
0,0.747232
0,0.027454
0,0.022383
0,0.048313
0,0.018754
0,0.028727
0,0.008051
0,0.014879
0,0.039006
0,0.032500
0,0.020056
0,0.048344
0,0.031833
0,0.022764
0,0.037258
0,0.011012
0,0.031529
0,0.020352
0,0.006374
0,0.023086
0,0.044093
0,0.012141
0,0.038015
0,0.029797
0,0.006772
0,0.027481
0,0.037559
0,0.079245
0,0.032394
0,0.034781
0,0.031167
0,0.064900
0,0.075456
0,0.015260
0,0.029224
0,0.057350
0,0.012796
0,0.010512
0,0.013992
0,0.011719
0,0.084154
0,0.069679
0,0.162196
0,0.088474
0,0.061467
0,0.061710
0,0.200448
0,0.037872
0,0.062916
0,0.017605
0,0.009920
0,0.007128
0,0.039694
0,0.037126
0,0.023773
0,0.007567
0,0.009199
0,0.018878
0,0.013518
0,0.026867
0,0.012697
0,0.060975
0,0.034992
0,0.032618
0,0.055699
0,0.013911
0,0.017233
0,0.027861
0,0.020796
0,0.073132
0,0.010767
0,0.023882
0,0.033831
0,0.015133
0,0.031538
0,0.054260
0,0.016325
0,0.041959
0,0.029408
0,0.016113
0,0.011957
0,0.023264
0,0.026437
0,0.022781
0,0.038612
0,0.014107
0,0.017075
0,0.076907
0,0.090057
0,0.081193
0,0.007847
0,0.260906
0,0.072000
0,0.028585
0,0.030230
0,0.053509
0,0.055200
0,0.058386
0,0.039691
0,0.047212
0,0.007084
1,0.527502
1,0.563752
1,0.450886
1,0.329642
1,0.417081
1,0.413162
1,0.127789
1,0.212032
1,0.111669
1,0.190907
1,0.096504
1,0.061829
1,0.657866
1,0.131943
1,0.620338
1,0.624581
1,0.270439
1,0.080935
1,0.191640
1,0.451186
1,0.566568
1,0.217050
1,0.050452
1,0.181822
1,0.226882
1,0.132069
1,0.145380
1,0.057420
1,0.162043
1,0.073852
1,0.085989
1,0.223095
1,0.057815
1,0.058714
1,0.038943
1,0.033675
1,0.219091
1,0.691391
1,0.103682
1,0.494804
1,0.240486
1,0.180787
1,0.078478
1,0.151144
1,0.284921
1,0.335678
1,0.109244
1,0.393708
1,0.072731
1,0.329269
1,0.301093
1,0.117709
1,0.179592
1,0.137447
1,0.703955
1,0.863730
1,0.497732
1,0.381518
1,0.162838
1,0.854741
1,0.155261
1,0.275370
1,0.534640
1,0.069132
1,0.865356
1,0.979206
1,0.965214
1,0.854898
1,0.873780
1,0.938910
1,0.620472
1,0.952625
1,0.934551
1,0.645799
1,0.850674
1,0.933884
1,0.791484
1,0.842121
1,0.776825
1,0.961775
1,0.847015
1,0.930273
1,0.950394
1,0.939881
1,0.979115
1,0.938877
1,0.918770
1,0.898003
1,0.982566
1,0.960222
1,0.993402
1,0.823725
1,0.973339
1,0.993916
1,0.927436
1,0.991039
1,0.981572
1,0.932330
1,0.944258
1,0.974570
1,0.915918
1,0.892372
1,0.982979
1,0.995223
1,0.958075
1,0.976551
1,0.844538
1,0.976590
1,0.906296
1,0.986070
1,0.876034
1,0.759748
1,0.927099
1,0.956846
1,0.891653
1,0.966679
1,0.969571
1,0.980447
1,0.651310
1,0.876556
1,0.932078
1,0.978166
1,0.948354
1,0.975417
1,0.934825
1,0.979853
1,0.970417
1,0.931133
1,0.966196
1,0.975201
1,0.990088
1,0.946328
1,0.928963
1,0.850956
1,0.014928
1,0.062930
1,0.163973
1,0.078278
1,0.075017
1,0.020432
1,0.055428
1,0.045175
1,0.244014
1,0.144633
1,0.871972
1,0.017342
1,0.022756
1,0.044812
1,0.008181
1,0.134122
1,0.053922
1,0.031067
1,0.019832
1,0.015344
1,0.027393
1,0.017017
1,0.091433
1,0.242422
1,0.302875
1,0.091153
1,0.060406
1,0.130680
1,0.146770
1,0.030402
1,0.100996
1,0.159727
1,0.103844
1,0.109913
1,0.425929
1,0.085655
1,0.125017
1,0.073755
1,0.051053
1,0.008602
1,0.028281
1,0.008127
1,0.015110
1,0.015182
1,0.011420
1,0.115406
1,0.020372
1,0.016886
1,0.042782
1,0.010497
1,0.038513
1,0.043408
1,0.014293
1,0.014488
1,0.036319
1,0.006636
1,0.048982
1,0.243681
1,0.018472
1,0.016611
1,0.115595
1,0.083294
1,0.044206
0,0.671525
0,0.732812
0,0.044877
0,0.506085
0,0.691206
0,0.719825
0,0.436013
0,0.339592
0,0.613166
0,0.244131
0,0.539196
0,0.247846
0,0.255450
0,0.490329
0,0.137012
0,0.421503
0,0.745665
0,0.619205
0,0.725747
0,0.691553
0,0.691254
0,0.853530
0,0.451256
0,0.635445
0,0.767650
0,0.237880
0,0.816043
0,0.227956
0,0.378698
0,0.676761
0,0.682019
0,0.378892
0,0.504863
0,0.326426
0,0.552168
0,0.400495
0,0.300111
0,0.309947
0,0.476470
0,0.437748
0,0.407498
0,0.181407
0,0.570706
0,0.323925
0,0.556266
0,0.279594
0,0.201796
0,0.224891
0,0.223749
0,0.046011
0,0.076166
0,0.143350
0,0.071395
0,0.308955
0,0.133880
0,0.109640
0,0.213711
0,0.064759
0,0.652671
0,0.490955
0,0.319873
0,0.203752
0,0.925687
0,0.835744
0,0.186583
0,0.148463
0,0.533717
0,0.364741
0,0.536361
0,0.160557
0,0.508816
0,0.124307
0,0.157961
0,0.350109
0,0.264197
0,0.370824
0,0.963181
0,0.124888
0,0.146505
0,0.705453
0,0.982809
0,0.984408
0,0.491708
0,0.792620
0,0.870076
0,0.938551
0,0.918010
0,0.027727
0,0.537379
0,0.656357
0,0.254409
0,0.047392
0,0.729622
0,0.571144
0,0.602658
0,0.201950
0,0.218955
0,0.872270
0,0.903649
0,0.063416
0,0.589341
0,0.224211
0,0.091370
0,0.109002
0,0.468879
0,0.194077
0,0.664853
0,0.296072
0,0.661945
0,0.528968
0,0.757873
0,0.766897
0,0.132429
0,0.907301
0,0.489187
0,0.922225
0,0.791579
0,0.770754
0,0.834179
0,0.742933
0,0.916345
0,0.335354
0,0.592240
0,0.564252
0,0.090938
0,0.368550
0,0.377450
0,0.662484
0,0.643163
0,0.683718
0,0.938625
0,0.981534
0,0.603638
0,0.881309
0,0.808916
0,0.497280
0,0.856174
0,0.678932
0,0.897715
0,0.447248
0,0.372981
0,0.262777
0,0.263752
0,0.501413
0,0.483808
0,0.730789
0,0.385155
0,0.613577
0,0.819853
0,0.782017
0,0.896974
0,0.815750
0,0.754071
0,0.538130
0,0.476988
0,0.129718
0,0.280470
1,0.853363
1,0.832573
1,0.801419
1,0.657962
1,0.896428
1,0.187885
1,0.721774
1,0.882158
1,0.880907
1,0.865833
1,0.710480
1,0.809977
1,0.596127
1,0.701524
1,0.843401
1,0.584515
1,0.890924
1,0.923673
1,0.609822
1,0.503771
1,0.340489
1,0.520441
1,0.640371
1,0.736804
1,0.906200
1,0.900794
1,0.853033
1,0.872010
1,0.371318
1,0.898084
1,0.633006
1,0.448439
1,0.845496
1,0.441154
1,0.434634
1,0.548412
1,0.872538
1,0.851605
1,0.557282
1,0.747173
1,0.815558
1,0.854141
1,0.886417
1,0.488437
1,0.849552
1,0.706278
1,0.605928
1,0.684249
1,0.684071
1,0.733160
1,0.594689
1,0.494276
1,0.531449
1,0.408119
1,0.711333
1,0.266962
1,0.509568
1,0.248370
1,0.111306
1,0.943709
1,0.840981
1,0.685401
1,0.599006
1,0.309363
1,0.432885
1,0.623878
1,0.769704
1,0.586236
1,0.681489
1,0.481837
1,0.450429
1,0.099910
1,0.325611
1,0.864196
1,0.713071
1,0.684738
1,0.725536
1,0.754108
1,0.696466
1,0.434678
1,0.166586
1,0.635723
1,0.714410
1,0.921182
1,0.831369
1,0.484544
1,0.117525
1,0.882194
1,0.855231
1,0.801084
1,0.749220
1,0.942038
1,0.950041
1,0.958437
1,0.843607
1,0.882983
1,0.850592
1,0.431335
1,0.075657
1,0.405301
1,0.732645
1,0.327404
1,0.169724
1,0.024467
1,0.224474
1,0.255694
1,0.163159
1,0.067964
1,0.329741
1,0.371881
1,0.872806
1,0.694228
1,0.210645
1,0.582659
1,0.315514
1,0.288328
1,0.477749
1,0.216174
1,0.478022
1,0.135572
1,0.650188
1,0.265491
1,0.637658
1,0.367484
1,0.264836
1,0.506865
1,0.675020
1,0.496821
1,0.282112
1,0.153469
1,0.490797
1,0.619906
1,0.124774
1,0.437424
1,0.424983
1,0.512291
1,0.225073
1,0.662234
1,0.539263
1,0.509182
1,0.710881
1,0.563210
1,0.601109
1,0.335155
1,0.459206
1,0.633303
1,0.794842
1,0.612391
1,0.308031
1,0.427477
1,0.374527
1,0.627940
1,0.323537
1,0.201193
1,0.209977
1,0.596439
1,0.326213
1,0.600779
1,0.423653
1,0.572628
1,0.820356
1,0.646296
1,0.471977
1,0.641830
1,0.472800
1,0.202222
1,0.671805
1,0.479360
1,0.439838
1,0.284468
1,0.621521
1,0.612993
1,0.584833
1,0.523881
1,0.518293
1,0.512033
1,0.546378
1,0.650217
1,0.585249
1,0.758972
1,0.272521
1,0.643158
1,0.394118
1,0.480875
1,0.468972
1,0.397108
1,0.348610
1,0.338444
1,0.667800
1,0.453369
1,0.183372
1,0.744233
1,0.533677
1,0.309944
1,0.714907
1,0.435852
1,0.515330
1,0.246529
1,0.472630
1,0.766574
1,0.018971
1,0.080534
1,0.024770
1,0.067817
1,0.045235
1,0.134040
1,0.052929
1,0.172794
1,0.038438
1,0.035676
1,0.035288
1,0.070393
1,0.113458
1,0.016969
1,0.037173
1,0.012038
1,0.034730
1,0.062658
1,0.018023
1,0.007720
1,0.036842
1,0.014229
1,0.009164
1,0.033564
1,0.066965
1,0.019524
1,0.029370
1,0.046700
1,0.045189
1,0.018054
1,0.016650
1,0.039280
1,0.108941
1,0.052713
1,0.010219
1,0.023544
1,0.024820
1,0.014234
1,0.016210
1,0.014041
1,0.006200
1,0.016146
1,0.024266
1,0.018433
1,0.096872
1,0.057267
1,0.071314
1,0.063661
1,0.021996
1,0.048354
1,0.043852
0,0.454805
0,0.783015
0,0.421871
0,0.164612
0,0.177370
0,0.835198
0,0.637676
0,0.949411
0,0.888369
0,0.940996
0,0.954603
0,0.735373
0,0.950769
0,0.146698
0,0.932113
0,0.727114
0,0.653193
0,0.498252
0,0.453148
0,0.696742
0,0.568537
0,0.497461
0,0.702025
0,0.349393
0,0.673016
0,0.048145
0,0.814764
0,0.832668
0,0.836195
0,0.247538
0,0.782076
0,0.853966
0,0.957339
0,0.967492
0,0.692693
0,0.673766
0,0.219323
0,0.469673
0,0.896005
0,0.626902
0,0.456240
0,0.858989
0,0.772070
0,0.563419
0,0.625469
0,0.949869
0,0.939268
0,0.875736
0,0.675254
0,0.981102
0,0.447219
0,0.360280
0,0.894453
0,0.781459
0,0.615355
0,0.529257
0,0.311413
0,0.914704
0,0.916301
0,0.948587
0,0.613476
0,0.468732
0,0.942116
0,0.328109
0,0.852959
0,0.739969
0,0.827591
0,0.603935
0,0.936170
0,0.869128
0,0.879182
0,0.913833
0,0.856309
0,0.911013
0,0.444917
0,0.807313
0,0.880772
0,0.497748
0,0.729439
0,0.263290
0,0.744660
0,0.843626
0,0.941780
0,0.719455
0,0.836584
0,0.737314
0,0.971869
0,0.974206
0,0.934322
0,0.879651
0,0.741279
0,0.282928
0,0.261770
0,0.158579
0,0.483373
0,0.598909
0,0.979007
0,0.822115
0,0.242533
0,0.905841
0,0.140692
0,0.598405
0,0.227684
0,0.414321
0,0.604574
0,0.054267
0,0.118278
0,0.054971
0,0.015868
0,0.035744
0,0.012554
0,0.532309
0,0.828201
0,0.330308
0,0.287064
0,0.198593
0,0.428742
0,0.096410
0,0.395137
0,0.687341
0,0.121450
0,0.008828
0,0.013150
0,0.193315
0,0.583065
0,0.556021
0,0.657888
0,0.301687
0,0.049307
0,0.031633
0,0.005037
0,0.032413
0,0.024203
0,0.021098
0,0.023509
0,0.007312
0,0.038669
0,0.424066
0,0.118734
0,0.092242
0,0.745066
0,0.104987
0,0.722547
0,0.801214
0,0.588999
0,0.024947
0,0.090335
0,0.015055
0,0.046107
0,0.129850
0,0.185122
0,0.351126
0,0.349421
0,0.058570
0,0.019102
0,0.079366
0,0.170903
0,0.626390
0,0.236428
0,0.211227
0,0.330153
0,0.081231
1,0.983250
1,0.958731
1,0.956620
1,0.439313
1,0.986723
1,0.998688
1,0.996546
1,0.991641
1,0.966897
1,0.962186
1,0.951737
1,0.898463
1,0.966254
1,0.918991
1,0.172992
1,0.978521
1,0.798312
1,0.838058
1,0.736626
1,0.924179
1,0.844368
1,0.554441
1,0.659237
1,0.459156
1,0.807202
1,0.961587
1,0.975878
1,0.894754
1,0.952474
1,0.948254
1,0.963799
1,0.601563
1,0.804735
1,0.796110
1,0.228280
1,0.906674
1,0.688349
1,0.507919
1,0.793381
1,0.505292
1,0.959616
1,0.960492
1,0.959724
1,0.906005
1,0.865486
1,0.994772
1,0.978554
1,0.994480
1,0.991896
1,0.987235
1,0.975056
1,0.985648
1,0.984625
1,0.909248
1,0.879972
1,0.927163
1,0.967679
1,0.970530
1,0.992753
1,0.948356
1,0.995134
1,0.975302
1,0.106741
1,0.013979
1,0.011821
1,0.024749
1,0.033284
1,0.255358
1,0.351649
1,0.528759
1,0.271054
1,0.282140
1,0.515615
1,0.360213
1,0.501425
1,0.354898
1,0.409246
1,0.122276
1,0.068374
1,0.037043
1,0.068466
1,0.017277
1,0.045084
1,0.069400
1,0.278278
1,0.442259
1,0.377422
1,0.078128
1,0.039721
1,0.170924
1,0.066268
1,0.054267
1,0.083316
1,0.248956
1,0.323993
1,0.098142
1,0.072474
1,0.312465
1,0.174817
1,0.066958
1,0.413325
1,0.526302
1,0.181821
1,0.327044
1,0.632360
1,0.805966
1,0.154497
1,0.675407
1,0.789454
1,0.794378
1,0.919718
1,0.274646
1,0.490744
1,0.043014
1,0.024245
1,0.047354
1,0.043424
1,0.345179
1,0.278313
1,0.369031
1,0.277437
1,0.249669
1,0.559636
1,0.856225
1,0.665307
1,0.327348
1,0.377090
1,0.514470
1,0.405618
1,0.186180
1,0.683566
1,0.396962
1,0.465477
1,0.245493
1,0.583045
1,0.341112
1,0.023161
1,0.067513
1,0.080710
1,0.047722
1,0.077349
1,0.037077
1,0.079017
1,0.028346
1,0.594080
1,0.340019
0,0.030143
0,0.042189
0,0.024578
0,0.043493
0,0.095793
0,0.024449
0,0.013898
0,0.029716
0,0.009993
0,0.006687
0,0.003052
0,0.010581
0,0.013763
0,0.004165
0,0.029455
0,0.006279
0,0.004563
0,0.005796
0,0.016083
0,0.029617
0,0.042064
0,0.071091
0,0.044231
0,0.031498
0,0.022089
0,0.045412
0,0.004371
0,0.044592
0,0.020132
0,0.031585
0,0.028605
0,0.023720
0,0.090019
0,0.085578
0,0.101891
0,0.366089
0,0.027319
0,0.123361
0,0.133234
0,0.022493
0,0.047537
0,0.105189
0,0.023873
0,0.096109
0,0.031466
0,0.097669
0,0.023053
0,0.078560
0,0.027012
0,0.120237
0,0.014050
0,0.091066
0,0.017966
0,0.009831
0,0.009927
0,0.006144
0,0.018347
0,0.011971
0,0.205116
0,0.020781
0,0.068806
0,0.035803
0,0.054139
0,0.004584
0,0.009286
0,0.032227
0,0.020542
0,0.065609
0,0.157620
0,0.182999
0,0.067544
0,0.137486
0,0.055490
0,0.026767
0,0.033739
0,0.348875
0,0.029412
0,0.025286
0,0.047395
0,0.055077
0,0.072320
0,0.056992
0,0.087654
0,0.116104
0,0.140635
0,0.027330
0,0.082237
0,0.100898
0,0.027473
0,0.216820
0,0.048525
0,0.014192
0,0.088258
0,0.079171
0,0.054754
0,0.066100
0,0.037944
0,0.053637
0,0.056954
0,0.110674
0,0.049417
0,0.036984
0,0.015617
0,0.070516
0,0.251175
0,0.277164
0,0.267731
0,0.544602
0,0.155676
0,0.239205
0,0.051200
0,0.114266
0,0.330442
0,0.154750
0,0.169435
0,0.111256
0,0.259524
0,0.086357
0,0.349472
0,0.730501
0,0.093627
0,0.256235
0,0.096267
0,0.151096
0,0.072664
0,0.424642
0,0.186917
0,0.155875
0,0.765144
0,0.579892
0,0.847156
0,0.672319
0,0.729018
0,0.439919
0,0.043561
0,0.100511
0,0.242165
0,0.029010
0,0.075430
0,0.067295
0,0.618567
0,0.038839
0,0.071769
0,0.034887
0,0.214060
0,0.291040
0,0.095160
0,0.098425
0,0.103840
0,0.213090
0,0.119532
0,0.132401
0,0.111471
0,0.041685
0,0.075684
0,0.061238
0,0.091654
0,0.062029
0,0.907605
0,0.884849
0,0.875512
0,0.893445
0,0.193170
0,0.418541
0,0.342764
0,0.371859
0,0.405665
0,0.067783
0,0.068246
0,0.045081
0,0.080657
0,0.038689
0,0.537503
0,0.877769
0,0.803197
0,0.458886
0,0.776828
0,0.793296
0,0.835820
0,0.600632
0,0.709531
0,0.432157
0,0.340984
0,0.723056
0,0.754618
0,0.367017
0,0.492861
0,0.548018
0,0.141847
0,0.113386
0,0.626254
0,0.476731
0,0.271719
0,0.518071
0,0.661619
0,0.062591
0,0.303951
1,0.039313
1,0.167457
1,0.149439
1,0.084750
1,0.150198
1,0.023927
1,0.112143
1,0.250309
1,0.063223
1,0.027228
1,0.098252
1,0.211767
1,0.107198
1,0.102169
1,0.033865
1,0.047304
1,0.081055
1,0.113057
1,0.080393
1,0.238326
1,0.124418
1,0.035120
1,0.513464
1,0.044106
1,0.034350
1,0.410299
1,0.171673
1,0.219703
1,0.161092
1,0.095750
1,0.316842
1,0.030772
1,0.059977
1,0.089981
1,0.045916
1,0.125919
1,0.023677
1,0.062375
1,0.342571
1,0.111178
1,0.397413
1,0.037840
1,0.147756
1,0.067305
1,0.113070
1,0.065994
1,0.109048
1,0.394194
1,0.098169
1,0.313344
1,0.234658
1,0.185871
1,0.175033
1,0.184511
1,0.122885
1,0.048409
1,0.133633
1,0.257879
1,0.245354
1,0.211590
1,0.131607
1,0.097604
1,0.085174
1,0.111662
1,0.056645
1,0.147687
1,0.102334
1,0.290814
1,0.268962
1,0.289751
1,0.294325
1,0.394794
1,0.240761
1,0.135789
1,0.192205
1,0.136724
1,0.127220
1,0.368553
1,0.135295
1,0.137752
1,0.047811
1,0.126043
1,0.101457
1,0.185017
1,0.079159
1,0.193774
1,0.125436
1,0.042686
1,0.139092
1,0.136052
1,0.206975
1,0.255854
1,0.040656
1,0.069052
1,0.129185
1,0.116464
1,0.097088
1,0.104110
1,0.092162
1,0.225738
1,0.372401
1,0.363596
1,0.436722
1,0.137639
1,0.020373
1,0.250945
1,0.010231
1,0.082922
1,0.009570
1,0.024545
1,0.067915
1,0.033023
1,0.605813
1,0.013469
1,0.224176
1,0.435781
1,0.739318
1,0.625287
1,0.016858
1,0.110402
1,0.024812
1,0.152905
1,0.066297
1,0.310460
1,0.792153
1,0.191601
1,0.809296
1,0.065968
1,0.281756
1,0.073128
1,0.195421
1,0.197984
1,0.673898
1,0.034891
1,0.013502
1,0.008039
1,0.021585
1,0.032783
1,0.020025
1,0.015752
1,0.030658
1,0.030278
1,0.044766
1,0.040079
1,0.081717
1,0.143273
1,0.029265
1,0.010309
1,0.020802
1,0.084196
1,0.704885
1,0.643644
1,0.026533
1,0.057639
1,0.063210
1,0.252396
1,0.051103
1,0.074682
1,0.257885
1,0.141712
1,0.036055
1,0.082930
1,0.013084
1,0.022770
1,0.053730
1,0.112754
1,0.040734
1,0.056763
1,0.042764
1,0.038000
1,0.103920
1,0.039498
1,0.067713
1,0.186647
1,0.026425
1,0.018461
1,0.063157
1,0.217891
1,0.103125
1,0.545099
1,0.040074
1,0.878069
1,0.801199
1,0.021978
1,0.794396
1,0.011453
1,0.017787
1,0.009305
1,0.596241
1,0.390781
1,0.018885
1,0.011710
1,0.781967
1,0.783138
1,0.699011
1,0.660948
1,0.862938
1,0.107038
1,0.148758
1,0.040065
1,0.053986
1,0.078855
1,0.072573
1,0.015883
1,0.058955
1,0.035762
1,0.052608
1,0.077107
1,0.022410
1,0.029529
1,0.026766
1,0.009760
1,0.041565
1,0.038493
1,0.016509
1,0.035813
1,0.018335
1,0.019969
1,0.025918
1,0.020878
1,0.017475
1,0.050986
1,0.044375
1,0.009009
1,0.029919
1,0.048680
1,0.023964
1,0.014888
1,0.099361
1,0.056948
1,0.029964
1,0.007671
1,0.012496
1,0.022796
1,0.071097
1,0.020068
1,0.031123
1,0.050354
1,0.046819
1,0.035659
1,0.021768
1,0.011711
1,0.062107
1,0.005509
1,0.030827
1,0.017358
1,0.019627
1,0.018818
1,0.021337
1,0.007755
1,0.002878
1,0.005901
1,0.019196
1,0.026501
1,0.036040
1,0.006979
1,0.004235
1,0.001588
1,0.000807
1,0.003147
1,0.013789
1,0.007070
1,0.004044
1,0.002314
1,0.003064
1,0.004059
1,0.003513
1,0.001328
1,0.005300
1,0.003613
1,0.001924
1,0.007377
1,0.006351
1,0.002686
1,0.012494
1,0.005396
1,0.011322
1,0.011789
1,0.078706
1,0.008037
1,0.006593
1,0.001452
1,0.001325
1,0.006652
1,0.007057
1,0.011258
1,0.002199
1,0.000820
1,0.002559
1,0.004676
1,0.005997
1,0.009948
1,0.002203
1,0.005021
0,0.014897
0,0.038782
0,0.019046
0,0.133931
0,0.013811
0,0.023926
0,0.024189
0,0.038212
0,0.019918
0,0.082117
0,0.157259
0,0.058858
0,0.129767
0,0.503314
0,0.207280
0,0.246011
0,0.091679
0,0.040649
0,0.019469
0,0.037933
0,0.263193
0,0.409900
0,0.067400
0,0.141737
0,0.080941
0,0.085523
0,0.072064
0,0.089752
0,0.054703
0,0.217946
0,0.074582
0,0.049695
0,0.036697
0,0.055045
0,0.040038
0,0.013661
0,0.010006
0,0.063169
0,0.016022
0,0.033832
0,0.099456
0,0.024284
0,0.029153
0,0.016253
0,0.060131
0,0.013035
0,0.005780
0,0.177804
0,0.056833
0,0.020912
0,0.027078
0,0.012813
0,0.002636
0,0.011732
0,0.028789
0,0.019132
0,0.010888
0,0.020355
0,0.003730
0,0.007180
0,0.018888
0,0.009863
0,0.024550
0,0.011153
0,0.085667
0,0.027896
0,0.108995
0,0.093125
0,0.055139
0,0.038792
0,0.108123
0,0.063734
0,0.100243
0,0.022900
0,0.433597
0,0.424616
0,0.161665
0,0.590343
0,0.336222
0,0.197625
0,0.441701
0,0.081325
0,0.144865
0,0.321209
0,0.100648
0,0.044847
0,0.097412
0,0.151131
0,0.046993
0,0.102055
0,0.129029
0,0.232334
0,0.098813
0,0.150282
0,0.075496
0,0.095794
0,0.027656
0,0.027386
0,0.065930
0,0.030438
0,0.022839
0,0.032443
0,0.026065
0,0.049872
0,0.025168
0,0.046177
0,0.039089
0,0.051829
0,0.042791
0,0.057979
0,0.115112
0,0.113405
0,0.040968
0,0.234948
0,0.083794
0,0.208507
0,0.175504
0,0.272774
0,0.174512
0,0.153626
0,0.272079
0,0.128234
0,0.128704
0,0.190667
0,0.109027
0,0.174526
0,0.190419
0,0.369345
0,0.231195
0,0.055297
0,0.060287
0,0.093677
0,0.490917
0,0.201516
0,0.063390
0,0.408806
0,0.160542
0,0.088362
0,0.123114
0,0.067502
0,0.054715
0,0.097985
1,0.221892
1,0.097833
1,0.069153
1,0.105023
1,0.472859
1,0.343568
1,0.199051
1,0.116248
1,0.147409
1,0.108623
1,0.073476
1,0.308221
1,0.317357
1,0.230841
1,0.128769
1,0.105817
1,0.042819
1,0.071132
1,0.131758
1,0.032543
1,0.041916
1,0.083147
1,0.023157
1,0.024514
1,0.048567
1,0.030890
1,0.051816
1,0.054045
1,0.026646
1,0.031966
1,0.379476
1,0.052825
1,0.091667
1,0.046033
1,0.022785
1,0.046079
1,0.109091
1,0.079290
1,0.051176
1,0.027988
1,0.015195
1,0.032001
1,0.073003
1,0.090827
1,0.078022
1,0.017280
1,0.086998
1,0.086529
1,0.232186
1,0.087359
1,0.063910
1,0.112310
1,0.035889
1,0.030125
1,0.042423
1,0.017892
1,0.028356
1,0.039516
1,0.015646
1,0.017926
1,0.123475
1,0.038524
1,0.038284
1,0.053735
1,0.075437
1,0.037626
1,0.042347
1,0.045500
1,0.048548
1,0.054581
1,0.056598
1,0.008805
1,0.018150
1,0.032654
1,0.028830
1,0.051419
1,0.028722
1,0.049273
1,0.018386
1,0.165878
1,0.059523
1,0.061372
1,0.088946
1,0.070479
1,0.162889
1,0.128343
1,0.314850
1,0.168498
1,0.304585
1,0.735398
1,0.084082
1,0.041902
1,0.029159
1,0.181852
1,0.027493
1,0.024222
1,0.028391
1,0.028556
1,0.078633
1,0.154306
0,0.020108
0,0.026627
0,0.042382
0,0.025877
0,0.001527
0,0.020664
0,0.022294
0,0.005936
0,0.050836
0,0.005151
0,0.006321
0,0.079845
0,0.015529
0,0.013217
0,0.048358
0,0.031237
0,0.011843
0,0.018251
0,0.008316
0,0.006783
0,0.009718
0,0.011655
0,0.017005
0,0.010473
0,0.013026
0,0.045343
0,0.013256
0,0.043361
0,0.092032
0,0.363796
0,0.114197
0,0.018234
0,0.128679
0,0.070530
0,0.018880
0,0.110184
0,0.183206
0,0.017612
0,0.025212
0,0.023503
0,0.024644
0,0.040385
0,0.028838
0,0.021785
0,0.033312
0,0.028042
0,0.053850
0,0.060695
0,0.026775
0,0.018668
0,0.017805
0,0.015727
0,0.027598
0,0.016500
0,0.035965
0,0.064536
0,0.038596
0,0.052495
0,0.018612
0,0.097909
0,0.222677
0,0.261639
0,0.584584
0,0.418456
0,0.085328
0,0.116339
0,0.502769
0,0.337653
0,0.484683
0,0.224908
0,0.295331
0,0.390338
0,0.695825
0,0.767784
0,0.064151
0,0.515169
0,0.070963
0,0.061323
0,0.041414
0,0.055050
0,0.032048
0,0.132160
0,0.039982
0,0.076829
0,0.033942
0,0.013690
0,0.022833
0,0.011501
0,0.012828
0,0.026536
0,0.014460
0,0.200396
0,0.293905
0,0.059795
0,0.024271
0,0.024721
0,0.024599
0,0.020504
0,0.033468
0,0.046136
0,0.047101
0,0.016885
0,0.022249
0,0.016530
0,0.046749
0,0.155527
0,0.066117
0,0.068633
0,0.055651
0,0.026546
0,0.124999
0,0.018488
0,0.024670
0,0.031321
0,0.017993
0,0.023059
0,0.094989
0,0.084968
0,0.018570
0,0.009075
0,0.039473
0,0.018429
0,0.025847
0,0.019744
0,0.008488
0,0.011165
0,0.010276
0,0.015455
0,0.027184
0,0.053245
0,0.072740
0,0.037891
0,0.014925
0,0.050598
0,0.128738
0,0.073244
0,0.041022
0,0.016732
0,0.121481
0,0.026152
0,0.218844
0,0.146911
0,0.243039
0,0.086947
0,0.312951
0,0.169691
0,0.375199
0,0.214012
0,0.692732
0,0.048910
0,0.211508
0,0.326875
0,0.181719
0,0.030987
0,0.134676
0,0.343362
0,0.242583
0,0.185069
0,0.069128
0,0.024935
0,0.181931
0,0.053017
0,0.257918
0,0.201420
0,0.054178
0,0.051270
0,0.029276
0,0.073339
0,0.012967
0,0.029077
0,0.014517
0,0.083108
0,0.093515
0,0.166532
0,0.061660
0,0.045890
0,0.146911
0,0.094226
0,0.225439
0,0.065846
0,0.033731
0,0.084194
0,0.020007
0,0.030316
0,0.033730
0,0.031895
0,0.011741
0,0.014311
0,0.009955
0,0.250877
0,0.114708
0,0.114624
0,0.056710
0,0.012062
0,0.071644
0,0.117029
0,0.066049
0,0.066966
0,0.018633
0,0.072763
0,0.023950
0,0.055896
0,0.017622
0,0.024489
0,0.045883
0,0.015133
0,0.040873
0,0.018952
0,0.013255
0,0.034563
0,0.034445
0,0.041251
0,0.020603
0,0.033704
0,0.110483
0,0.018529
0,0.022114
0,0.020261
0,0.065356
0,0.035901
0,0.207517
0,0.079605
0,0.047617
0,0.056334
0,0.103353
0,0.048308
0,0.047722
0,0.247387
0,0.043140
0,0.038178
0,0.026917
0,0.019499
0,0.046058
0,0.632967
0,0.044991
0,0.065368
0,0.037117
0,0.097544
0,0.139298
0,0.034025
0,0.118411
0,0.084586
0,0.092340
0,0.031631
0,0.072488
0,0.088496
0,0.044287
0,0.345143
0,0.037865
0,0.079312
0,0.039275
0,0.057272
0,0.041209
0,0.026837
0,0.083222
0,0.038575
0,0.055647
0,0.983225
0,0.994533
0,0.944577
0,0.952024
0,0.975655
0,0.901346
0,0.990641
0,0.958834
0,0.990538
0,0.974134
0,0.995770
0,0.995696
0,0.987590
0,0.990711
0,0.998017
0,0.997052
0,0.989732
0,0.979737
0,0.992595
0,0.996662
0,0.980710
0,0.975337
0,0.923044
0,0.918961
0,0.848942
0,0.663957
0,0.981821
0,0.972189
0,0.965874
0,0.967480
0,0.977116
0,0.904913
0,0.988214
0,0.964772
0,0.917162
0,0.908698
0,0.956650
0,0.958862
0,0.959174
0,0.978961
0,0.991355
0,0.981746
0,0.996435
0,0.995598
0,0.990489
0,0.994689
0,0.997535
0,0.980195
0,0.934906
0,0.959743
0,0.991649
0,0.992700
0,0.989620
0,0.978705
0,0.972242
0,0.952935
0,0.982059
0,0.980562
0,0.983953
0,0.990148
0,0.992137
0,0.979120
0,0.955334
0,0.972516
0,0.906260
0,0.961197
0,0.966991
0,0.953014
0,0.978229
0,0.934457
0,0.972164
0,0.973187
0,0.947581
0,0.952104
0,0.985933
0,0.941407
0,0.984772
0,0.974307
0,0.994305
0,0.979846
0,0.990485
0,0.959020
0,0.996002
0,0.987585
0,0.996887
0,0.978041
1,0.970724
1,0.747881
1,0.502347
1,0.885612
1,0.650197
1,0.586350
1,0.860913
1,0.947711
1,0.869965
1,0.892765
1,0.879711
1,0.785614
1,0.872788
1,0.859944
1,0.796101
1,0.822396
1,0.486099
1,0.846263
1,0.698715
1,0.438259
1,0.947593
1,0.929622
1,0.970531
1,0.939704
1,0.907352
1,0.957025
1,0.952129
1,0.958887
1,0.920754
1,0.886795
1,0.946128
1,0.051070
1,0.048343
1,0.041742
1,0.026111
1,0.036780
1,0.019638
1,0.056362
1,0.194688
1,0.035899
1,0.026589
1,0.020711
1,0.043758
1,0.020718
1,0.086605
1,0.031902
1,0.020733
1,0.020907
1,0.012060
1,0.045088
1,0.167737
1,0.040430
1,0.143459
1,0.042558
1,0.187008
1,0.045910
1,0.041206
1,0.052641
1,0.053725
1,0.194838
1,0.115283
1,0.126889
1,0.038661
1,0.015057
1,0.076023
1,0.026078
1,0.005159
1,0.102023
1,0.082597
1,0.012119
1,0.074793
1,0.030908
1,0.022410
1,0.019638
1,0.071483
1,0.052378
1,0.043119
1,0.031497
1,0.030069
1,0.055378
1,0.078018
1,0.089469
1,0.033680
1,0.025380
1,0.060293
1,0.014891
1,0.141320
1,0.119072
1,0.035461
1,0.053660
1,0.025713
1,0.036582
1,0.013702
1,0.020376
1,0.004798
1,0.006851
1,0.011855
1,0.013403
1,0.010324
1,0.009148
1,0.011076
1,0.039915
1,0.092749
1,0.091322
0,0.020433
0,0.058795
0,0.066981
0,0.146876
0,0.592668
0,0.393330
0,0.186343
0,0.025038
0,0.130593
0,0.103058
0,0.054930
0,0.034724
0,0.049777
0,0.201140
0,0.431157
0,0.118190
0,0.094629
0,0.022438
0,0.486546
0,0.152580
0,0.163538
0,0.026359
0,0.265510
0,0.395789
0,0.545206
0,0.239770
0,0.092960
0,0.020447
0,0.057925
0,0.276382
0,0.143957
0,0.160008
0,0.146728
0,0.194406
0,0.059144
0,0.089750
0,0.090501
0,0.036946
0,0.036586
0,0.112985
0,0.040368
0,0.211461
0,0.042181
0,0.096955
0,0.060268
0,0.251973
0,0.143166
0,0.048177
0,0.074236
0,0.049696
0,0.034376
0,0.025868
0,0.012851
0,0.023156
1,0.009399
1,0.005481
1,0.015866
1,0.004813
1,0.015068
1,0.067674
1,0.014073
1,0.005753
1,0.017048
1,0.008293
1,0.013889
1,0.024174
1,0.014032
1,0.014121
1,0.002200
1,0.007616
1,0.006167
1,0.009151
1,0.007464
1,0.015284
1,0.008863
1,0.008266
1,0.013580
1,0.012555
1,0.011080
1,0.006124
1,0.018610
1,0.010309
1,0.013265
1,0.007819
1,0.012371
1,0.012856
1,0.007495
1,0.020511
1,0.013533
1,0.014868
1,0.021225
1,0.015613
1,0.009392
1,0.009606
1,0.015909
1,0.013817
1,0.013089
1,0.017119
1,0.011284
1,0.008374
1,0.011638
1,0.021794
1,0.010128
1,0.011724
1,0.020348
1,0.022064
1,0.007208
1,0.006623
1,0.003454
1,0.034445
1,0.020509
1,0.022326
1,0.016598
1,0.025170
1,0.010169
1,0.006787
1,0.008568
1,0.003377
1,0.011015
1,0.008950
1,0.004141
1,0.006215
1,0.009121
1,0.015382
1,0.006970
1,0.008781
1,0.011503
1,0.017475
1,0.004316
1,0.004836
1,0.007950
1,0.007311
1,0.009466
1,0.009304
1,0.010062
1,0.011563
1,0.006228
1,0.012578
1,0.007288
1,0.003181
1,0.002950
1,0.009051
1,0.002637
1,0.024485
1,0.004132
1,0.005035
1,0.009689
1,0.006000
1,0.004962
1,0.005544
1,0.004407
1,0.005945
0,0.006313
0,0.016252
0,0.004241
0,0.003841
0,0.005087
0,0.006501
0,0.007712
0,0.005847
0,0.003198
0,0.004948
0,0.002482
0,0.015235
0,0.007009
0,0.005538
0,0.007683
0,0.004083
0,0.003501
0,0.004661
0,0.005524
0,0.011540
0,0.039073
0,0.018122
0,0.014934
0,0.011101
0,0.015264
0,0.072026
0,0.019498
0,0.040882
0,0.090279
0,0.119936
0,0.139813
0,0.027062
0,0.035053
0,0.015111
0,0.014342
0,0.001594
0,0.005694
0,0.013000
0,0.054752
0,0.012415
0,0.005580
0,0.009863
0,0.012837
0,0.019775
0,0.006524
0,0.006887
0,0.011207
0,0.033463
0,0.009744
0,0.017224
0,0.021030
0,0.028464
0,0.018104
0,0.013743
0,0.047698
0,0.040117
0,0.038192
0,0.007023
0,0.036508
0,0.003956
0,0.008870
0,0.010739
0,0.025040
0,0.005139
0,0.006356
0,0.024342
0,0.009856
0,0.016806
0,0.010267
0,0.023823
0,0.003489
0,0.020089
0,0.012476
0,0.005378
0,0.010459
0,0.005796
0,0.002185
0,0.014196
0,0.017730
0,0.021949
0,0.016721
0,0.010826
0,0.096495
0,0.218657
0,0.291363
0,0.811716
0,0.672395
0,0.865212
0,0.734705
0,0.616922
0,0.880132
0,0.458630
0,0.158866
0,0.878677
0,0.210233
0,0.183843
0,0.715998
0,0.240609
0,0.796953
0,0.736372
0,0.596764
0,0.092206
0,0.104036
0,0.076460
0,0.044233
0,0.330183
0,0.087628
0,0.166496
0,0.551379
0,0.557093
0,0.875513
0,0.193083
0,0.560637
0,0.693642
0,0.370764
0,0.732890
0,0.662286
0,0.347221
0,0.069912
0,0.087682
0,0.118505
0,0.045697
0,0.727386
0,0.624287
0,0.071213
0,0.287379
0,0.142145
0,0.819934
0,0.929441
0,0.898958
0,0.927938
0,0.727206
0,0.304910
1,0.037169
1,0.480482
1,0.582688
1,0.146837
1,0.492392
1,0.819477
1,0.352664
1,0.470314
1,0.690703
1,0.369702
1,0.298971
1,0.787202
1,0.047427
1,0.684802
1,0.429430
1,0.313744
1,0.563579
1,0.542899
1,0.075065
1,0.299276
1,0.293244
1,0.176941
1,0.241460
1,0.788720
1,0.404117
1,0.604003
1,0.354127
1,0.289206
1,0.729675
1,0.081194
1,0.281996
1,0.227206
1,0.339974
1,0.564041
1,0.771851
1,0.540645
1,0.732064
1,0.690824
1,0.775290
1,0.738982
1,0.433557
1,0.696126
1,0.667589
1,0.813175
1,0.445233
1,0.574897
1,0.830314
1,0.402208
1,0.723455
1,0.395761
1,0.382574
1,0.577967
1,0.412481
1,0.730863
1,0.490760
1,0.189530
1,0.189699
1,0.160408
1,0.167676
1,0.058895
1,0.152584
1,0.502850
1,0.511442
1,0.247895
1,0.512902
1,0.472584
1,0.248029
1,0.379037
1,0.491277
1,0.785417
1,0.221706
1,0.357422
1,0.054118
1,0.194826
1,0.307775
1,0.299993
1,0.437875
1,0.660652
1,0.306505
1,0.582798
1,0.342447
1,0.466610
1,0.294747
1,0.290575
1,0.536467
1,0.686356
1,0.766228
1,0.680531
1,0.245767
1,0.698084
1,0.132880
1,0.177216
1,0.637886
1,0.733156
1,0.750601
1,0.647922
1,0.601511
1,0.879207
1,0.776593
1,0.116825
1,0.360606
1,0.136175
1,0.551277
1,0.701139
1,0.281529
1,0.147220
1,0.474122
1,0.070619
1,0.097003
1,0.033979
1,0.013860
1,0.574991
1,0.043898
1,0.792341
1,0.883603
1,0.379627
1,0.016162
1,0.082238
1,0.314329
1,0.103917
1,0.060905
1,0.096621
1,0.799891
1,0.236827
1,0.417767
1,0.015751
1,0.078388
1,0.064898
1,0.076041
1,0.063955
1,0.035606
1,0.355700
1,0.563567
1,0.111963
1,0.654582
1,0.113222
1,0.049209
1,0.161948
1,0.760593
1,0.034739
1,0.531257
1,0.775201
1,0.060616
1,0.591786
1,0.398075
1,0.059048
1,0.177527
1,0.032954
1,0.722637
1,0.589536
1,0.047867
1,0.124931
1,0.091979
1,0.099005
1,0.027661
1,0.022272
1,0.128281
1,0.659061
1,0.698778
1,0.748784
1,0.169600
1,0.632271
1,0.079666
1,0.669065
1,0.256426
1,0.525482
1,0.492814
1,0.235061
1,0.490871
1,0.128341
1,0.018808
1,0.118275
1,0.642752
1,0.728665
1,0.170285
1,0.265514
1,0.038613
1,0.665551
1,0.045877
1,0.024730
1,0.055728
1,0.020863
1,0.094454
1,0.382496
0,0.924020
0,0.610318
0,0.838847
0,0.398450
0,0.951256
0,0.719780
0,0.319962
0,0.076126
0,0.873592
0,0.236683
0,0.603187
0,0.238842
0,0.459002
0,0.128282
0,0.070176
0,0.247752
0,0.272311
0,0.455170
0,0.221844
0,0.067818
0,0.384243
0,0.249880
0,0.719381
0,0.465632
0,0.157829
0,0.193570
0,0.287802
0,0.082357
0,0.561498
0,0.082649
0,0.758433
0,0.520794
0,0.769237
0,0.152815
0,0.309950
0,0.886834
0,0.830016
0,0.619933
0,0.496153
0,0.370973
0,0.795868
0,0.411732
0,0.333157
0,0.471476
0,0.649460
0,0.178240
0,0.160765
0,0.356291
0,0.202086
0,0.410183
0,0.072795
0,0.031670
0,0.098602
0,0.209560
0,0.747046
0,0.431881
0,0.592849
0,0.860637
0,0.391470
0,0.867054
0,0.888452
0,0.368985
0,0.858887
0,0.120201
0,0.140906
0,0.045309
0,0.121357
0,0.587525
0,0.611132
0,0.640317
