y_true,y_prob
1,0.060761
1,0.012267
1,0.024543
1,0.007210
1,0.027898
1,0.002640
1,0.139266
1,0.023766
1,0.023521
1,0.034865
1,0.057245
1,0.145636
1,0.019862
1,0.388035
1,0.070666
1,0.025701
1,0.091481
1,0.263307
1,0.046757
1,0.009867
1,0.277964
1,0.012300
1,0.003404
1,0.009177
1,0.012374
1,0.006744
1,0.034419
1,0.063848
1,0.005244
1,0.007722
1,0.020929
1,0.008031
1,0.013099
1,0.006186
1,0.176114
1,0.004959
1,0.013254
1,0.058554
1,0.004857
1,0.005149
1,0.016320
1,0.005777
1,0.012171
1,0.004869
1,0.007328
1,0.015104
1,0.009187
1,0.019262
1,0.005731
1,0.033998
1,0.004160
1,0.032226
1,0.082132
1,0.015856
1,0.188533
1,0.046795
1,0.122807
1,0.012008
1,0.013902
1,0.018285
1,0.010731
1,0.011651
1,0.203049
1,0.013384
1,0.132173
1,0.120705
1,0.044893
1,0.017762
1,0.007183
0,0.130855
0,0.011471
0,0.005897
0,0.111496
0,0.004533
0,0.024438
0,0.005347
0,0.000936
0,0.001364
0,0.004745
0,0.005151
0,0.002132
0,0.002027
0,0.005476
0,0.003091
0,0.027749
0,0.008996
0,0.007060
0,0.007347
0,0.008641
0,0.090401
0,0.010892
0,0.016749
0,0.038214
0,0.095750
0,0.056307
0,0.025484
0,0.027224
0,0.084561
0,0.030207
0,0.002386
0,0.004170
0,0.004948
0,0.021971
0,0.166060
0,0.015887
0,0.072041
0,0.001337
0,0.110096
0,0.042962
0,0.038719
0,0.098680
0,0.028194
0,0.073842
0,0.020789
0,0.027002
0,0.048402
0,0.058150
0,0.132383
0,0.075269
0,0.064753
0,0.072236
0,0.066418
0,0.173660
0,0.055148
0,0.004174
0,0.003406
0,0.010835
0,0.001632
0,0.077259
0,0.009610
0,0.085103
0,0.019639
0,0.021605
0,0.007461
0,0.002493
0,0.005294
0,0.001019
0,0.010375
0,0.005923
0,0.024885
0,0.074745
0,0.515079
0,0.038559
0,0.049781
0,0.222706
0,0.107868
0,0.004691
0,0.058297
0,0.045576
0,0.103552
0,0.123491
0,0.021194
0,0.466409
0,0.035818
0,0.009304
0,0.003921
0,0.013370
0,0.029903
0,0.049662
0,0.005081
0,0.006730
0,0.005398
0,0.001499
0,0.006762
0,0.037892
0,0.009240
0,0.035953
0,0.016060
0,0.004159
0,0.097074
0,0.006448
0,0.002543
0,0.009493
0,0.053311
0,0.002667
0,0.013431
0,0.001499
0,0.004628
0,0.004058
0,0.003074
0,0.077401
0,0.029849
0,0.004112
0,0.047762
0,0.320387
0,0.042453
0,0.132488
0,0.051978
0,0.107212
0,0.019702
0,0.083983
0,0.013785
0,0.013025
0,0.052115
0,0.265158
0,0.156365
0,0.306105
0,0.247065
0,0.456740
0,0.296420
0,0.021519
0,0.050930
0,0.088437
0,0.007041
0,0.078051
0,0.034024
0,0.259550
0,0.057355
0,0.007492
0,0.040718
0,0.004234
0,0.009040
0,0.179426
0,0.070354
0,0.037817
0,0.063043
0,0.210600
0,0.016333
0,0.016012
0,0.005057
0,0.013271
0,0.005258
0,0.030968
0,0.007095
0,0.038461
0,0.003453
0,0.008819
0,0.001878
0,0.004072
0,0.005498
0,0.013659
0,0.001533
0,0.019512
0,0.124309
0,0.553838
0,0.478278
0,0.211806
0,0.557274
0,0.527317
0,0.444945
0,0.254251
0,0.494951
0,0.354584
0,0.077893
0,0.407185
0,0.321526
0,0.589616
0,0.200670
0,0.009225
0,0.009991
0,0.002054
0,0.016042
0,0.026545
0,0.089009
0,0.032365
0,0.375156
0,0.011863
0,0.013668
0,0.167007
0,0.036850
0,0.244032
0,0.386000
0,0.131884
0,0.010859
0,0.023066
0,0.247811
0,0.028568
0,0.470349
0,0.005246
1,0.006490
1,0.001929
1,0.003514
1,0.008344
1,0.005201
1,0.000431
1,0.006858
1,0.003018
1,0.006743
1,0.003574
1,0.014426
1,0.006024
1,0.001292
1,0.007814
1,0.002116
1,0.002373
1,0.010024
1,0.000253
1,0.000523
1,0.009095
1,0.006609
1,0.001669
1,0.001654
1,0.001304
1,0.002308
1,0.001521
1,0.000315
1,0.003556
1,0.000523
1,0.003612
1,0.002835
1,0.002012
1,0.001802
1,0.001419
1,0.004306
1,0.012515
1,0.028428
1,0.002597
1,0.001844
1,0.001604
1,0.005559
1,0.001009
1,0.006392
1,0.001567
1,0.002619
1,0.008540
1,0.003622
1,0.006685
1,0.004262
1,0.000273
1,0.001052
1,0.002073
1,0.002680
1,0.000906
1,0.016258
1,0.008010
1,0.009162
1,0.005330
1,0.000821
1,0.002450
1,0.002016
1,0.001715
0,0.023748
0,0.134608
0,0.018833
0,0.012244
0,0.034535
0,0.050957
0,0.043238
0,0.069539
0,0.009576
0,0.006545
0,0.062771
0,0.001336
0,0.681236
0,0.067769
0,0.006958
0,0.063892
0,0.003380
0,0.219325
0,0.020524
0,0.005578
0,0.118920
0,0.044917
0,0.006965
0,0.133120
0,0.083164
0,0.291607
0,0.033736
0,0.131967
0,0.113890
0,0.023551
0,0.059641
0,0.027079
0,0.011031
0,0.013842
0,0.061976
0,0.519903
0,0.076335
0,0.506783
0,0.132482
0,0.483317
0,0.051473
0,0.041989
0,0.271205
0,0.055091
0,0.459520
0,0.093594
0,0.170139
0,0.524862
0,0.359527
0,0.552144
0,0.546889
0,0.271690
0,0.195987
0,0.274293
0,0.230182
0,0.806293
0,0.166147
0,0.017789
0,0.421194
0,0.352338
0,0.357455
0,0.185478
0,0.310951
0,0.092749
0,0.091220
0,0.040084
0,0.463501
0,0.432039
0,0.689420
0,0.135636
0,0.259299
0,0.334103
0,0.401211
0,0.086909
0,0.148116
0,0.651239
0,0.149906
0,0.194207
0,0.013427
0,0.262167
0,0.071088
0,0.621003
0,0.670369
0,0.471332
0,0.237503
0,0.441899
0,0.494942
0,0.618989
0,0.485331
0,0.416117
0,0.279509
0,0.417250
0,0.159077
0,0.596691
0,0.680441
0,0.339002
0,0.674224
0,0.519788
0,0.227432
0,0.775047
0,0.564193
0,0.580880
0,0.285514
0,0.030380
0,0.581797
0,0.136762
0,0.105739
0,0.138123
0,0.254165
0,0.265361
0,0.664810
0,0.269710
0,0.284483
0,0.055618
0,0.393052
0,0.388938
0,0.498188
0,0.689691
0,0.133889
0,0.009650
0,0.060582
0,0.019439
0,0.112147
0,0.071114
0,0.160976
0,0.027876
0,0.015647
0,0.168822
0,0.007531
0,0.041105
0,0.040753
0,0.016768
0,0.004801
0,0.013303
0,0.157723
0,0.010301
0,0.020310
0,0.036632
0,0.005290
0,0.018706
0,0.276141
0,0.106172
0,0.005728
0,0.008181
0,0.011796
0,0.062509
0,0.034288
0,0.044306
0,0.022691
0,0.037058
0,0.015842
0,0.039587
0,0.179816
0,0.155300
0,0.031815
0,0.334493
0,0.079857
0,0.025879
0,0.006498
0,0.006417
0,0.018519
0,0.026255
0,0.007476
0,0.123092
0,0.094117
0,0.011061
0,0.014879
0,0.040189
0,0.080550
0,0.007470
0,0.031569
0,0.048203
0,0.078496
0,0.007819
0,0.027129
0,0.008815
0,0.010955
0,0.008522
0,0.010549
0,0.003214
0,0.005636
0,0.001712
0,0.023761
0,0.014655
0,0.189901
0,0.469072
0,0.002896
0,0.010553
0,0.268479
0,0.032417
0,0.067886
0,0.047188
0,0.024632
0,0.102675
0,0.028961
0,0.003924
0,0.089016
0,0.023112
0,0.160991
0,0.199670
0,0.009343
0,0.067101
0,0.025292
0,0.047757
0,0.116377
0,0.043225
0,0.045209
0,0.109349
0,0.057919
0,0.003325
0,0.110343
0,0.027086
0,0.234618
0,0.340088
0,0.006769
0,0.838588
0,0.020156
0,0.021411
0,0.977890
0,0.839367
0,0.616757
0,0.992440
0,0.869374
0,0.898570
0,0.825240
0,0.921906
0,0.982985
0,0.526655
0,0.958362
0,0.993721
0,0.722107
0,0.223592
0,0.988770
0,0.758137
0,0.981372
0,0.164507
0,0.441152
0,0.989473
0,0.980900
0,0.998721
0,0.233037
0,0.814722
0,0.233004
0,0.490969
0,0.670969
0,0.524209
0,0.287988
0,0.737272
0,0.037986
0,0.504549
0,0.775452
0,0.046411
0,0.111582
0,0.338015
0,0.273942
0,0.013145
0,0.008756
0,0.001989
0,0.736050
0,0.007609
0,0.031421
0,0.016335
0,0.001717
0,0.150436
0,0.009113
0,0.747376
0,0.031646
0,0.020067
0,0.015998
0,0.008209
0,0.001952
0,0.002686
0,0.021217
0,0.019433
0,0.050230
0,0.028092
0,0.092964
0,0.125618
0,0.360393
0,0.779153
0,0.061242
0,0.162446
0,0.980260
0,0.821244
0,0.506420
0,0.214982
0,0.032896
0,0.146618
0,0.977045
0,0.980887
0,0.385520
0,0.909816
0,0.991209
0,0.135978
0,0.289484
0,0.359444
0,0.937324
0,0.931804
0,0.927391
0,0.982208
0,0.978046
0,0.924689
0,0.921533
0,0.978446
0,0.962800
0,0.727275
0,0.954048
0,0.503563
0,0.012655
0,0.025941
0,0.465410
0,0.294001
0,0.907324
0,0.841539
0,0.701356
0,0.909055
0,0.852314
0,0.409089
1,0.493074
1,0.089358
1,0.115262
1,0.938615
1,0.371800
1,0.034579
1,0.153494
1,0.363837
1,0.486807
1,0.610118
1,0.460933
1,0.334299
1,0.075071
1,0.024267
1,0.012673
1,0.358433
1,0.006422
1,0.031836
1,0.908937
1,0.971244
1,0.963901
1,0.141077
1,0.197198
1,0.743497
1,0.992536
1,0.961715
1,0.484245
1,0.234898
1,0.105673
1,0.098711
1,0.257503
1,0.077226
1,0.835818
1,0.990837
1,0.493932
1,0.109142
1,0.031467
1,0.094716
1,0.832301
1,0.971989
1,0.023594
1,0.038176
1,0.026831
1,0.028873
1,0.839792
1,0.286276
1,0.541507
1,0.261893
1,0.124517
1,0.031766
1,0.117160
1,0.481704
1,0.281830
1,0.017279
1,0.209229
1,0.025142
1,0.972538
1,0.830088
1,0.126265
1,0.005527
1,0.392187
1,0.386787
1,0.932542
1,0.784013
1,0.035822
1,0.074104
1,0.015926
1,0.052226
1,0.435807
1,0.992692
1,0.960664
1,0.405245
1,0.946906
1,0.064341
1,0.173124
1,0.026532
1,0.009565
1,0.031610
1,0.006284
1,0.018717
1,0.159776
1,0.013158
1,0.949433
1,0.903078
1,0.755999
1,0.013373
1,0.009902
1,0.014706
1,0.001166
1,0.914683
1,0.983669
1,0.916702
1,0.505173
1,0.052629
1,0.054797
1,0.069010
1,0.224861
1,0.040114
1,0.047943
1,0.024957
0,0.301183
0,0.067697
0,0.468259
0,0.157146
0,0.124405
0,0.383947
0,0.406431
0,0.016865
0,0.128360
0,0.177275
0,0.090082
0,0.329222
0,0.434211
0,0.032921
0,0.922132
0,0.686288
0,0.280111
0,0.057388
0,0.078036
0,0.111465
0,0.391961
0,0.031409
0,0.013079
0,0.036890
0,0.316902
0,0.067138
0,0.032362
0,0.010988
0,0.020992
0,0.011797
0,0.044754
0,0.586966
0,0.078275
0,0.334362
0,0.040043
0,0.051518
0,0.018726
0,0.730660
0,0.295254
0,0.400829
0,0.234967
0,0.024924
0,0.063226
0,0.022667
0,0.382141
0,0.030943
0,0.101837
0,0.027152
0,0.162783
0,0.167542
0,0.435681
0,0.008734
0,0.545947
0,0.241792
0,0.044634
0,0.058994
0,0.387949
0,0.088447
0,0.028660
0,0.815937
0,0.348258
0,0.095830
0,0.089368
0,0.463870
0,0.327518
0,0.909127
0,0.123283
0,0.101899
0,0.109228
0,0.010113
0,0.030767
0,0.025216
0,0.070545
0,0.009602
0,0.002375
0,0.419033
0,0.084860
0,0.045316
0,0.057038
0,0.231514
0,0.222115
0,0.173555
0,0.079237
0,0.510129
0,0.430636
0,0.297882
0,0.591506
0,0.094993
0,0.482581
0,0.168239
0,0.006907
0,0.098590
0,0.149460
0,0.350460
0,0.040932
0,0.190232
0,0.267421
0,0.732538
0,0.313907
0,0.652555
0,0.084003
0,0.043394
0,0.029652
0,0.016684
0,0.379466
0,0.013490
0,0.080848
0,0.008873
0,0.051849
0,0.046004
0,0.071639
0,0.316793
0,0.092232
0,0.061796
0,0.126322
0,0.279097
0,0.068729
0,0.045980
0,0.064746
0,0.058154
0,0.009882
0,0.113159
0,0.721109
0,0.468818
0,0.133886
0,0.057039
0,0.370899
0,0.631255
0,0.463763
0,0.057118
0,0.202306
0,0.363260
0,0.087647
0,0.111672
0,0.021649
0,0.158731
0,0.022395
0,0.065528
0,0.156538
0,0.052451
0,0.085211
0,0.042476
0,0.217244
0,0.123639
0,0.314781
0,0.196677
0,0.615473
0,0.132643
0,0.363339
0,0.529649
0,0.546593
0,0.254722
0,0.481207
0,0.439216
0,0.053617
0,0.024420
0,0.214473
0,0.107069
0,0.147783
0,0.145817
0,0.275491
0,0.057184
0,0.196257
0,0.046894
0,0.093629
0,0.026051
0,0.127378
0,0.045486
0,0.097351
0,0.059756
0,0.028658
0,0.099887
0,0.075167
0,0.017208
0,0.014621
0,0.054552
0,0.038197
0,0.041084
0,0.141619
0,0.074214
0,0.025907
0,0.251024
0,0.031785
0,0.033526
0,0.019253
0,0.032274
0,0.056650
0,0.230055
0,0.021695
0,0.327806
0,0.012519
0,0.125740
0,0.458218
0,0.698346
0,0.059475
0,0.045417
0,0.033891
0,0.301177
0,0.556805
0,0.912454
0,0.011501
0,0.028257
0,0.014463
0,0.008769
0,0.055363
0,0.004496
0,0.007469
0,0.020902
0,0.025409
0,0.017508
0,0.049182
0,0.014540
0,0.018349
0,0.004156
0,0.015887
0,0.048822
0,0.123051
0,0.868735
0,0.208211
0,0.583379
0,0.080172
0,0.089171
0,0.052282
0,0.033392
0,0.005109
0,0.022170
0,0.005474
0,0.009016
0,0.101150
0,0.064028
0,0.033922
0,0.052207
0,0.015016
0,0.003717
0,0.033556
0,0.009731
0,0.003899
0,0.003774
0,0.007210
0,0.039433
0,0.007661
0,0.003059
0,0.017288
0,0.002734
0,0.003395
0,0.023969
0,0.001812
0,0.013830
0,0.264576
0,0.013092
0,0.000369
0,0.013763
0,0.005962
0,0.004981
0,0.014293
0,0.009176
0,0.013282
0,0.032538
0,0.010968
0,0.000855
0,0.002242
0,0.002072
0,0.010538
0,0.022745
0,0.010172
0,0.023763
0,0.003820
0,0.032867
0,0.005288
0,0.010068
0,0.016130
0,0.016280
0,0.023068
0,0.002658
0,0.001458
0,0.003370
0,0.003388
0,0.000411
0,0.002796
0,0.011616
0,0.015469
0,0.018797
0,0.015846
0,0.021590
0,0.019028
0,0.003970
0,0.012416
0,0.005363
0,0.029040
0,0.011604
0,0.020391
0,0.010371
0,0.040156
0,0.006751
0,0.017527
0,0.023835
0,0.303060
0,0.541291
0,0.729525
0,0.512919
0,0.875674
0,0.913861
0,0.706478
0,0.590901
0,0.888388
0,0.762660
0,0.654362
0,0.326446
0,0.317717
0,0.457219
0,0.523882
0,0.605337
0,0.925139
0,0.955925
0,0.376182
0,0.966738
0,0.675496
0,0.530158
0,0.571465
0,0.315312
0,0.309594
0,0.886900
0,0.671327
0,0.170456
0,0.672090
0,0.534130
0,0.283498
0,0.185885
0,0.015186
0,0.769451
0,0.517348
0,0.384552
0,0.252486
0,0.779038
0,0.933033
0,0.466656
0,0.844648
0,0.925733
0,0.112329
0,0.069735
0,0.059385
0,0.970056
0,0.698711
0,0.955960
0,0.810892
0,0.592237
0,0.256384
0,0.048051
0,0.506845
0,0.714839
0,0.215082
0,0.381007
0,0.023263
0,0.426695
0,0.408624
0,0.190933
0,0.080768
0,0.412172
0,0.685972
0,0.132642
0,0.254863
0,0.177423
0,0.060172
0,0.729498
0,0.064835
0,0.117218
0,0.391043
0,0.110878
0,0.099312
0,0.233164
0,0.430409
0,0.031635
0,0.019843
0,0.494125
0,0.298438
0,0.742966
0,0.169979
0,0.052991
0,0.014874
0,0.037634
0,0.163653
0,0.154593
0,0.031569
0,0.048975
0,0.018419
0,0.006907
0,0.095859
0,0.127770
0,0.029949
0,0.078726
0,0.590372
0,0.305307
0,0.036884
0,0.137215
0,0.075456
0,0.205541
1,0.734741
1,0.989153
1,0.950499
1,0.853714
1,0.858397
1,0.930766
1,0.948716
1,0.933235
1,0.783508
1,0.739346
1,0.849397
1,0.636358
1,0.899688
1,0.973059
1,0.901151
1,0.941394
1,0.730691
1,0.970744
1,0.868210
1,0.921820
1,0.934841
1,0.917533
1,0.955580
1,0.498241
1,0.721343
1,0.833431
1,0.626102
1,0.910290
1,0.888239
1,0.369256
1,0.990129
1,0.872232
1,0.868415
1,0.903757
1,0.959174
1,0.944926
1,0.766448
1,0.769039
1,0.999496
1,0.812993
1,0.975638
1,0.968962
1,0.964695
1,0.981542
1,0.949841
1,0.888636
1,0.380234
1,0.769956
1,0.876380
1,0.825989
1,0.986456
1,0.989187
1,0.994005
1,0.996411
1,0.955928
1,0.997635
1,0.978693
1,0.932560
1,0.510801
1,0.948215
1,0.341487
1,0.571126
1,0.954294
1,0.925166
1,0.976810
1,0.877783
1,0.935081
1,0.982357
1,0.976966
1,0.992459
1,0.293326
1,0.755999
1,0.968465
1,0.948177
1,0.644487
1,0.983752
1,0.818389
1,0.319254
1,0.901856
1,0.937496
1,0.448525
1,0.816085
1,0.288155
1,0.607608
1,0.751040
1,0.629765
1,0.758814
1,0.981107
1,0.983575
1,0.864409
1,0.929175
1,0.836917
1,0.917913
1,0.990990
1,0.919189
1,0.736062
1,0.964298
1,0.975869
1,0.931342
1,0.169678
0,0.534150
0,0.042136
0,0.106303
0,0.261190
0,0.094204
0,0.164945
0,0.083135
0,0.076486
0,0.051956
0,0.039679
0,0.313849
0,0.044045
0,0.209992
0,0.483337
0,0.396945
0,0.441623
0,0.035714
0,0.054605
0,0.090231
0,0.425656
0,0.221934
0,0.113008
0,0.544147
0,0.947601
0,0.280339
0,0.517050
0,0.053606
0,0.015205
0,0.037766
0,0.091248
0,0.038315
0,0.202382
0,0.119108
0,0.742625
0,0.019526
0,0.055438
0,0.064182
0,0.023848
0,0.125622
0,0.265854
0,0.123596
0,0.121670
0,0.086879
0,0.429494
0,0.010694
0,0.055733
0,0.044963
0,0.114574
0,0.008533
0,0.004457
0,0.073822
0,0.034932
0,0.065581
0,0.013838
0,0.164628
0,0.046866
0,0.227429
0,0.059674
0,0.036673
0,0.299719
0,0.116784
0,0.248362
0,0.029071
0,0.048781
0,0.005549
0,0.099034
0,0.019071
0,0.056543
0,0.044284
0,0.046884
0,0.042989
0,0.041076
0,0.099529
0,0.035877
1,0.052143
1,0.008495
1,0.015621
1,0.024339
1,0.009950
1,0.004690
1,0.002290
1,0.061943
1,0.008728
1,0.008744
1,0.003313
1,0.031113
1,0.034571
1,0.033494
1,0.012484
1,0.014102
1,0.024935
1,0.033057
1,0.042036
1,0.007857
1,0.051295
1,0.015894
1,0.022906
1,0.040288
1,0.006348
1,0.014320
1,0.032277
1,0.017247
1,0.017313
1,0.011445
1,0.026195
1,0.026572
1,0.007886
1,0.007165
1,0.095789
1,0.003943
1,0.013127
1,0.008084
1,0.009991
1,0.020326
1,0.166170
1,0.028152
1,0.017421
1,0.020506
1,0.006770
1,0.017415
1,0.011831
1,0.008178
1,0.008128
1,0.005901
1,0.027201
1,0.032718
1,0.006902
1,0.050007
1,0.042447
1,0.012439
1,0.017876
1,0.041962
1,0.002644
1,0.014308
1,0.011112
1,0.083760
1,0.030533
1,0.006661
1,0.012649
1,0.014824
1,0.002998
1,0.005415
1,0.006111
1,0.399101
1,0.681830
1,0.737908
1,0.932021
1,0.790954
1,0.504570
1,0.507013
1,0.235468
1,0.069788
1,0.984655
1,0.388614
1,0.768188
1,0.615207
1,0.882657
1,0.922263
1,0.956501
1,0.840322
1,0.442065
1,0.904030
1,0.832054
1,0.830196
1,0.871961
1,0.933643
1,0.841169
1,0.945881
1,0.683687
1,0.958254
1,0.904649
1,0.789995
1,0.412485
1,0.926243
1,0.891361
1,0.665133
1,0.335861
1,0.429539
1,0.725215
1,0.974444
1,0.924830
1,0.301675
1,0.922918
1,0.480436
1,0.821642
1,0.181229
1,0.815147
1,0.942533
1,0.931160
1,0.526927
1,0.298318
1,0.642054
1,0.848938
1,0.858677
1,0.918281
1,0.970077
1,0.951364
1,0.994194
1,0.950538
1,0.942305
1,0.960640
1,0.256803
1,0.504974
1,0.670335
1,0.874907
1,0.446770
1,0.344869
1,0.411604
1,0.320642
1,0.615830
1,0.672850
1,0.121577
1,0.081797
1,0.786544
1,0.930057
1,0.655034
1,0.899850
1,0.624270
1,0.116692
1,0.469533
1,0.721235
1,0.673160
1,0.840682
1,0.629062
1,0.749406
1,0.511607
1,0.241637
1,0.721695
1,0.723606
1,0.455305
1,0.928308
1,0.862813
1,0.037948
1,0.171882
1,0.213870
1,0.112914
1,0.043477
1,0.109090
1,0.056964
1,0.199814
1,0.022449
1,0.030875
1,0.234598
1,0.218545
1,0.067241
1,0.032906
1,0.274579
1,0.015027
1,0.089155
1,0.037621
1,0.071908
1,0.002825
1,0.007892
1,0.041381
1,0.090769
1,0.537103
1,0.034353
1,0.140824
1,0.013405
1,0.029377
1,0.012373
1,0.026150
1,0.076194
1,0.070344
1,0.286090
1,0.141292
1,0.052253
1,0.524315
1,0.022589
1,0.046965
1,0.020082
1,0.102846
1,0.225411
1,0.028794
1,0.011175
1,0.006968
1,0.604086
1,0.038180
1,0.293673
1,0.014612
1,0.032621
1,0.030091
1,0.038113
1,0.032339
1,0.028279
1,0.026737
1,0.005729
1,0.070166
1,0.003231
1,0.041908
1,0.031389
1,0.021297
1,0.087223
1,0.090084
1,0.063491
1,0.726553
1,0.186061
1,0.054731
1,0.021001
1,0.006236
1,0.004022
1,0.089013
1,0.077857
1,0.052056
1,0.021872
1,0.047837
1,0.016514
1,0.004865
1,0.012163
1,0.025634
1,0.012271
1,0.041310
1,0.035282
1,0.017686
1,0.007088
1,0.107886
1,0.077191
1,0.026810
1,0.008628
1,0.075394
1,0.020618
1,0.016909
1,0.070498
1,0.059207
1,0.020938
1,0.035583
1,0.051518
1,0.070225
1,0.039249
1,0.007556
1,0.013522
1,0.007153
1,0.026998
1,0.030976
1,0.026996
1,0.011853
1,0.022115
1,0.037565
1,0.099024
1,0.013213
1,0.020922
1,0.034352
1,0.060105
1,0.075687
1,0.132643
1,0.161640
1,0.406633
1,0.009936
1,0.073428
1,0.004340
1,0.001839
1,0.009297
1,0.010514
1,0.014771
1,0.047540
1,0.080406
1,0.020972
1,0.052731
1,0.147816
1,0.048247
1,0.154835
1,0.032724
1,0.022587
1,0.058950
1,0.035214
1,0.188898
1,0.013306
1,0.204970
1,0.006179
1,0.191378
1,0.032212
1,0.017220
1,0.003442
1,0.012457
1,0.003879
1,0.008206
1,0.006608
1,0.013312
1,0.226694
1,0.156015
1,0.012926
1,0.022695
1,0.016003
1,0.005370
1,0.120574
1,0.034423
1,0.042065
1,0.141554
1,0.020803
1,0.401030
1,0.332868
1,0.593776
1,0.040877
1,0.027159
1,0.049006
1,0.280186
1,0.280526
1,0.007517
1,0.041431
1,0.026559
1,0.008073
1,0.073765
1,0.010902
1,0.012591
1,0.002070
1,0.012955
1,0.015376
1,0.008671
1,0.109266
1,0.001477
1,0.012383
1,0.008886
1,0.009977
1,0.058945
1,0.062043
1,0.013405
1,0.018083
1,0.002959
1,0.028669
1,0.163110
1,0.042554
1,0.014764
1,0.014364
1,0.058493
1,0.022326
1,0.001342
1,0.013536
1,0.082418
1,0.007013
1,0.005040
1,0.016250
1,0.042958
1,0.056587
1,0.006991
1,0.000631
1,0.002748
1,0.001550
1,0.022222
1,0.455328
1,0.198380
1,0.107877
1,0.005284
1,0.005160
1,0.255843
1,0.219101
1,0.011948
1,0.033299
1,0.010076
1,0.014588
1,0.070825
1,0.017450
1,0.040345
1,0.033739
1,0.094668
1,0.003024
1,0.015607
1,0.015775
1,0.065477
1,0.009522
1,0.017850
1,0.123173
1,0.012200
1,0.037988
1,0.010056
1,0.008793
1,0.002955
1,0.008614
1,0.053102
1,0.011261
1,0.087000
1,0.003174
1,0.027586
1,0.018945
1,0.059233
1,0.030422
1,0.219771
1,0.362449
1,0.511636
1,0.880485
1,0.005081
1,0.448079
1,0.178524
1,0.521998
1,0.198042
1,0.131125
1,0.429756
1,0.602905
1,0.197418
1,0.105973
1,0.642324
1,0.136532
1,0.730021
1,0.259382
1,0.087634
1,0.057930
1,0.176141
1,0.567931
1,0.245281
1,0.146231
1,0.251605
1,0.155960
1,0.044753
1,0.331220
1,0.050110
1,0.655709
1,0.012482
1,0.071873
1,0.279068
1,0.014995
1,0.051135
1,0.361148
1,0.526685
1,0.396110
1,0.617858
1,0.211061
1,0.952964
1,0.503925
1,0.481120
1,0.507740
1,0.962696
1,0.717653
1,0.437235
1,0.604788
1,0.327468
1,0.128582
1,0.627030
1,0.733277
1,0.610291
1,0.068090
1,0.748697
1,0.653535
1,0.152681
1,0.508648
1,0.546653
1,0.391395
1,0.271621
1,0.059004
1,0.084837
1,0.707337
1,0.374761
1,0.345113
1,0.500927
1,0.225640
1,0.135813
1,0.768433
1,0.320737
1,0.318917
1,0.896580
1,0.896374
1,0.849729
1,0.938330
1,0.763353
1,0.872780
1,0.883304
1,0.917021
1,0.168958
1,0.524875
1,0.175290
1,0.964459
1,0.972621
1,0.714941
1,0.632076
1,0.427704
1,0.933976
1,0.884824
1,0.977257
1,0.861315
1,0.871515
1,0.562881
1,0.779591
1,0.695121
1,0.423090
1,0.959588
1,0.614140
1,0.350063
1,0.927255
1,0.678088
1,0.150307
1,0.655153
1,0.965923
1,0.751561
1,0.743037
1,0.919449
1,0.904185
1,0.824279
1,0.829686
1,0.672095
1,0.750804
1,0.155042
1,0.793523
1,0.966691
1,0.964440
1,0.992436
1,0.994857
1,0.995702
1,0.954400
1,0.905868
1,0.847820
1,0.709085
1,0.540057
1,0.962910
1,0.951977
1,0.824293
1,0.883544
1,0.720111
0,0.231468
0,0.068018
0,0.015393
0,0.157526
0,0.116518
0,0.142922
0,0.016916
0,0.105410
0,0.184934
0,0.249865
0,0.329326
0,0.399168
0,0.144268
0,0.012960
0,0.195837
0,0.740359
0,0.273547
0,0.083759
0,0.026766
0,0.075978
0,0.028394
0,0.044086
0,0.059839
0,0.040790
0,0.120009
0,0.039880
0,0.157471
0,0.105229
0,0.194034
0,0.020558
0,0.181007
0,0.024220
0,0.116494
0,0.088106
0,0.014308
0,0.010113
0,0.059430
0,0.047397
0,0.750598
0,0.031230
0,0.314001
0,0.652984
0,0.492531
0,0.400153
0,0.405931
0,0.052553
0,0.113705
0,0.170946
0,0.134628
0,0.039189
0,0.023268
0,0.259986
0,0.112703
0,0.136900
0,0.335350
0,0.088048
0,0.005858
0,0.121814
0,0.027026
0,0.037442
0,0.102967
0,0.080400
0,0.143972
0,0.029423
0,0.082676
0,0.315270
0,0.065202
0,0.055654
0,0.226083
0,0.020080
0,0.043713
0,0.472912
0,0.152925
0,0.171854
0,0.060633
0,0.481441
0,0.044323
0,0.023787
0,0.272115
0,0.291038
0,0.055957
0,0.160813
0,0.029619
0,0.142862
0,0.091681
0,0.029159
0,0.092253
0,0.083994
0,0.132293
0,0.330646
0,0.020345
0,0.015771
0,0.042324
0,0.011256
0,0.015830
0,0.002481
0,0.019541
0,0.002062
0,0.003829
0,0.031507
0,0.002920
0,0.010271
0,0.012662
0,0.018246
0,0.004327
0,0.005481
0,0.005254
0,0.002579
0,0.047445
0,0.121414
0,0.008495
0,0.007536
0,0.001812
0,0.004646
0,0.009661
0,0.051040
0,0.003407
0,0.012661
0,0.006909
0,0.000843
0,0.005291
0,0.009263
0,0.081799
0,0.001269
0,0.002585
0,0.002624
0,0.017015
0,0.005762
0,0.003485
0,0.023846
0,0.024338
0,0.004846
0,0.017947
0,0.004916
0,0.000796
0,0.018159
0,0.006806
0,0.009505
0,0.006934
0,0.025101
0,0.016179
0,0.078902
0,0.045405
0,0.004422
0,0.006534
0,0.031131
0,0.005266
0,0.023839
0,0.035581
0,0.002871
0,0.011371
0,0.011669
0,0.017000
0,0.001057
0,0.009168
0,0.002181
0,0.011431
0,0.001473
0,0.001462
0,0.004186
0,0.002376
0,0.003424
0,0.028045
0,0.008631
0,0.012294
0,0.004247
0,0.002156
0,0.033918
0,0.014832
0,0.057745
0,0.023142
0,0.079474
0,0.037793
0,0.005875
0,0.010405
0,0.080792
0,0.023234
0,0.033976
0,0.030583
0,0.007686
0,0.012881
0,0.001397
0,0.002346
0,0.001611
0,0.009088
0,0.018255
0,0.005491
0,0.001477
0,0.025183
0,0.001729
0,0.021017
1,0.960676
1,0.907129
1,0.652184
1,0.127270
1,0.472106
1,0.868325
1,0.866549
1,0.658443
1,0.664364
1,0.914218
1,0.347468
1,0.374003
1,0.111011
1,0.398188
1,0.855585
1,0.670288
1,0.290553
1,0.237218
1,0.437598
1,0.259594
1,0.278510
1,0.256597
1,0.140877
1,0.283362
1,0.303813
1,0.209684
1,0.409545
1,0.352378
1,0.900990
1,0.649687
1,0.925247
1,0.517257
1,0.485492
1,0.459324
1,0.871377
1,0.662055
1,0.827255
1,0.147300
1,0.022283
1,0.184004
1,0.025906
1,0.150563
1,0.012597
1,0.031776
1,0.008003
1,0.594222
1,0.077998
1,0.711743
1,0.517617
1,0.543731
1,0.132739
1,0.204422
1,0.079567
1,0.399901
1,0.068742
1,0.013541
1,0.032663
1,0.414205
1,0.146397
1,0.462122
1,0.037982
1,0.368994
1,0.665615
1,0.144785
1,0.101578
1,0.332097
1,0.408042
1,0.045350
1,0.220059
1,0.373026
1,0.040221
1,0.075224
1,0.045398
1,0.177099
1,0.048407
1,0.011992
1,0.408096
1,0.151511
1,0.403032
1,0.613588
1,0.507034
1,0.103951
1,0.177693
1,0.224055
1,0.194954
1,0.098277
1,0.032024
1,0.515344
1,0.251428
1,0.078458
1,0.222571
1,0.335881
1,0.216255
1,0.899129
1,0.051973
1,0.186905
1,0.129282
1,0.536212
1,0.048879
1,0.109059
1,0.032637
1,0.032818
1,0.011002
1,0.106078
1,0.009790
1,0.010680
1,0.022518
1,0.004272
1,0.032259
1,0.042115
1,0.006883
1,0.101397
1,0.092566
1,0.004940
1,0.008023
1,0.051084
1,0.007285
1,0.027569
1,0.197512
1,0.176826
1,0.017474
1,0.006564
1,0.020385
1,0.010095
1,0.046151
1,0.275828
1,0.007819
1,0.103698
1,0.167818
1,0.083997
1,0.016847
1,0.084012
1,0.012011
1,0.037501
1,0.026465
1,0.189334
1,0.403465
1,0.029275
1,0.042281
1,0.011009
1,0.065560
1,0.066408
1,0.060029
1,0.110063
1,0.012269
1,0.096937
1,0.104903
1,0.134695
1,0.006897
1,0.032929
1,0.078502
1,0.022559
1,0.008114
1,0.005443
1,0.056148
1,0.030622
1,0.004718
1,0.010982
1,0.011976
1,0.058798
1,0.119349
1,0.114000
1,0.004282
1,0.010878
1,0.005040
1,0.016504
1,0.034685
1,0.000796
1,0.003497
1,0.003473
1,0.004739
1,0.003715
1,0.066000
1,0.088670
1,0.003803
1,0.002559
1,0.002722
1,0.005099
1,0.003058
1,0.006246
1,0.007265
1,0.007206
1,0.010321
1,0.005287
1,0.001567
1,0.007011
1,0.018314
1,0.016516
1,0.020960
1,0.026381
1,0.000886
1,0.003360
1,0.008288
1,0.002864
1,0.007672
1,0.009132
1,0.015437
1,0.017306
1,0.004845
1,0.004038
1,0.003179
1,0.026267
1,0.003014
1,0.003756
1,0.015114
1,0.004562
1,0.001168
1,0.015251
1,0.002858
1,0.050611
1,0.116988
1,0.116077
1,0.006146
1,0.028074
1,0.061977
1,0.007490
1,0.066260
1,0.028377
1,0.017086
1,0.037145
1,0.047925
1,0.010358
1,0.021979
1,0.014952
1,0.009461
1,0.005420
1,0.024054
1,0.012242
1,0.065280
1,0.004725
1,0.008246
1,0.020251
1,0.003460
1,0.090304
1,0.019829
1,0.001541
1,0.024023
1,0.005642
1,0.004383
1,0.032024
1,0.003716
1,0.011957
1,0.007244
1,0.005034
1,0.013860
1,0.004068
1,0.009445
1,0.012312
1,0.042457
1,0.020977
1,0.012582
1,0.333757
1,0.385308
1,0.030062
1,0.010456
1,0.222305
1,0.625215
1,0.023789
1,0.077710
1,0.525592
1,0.064729
1,0.178857
1,0.170422
1,0.012254
1,0.021985
1,0.129390
1,0.040536
1,0.005425
1,0.037184
1,0.034866
1,0.029891
1,0.055940
1,0.028627
1,0.680514
1,0.018467
1,0.018741
1,0.189433
1,0.362946
1,0.083890
1,0.797042
1,0.110179
1,0.089759
1,0.389543
1,0.471302
1,0.304692
1,0.183569
1,0.239163
1,0.056373
1,0.137423
1,0.081158
1,0.536752
1,0.063523
1,0.014718
1,0.093990
1,0.105098
1,0.042571
1,0.038287
1,0.277913
1,0.085720
1,0.090087
1,0.003074
1,0.055213
1,0.033756
1,0.011133
1,0.230466
1,0.283784
1,0.216716
1,0.014983
1,0.006882
1,0.053437
1,0.028746
1,0.059603
1,0.091966
1,0.010574
1,0.088309
1,0.088512
1,0.017129
1,0.050989
1,0.016576
1,0.401416
1,0.223376
1,0.013481
1,0.121421
1,0.097860
1,0.251998
1,0.757307
1,0.344772
1,0.082495
1,0.034584
1,0.050126
1,0.016878
1,0.007174
1,0.081148
1,0.014350
1,0.011944
1,0.182762
1,0.019046
1,0.050209
1,0.287869
1,0.024455
1,0.228008
1,0.010210
1,0.051581
1,0.311849
1,0.091381
1,0.016847
1,0.012613
1,0.014927
1,0.230880
1,0.025239
1,0.019360
1,0.817053
1,0.986840
1,0.959924
1,0.953654
1,0.946385
1,0.611139
1,0.988929
1,0.981334
1,0.963571
1,0.991176
1,0.962166
1,0.986898
1,0.841933
1,0.873358
1,0.899632
1,0.773820
1,0.918910
1,0.930735
1,0.957685
1,0.966566
1,0.968719
1,0.934848
1,0.994264
1,0.477749
1,0.768850
1,0.709678
1,0.969550
1,0.987760
1,0.626043
1,0.904431
1,0.962195
1,0.950209
1,0.827481
1,0.854938
1,0.961897
1,0.968550
1,0.895184
1,0.993581
1,0.931637
1,0.975922
1,0.992732
1,0.991796
1,0.895823
1,0.940692
1,0.922391
1,0.719242
1,0.904423
1,0.889547
1,0.914113
1,0.791171
1,0.535081
1,0.720813
1,0.673693
1,0.672762
1,0.811360
1,0.987294
1,0.931033
1,0.947828
1,0.851976
1,0.958016
1,0.822640
1,0.898322
1,0.262463
1,0.787655
1,0.988490
1,0.950023
1,0.966782
1,0.997040
1,0.928257
1,0.990068
1,0.980786
1,0.929142
1,0.979591
1,0.989755
1,0.952048
1,0.877223
1,0.883467
1,0.711166
1,0.950596
1,0.977166
1,0.833532
1,0.217178
1,0.911387
0,0.771217
0,0.159021
0,0.605309
0,0.662840
0,0.717377
0,0.170468
0,0.391402
0,0.323300
0,0.171228
0,0.543321
0,0.046450
0,0.433619
0,0.522723
0,0.024146
0,0.088879
0,0.135274
0,0.019031
0,0.759907
0,0.964594
0,0.603094
0,0.377799
0,0.972530
0,0.448776
0,0.802996
0,0.984323
0,0.818100
0,0.216288
0,0.726895
0,0.657126
0,0.966769
0,0.962751
0,0.377503
0,0.364103
0,0.801735
0,0.603717
0,0.713059
0,0.590088
0,0.772808
0,0.737475
0,0.431838
0,0.027623
0,0.614986
0,0.048891
0,0.262709
0,0.221509
0,0.972088
0,0.872666
0,0.800273
0,0.981442
0,0.934339
0,0.779543
0,0.546133
0,0.327275
0,0.128116
0,0.922091
0,0.911716
0,0.106318
0,0.865593
0,0.574796
0,0.920068
0,0.427725
0,0.703400
0,0.591358
0,0.756469
0,0.877246
0,0.941248
0,0.747578
0,0.583114
0,0.604549
0,0.720662
0,0.797360
0,0.814031
0,0.452727
0,0.944090
0,0.198604
0,0.138761
0,0.111295
0,0.880987
0,0.333658
0,0.970645
0,0.910505
0,0.204793
0,0.162453
0,0.096126
0,0.513166
0,0.510931
0,0.416085
0,0.427085
0,0.698304
0,0.638260
0,0.538605
0,0.491325
0,0.178183
0,0.129830
0,0.974398
0,0.678091
0,0.870783
0,0.876539
0,0.342427
0,0.430663
0,0.008071
0,0.001711
0,0.002012
0,0.019358
0,0.004212
0,0.068718
0,0.007866
0,0.018378
0,0.009203
0,0.008571
0,0.002458
0,0.028747
0,0.002731
0,0.051143
0,0.004766
0,0.003435
0,0.001708
0,0.001436
0,0.003906
0,0.008170
0,0.007931
0,0.002476
0,0.005595
0,0.002232
0,0.046466
0,0.092371
0,0.010185
0,0.002668
0,0.000511
0,0.008288
0,0.002880
0,0.009501
0,0.015715
0,0.010155
0,0.001548
0,0.005426
0,0.001021
0,0.000557
0,0.009327
0,0.003639
0,0.003465
0,0.000354
0,0.001428
0,0.007782
0,0.015811
0,0.004630
0,0.002250
0,0.045374
1,0.682962
1,0.857791
1,0.661445
1,0.922088
1,0.518475
1,0.293963
1,0.610158
1,0.908484
1,0.949119
1,0.915932
1,0.965898
1,0.866679
1,0.949135
1,0.400696
1,0.688215
1,0.911380
1,0.952152
1,0.934363
1,0.934675
1,0.949871
1,0.474042
1,0.909264
1,0.772452
1,0.693158
1,0.710688
1,0.804513
1,0.895576
1,0.969157
1,0.942752
1,0.832589
1,0.952575
1,0.845699
1,0.828420
1,0.908024
1,0.885405
1,0.619301
1,0.827785
1,0.598955
1,0.924210
1,0.981338
1,0.946156
1,0.911936
1,0.823306
1,0.766628
1,0.808558
1,0.490461
1,0.881811
1,0.777680
1,0.094934
1,0.818426
1,0.895773
1,0.925766
1,0.725140
1,0.976170
1,0.948485
1,0.874617
1,0.945617
1,0.650195
1,0.972949
1,0.950682
1,0.907902
1,0.154548
1,0.624601
1,0.675088
1,0.761322
1,0.382321
1,0.873153
1,0.612705
1,0.444034
1,0.787487
1,0.771480
1,0.220469
1,0.420992
1,0.886578
1,0.947858
1,0.961524
1,0.391679
1,0.868379
1,0.904855
1,0.772586
1,0.863054
1,0.684902
1,0.955971
1,0.005031
1,0.002790
1,0.001490
1,0.002352
1,0.004843
1,0.002273
1,0.004796
1,0.002846
1,0.024755
1,0.002647
1,0.010164
1,0.004132
1,0.014022
1,0.009420
1,0.002137
1,0.001983
1,0.000946
1,0.000205
1,0.000630
1,0.002862
1,0.011380
1,0.003489
1,0.007471
1,0.006255
1,0.001719
1,0.004393
1,0.001457
1,0.001274
1,0.016693
1,0.001472
1,0.016173
1,0.005664
1,0.003120
1,0.001534
1,0.001376
1,0.002273
1,0.001265
1,0.004006
1,0.003492
1,0.001815
1,0.001004
1,0.003819
1,0.001004
1,0.001982
1,0.002277
1,0.000732
1,0.003954
1,0.019634
1,0.010047
1,0.000994
1,0.004849
1,0.007835
1,0.003494
1,0.005668
1,0.018327
1,0.004551
1,0.002459
1,0.002884
1,0.001206
1,0.000552
1,0.002416
1,0.004817
1,0.021228
1,0.014765
1,0.018980
1,0.001708
1,0.718881
1,0.063935
1,0.753002
1,0.296557
1,0.090828
1,0.105776
1,0.183382
1,0.062333
1,0.023924
1,0.020131
1,0.020579
1,0.010970
1,0.021378
1,0.035362
1,0.038900
1,0.044226
1,0.021407
1,0.042144
1,0.053162
1,0.382372
1,0.398880
1,0.601277
1,0.245339
1,0.279083
1,0.214735
1,0.005549
1,0.323411
1,0.157237
1,0.048299
1,0.326133
1,0.131142
1,0.202739
1,0.356864
1,0.110298
1,0.096985
1,0.088904
1,0.492689
1,0.094124
1,0.272711
1,0.129092
1,0.015655
1,0.067225
1,0.005331
1,0.006646
1,0.097764
1,0.023876
1,0.246131
1,0.061442
1,0.018146
1,0.047085
1,0.006099
1,0.317923
1,0.007443
1,0.194380
1,0.178678
1,0.029044
1,0.670708
1,0.361357
1,0.019812
1,0.032632
1,0.023206
1,0.006238
1,0.122769
1,0.074408
1,0.696531
1,0.773108
1,0.269492
1,0.362126
1,0.459325
1,0.063179
1,0.208113
1,0.070518
1,0.008122
1,0.029061
1,0.079094
1,0.220521
1,0.023305
1,0.013268
1,0.002473
1,0.069231
1,0.066154
1,0.134349
1,0.217857
1,0.063566
1,0.263532
1,0.015698
1,0.498941
1,0.262783
1,0.343223
1,0.035283
1,0.006443
1,0.023362
1,0.027179
1,0.006818
1,0.047702
1,0.130341
0,0.974269
0,0.980567
0,0.843017
0,0.988888
0,0.991622
0,0.926694
0,0.996590
0,0.994011
0,0.996267
0,0.995750
0,0.997425
0,0.985438
0,0.969895
0,0.939879
0,0.038926
0,0.969443
0,0.315169
0,0.857302
0,0.627767
0,0.970378
0,0.983196
0,0.944226
0,0.985443
0,0.975834
0,0.896458
0,0.987006
0,0.994001
0,0.976883
0,0.995677
0,0.979375
0,0.985109
0,0.980194
0,0.968271
0,0.998494
0,0.958124
0,0.981353
0,0.981477
0,0.997824
0,0.908097
0,0.992265
0,0.979574
0,0.992236
0,0.612617
0,0.994108
0,0.858889
0,0.871312
0,0.971563
0,0.984364
0,0.934031
0,0.978949
0,0.995132
0,0.995227
0,0.985785
0,0.996212
0,0.986152
0,0.030847
0,0.026902
0,0.018460
0,0.021154
0,0.003000
0,0.010627
0,0.007740
0,0.011910
0,0.008626
0,0.008422
0,0.006736
0,0.034588
0,0.010481
0,0.006561
0,0.001430
0,0.002894
0,0.032123
0,0.041221
0,0.008134
0,0.014997
0,0.007039
0,0.015413
0,0.255384
0,0.001142
0,0.005584
0,0.022204
0,0.013519
0,0.008334
0,0.025838
0,0.018317
0,0.007514
0,0.009670
0,0.009880
0,0.006966
0,0.004365
0,0.002745
0,0.053629
0,0.005967
0,0.013801
0,0.033409
0,0.017187
0,0.026294
0,0.005706
0,0.010145
0,0.026741
0,0.103548
0,0.080517
0,0.026050
0,0.054431
0,0.001439
0,0.069228
0,0.039926
0,0.010209
0,0.046891
0,0.064548
0,0.045027
0,0.038277
0,0.083454
0,0.019837
0,0.002812
0,0.018811
0,0.074841
0,0.072550
0,0.075886
0,0.005647
0,0.006044
0,0.031706
0,0.004889
0,0.138094
0,0.006345
0,0.001539
0,0.008146
0,0.004996
0,0.009002
0,0.013918
0,0.040167
0,0.061714
0,0.037763
0,0.026105
0,0.033301
0,0.040526
0,0.019594
0,0.006694
0,0.029666
0,0.024426
0,0.030174
0,0.192917
0,0.013676
0,0.003530
0,0.008144
0,0.042398
0,0.003978
0,0.024438
0,0.010781
0,0.006253
0,0.012764
0,0.018460
0,0.024326
0,0.025457
0,0.007473
0,0.070411
0,0.008367
0,0.023445
0,0.009639
0,0.002494
0,0.008207
0,0.007805
0,0.012160
0,0.007182
0,0.022557
0,0.027360
0,0.195477
0,0.011184
0,0.014865
0,0.018767
0,0.011972
0,0.006436
0,0.002977
0,0.001791
0,0.007820
0,0.020669
0,0.008510
0,0.023012
0,0.036635
0,0.005763
0,0.011305
0,0.021481
0,0.005706
0,0.007006
0,0.040761
0,0.008293
0,0.021885
0,0.017561
0,0.007377
0,0.000914
0,0.004539
0,0.015221
0,0.025016
0,0.026467
0,0.001981
0,0.013669
0,0.027823
0,0.065824
0,0.013123
0,0.008112
0,0.000665
0,0.000870
0,0.013289
0,0.034609
0,0.003806
0,0.013405
0,0.003484
0,0.000950
0,0.010221
0,0.005816
0,0.025916
0,0.030860
0,0.016298
0,0.005100
0,0.007206
0,0.018675
0,0.004318
0,0.008003
0,0.010256
0,0.004904
0,0.012139
0,0.006325
0,0.002633
0,0.024096
0,0.014320
0,0.040817
0,0.022987
0,0.061260
0,0.017947
0,0.027747
0,0.062291
0,0.001448
0,0.020189
0,0.026586
0,0.004486
0,0.025762
0,0.011243
0,0.029520
0,0.086597
0,0.002472
0,0.007496
0,0.013901
0,0.009817
0,0.009243
0,0.024605
0,0.028406
0,0.007807
0,0.034711
0,0.087568
0,0.000433
0,0.000519
0,0.005970
0,0.002072
0,0.000930
0,0.000335
0,0.000403
0,0.000298
0,0.000460
0,0.000930
0,0.001288
0,0.000638
0,0.001130
0,0.004293
0,0.001958
0,0.001349
0,0.000542
0,0.001114
0,0.000815
0,0.000828
0,0.000759
0,0.000524
0,0.000557
0,0.000885
0,0.002809
0,0.002391
0,0.001412
0,0.001090
0,0.001047
0,0.000505
0,0.000195
0,0.000276
0,0.001743
0,0.000942
0,0.000462
0,0.000336
0,0.000576
0,0.003627
0,0.000674
0,0.001096
0,0.000123
0,0.001920
0,0.004572
0,0.002832
0,0.000262
0,0.000768
0,0.000497
0,0.000202
0,0.000141
0,0.000554
0,0.000454
0,0.000094
0,0.000348
0,0.001042
0,0.002746
0,0.002583
0,0.002779
0,0.001236
0,0.000227
0,0.000161
0,0.001384
0,0.004352
0,0.001130
0,0.001453
0,0.000319
0,0.000252
0,0.000440
0,0.003072
0,0.013482
0,0.001982
0,0.000575
0,0.000387
0,0.001113
0,0.002103
0,0.000380
0,0.002857
0,0.001188
0,0.002392
1,0.012190
1,0.060594
1,0.019787
1,0.035106
1,0.024778
1,0.005660
1,0.014755
1,0.040703
1,0.011412
1,0.009749
1,0.008194
1,0.005046
1,0.006042
1,0.031506
1,0.008491
1,0.066880
1,0.167873
1,0.019224
1,0.021054
1,0.114408
1,0.022106
1,0.228487
1,0.029991
1,0.033577
1,0.041635
1,0.070249
1,0.024568
1,0.007471
1,0.005890
1,0.019690
1,0.025521
1,0.070340
1,0.026605
1,0.036873
1,0.056572
1,0.007363
1,0.007930
1,0.025633
1,0.080051
1,0.022920
1,0.056356
1,0.056537
1,0.094868
1,0.017828
1,0.019613
1,0.025867
1,0.020851
1,0.030567
1,0.022051
1,0.005799
1,0.004450
1,0.101548
1,0.057259
1,0.018719
1,0.055940
1,0.030707
1,0.034360
1,0.039328
1,0.104496
1,0.029179
1,0.056999
1,0.030160
1,0.016195
1,0.112974
1,0.017075
1,0.038345
1,0.047684
1,0.007784
1,0.016667
1,0.129381
1,0.007128
1,0.007197
1,0.002509
1,0.002332
1,0.007447
1,0.011277
1,0.016602
1,0.022397
1,0.013052
1,0.003925
1,0.011837
1,0.003376
1,0.005913
1,0.000996
1,0.004237
1,0.002421
1,0.000868
1,0.007725
1,0.004709
1,0.017125
1,0.003765
1,0.003105
1,0.003997
1,0.000522
1,0.001800
1,0.006742
1,0.000433
1,0.004323
1,0.111695
1,0.005136
1,0.039225
1,0.001253
1,0.004402
1,0.001377
1,0.008930
1,0.002250
1,0.009496
1,0.010708
1,0.025507
1,0.002273
1,0.003788
1,0.002979
1,0.000700
1,0.004695
1,0.014112
1,0.014909
1,0.004357
1,0.000870
1,0.001585
1,0.005383
1,0.025840
1,0.002238
1,0.000816
1,0.002458
1,0.012928
1,0.009978
1,0.010781
1,0.040038
1,0.002336
1,0.058422
1,0.001280
1,0.064514
1,0.011409
1,0.026687
1,0.009393
1,0.016169
1,0.010623
1,0.079739
1,0.004632
1,0.002084
1,0.004689
1,0.007757
1,0.023973
1,0.004543
1,0.043857
1,0.003103
1,0.002427
1,0.000490
1,0.003257
1,0.011513
1,0.001165
1,0.001130
1,0.009835
1,0.006486
1,0.002915
1,0.001653
1,0.016960
1,0.000907
1,0.002525
1,0.000847
1,0.001712
1,0.000798
1,0.003244
1,0.001405
1,0.007199
1,0.012085
1,0.000413
1,0.010485
1,0.010972
1,0.002440
0,0.333743
0,0.267149
0,0.045078
0,0.089212
0,0.545297
0,0.845889
0,0.747854
0,0.096997
0,0.452084
0,0.200918
0,0.745163
0,0.138764
0,0.078723
0,0.139601
0,0.104887
0,0.040691
0,0.140479
0,0.478195
0,0.021941
0,0.045278
0,0.391757
0,0.286383
0,0.690978
0,0.033825
0,0.170081
0,0.010380
0,0.030838
0,0.106280
0,0.348336
0,0.062797
0,0.840130
0,0.192489
0,0.307486
0,0.770372
0,0.094450
0,0.307020
0,0.338424
0,0.615543
0,0.264238
0,0.466247
0,0.080007
0,0.350473
0,0.275461
0,0.012359
0,0.413962
0,0.276210
0,0.590433
0,0.169699
0,0.156138
0,0.795608
0,0.268487
0,0.463004
0,0.439902
0,0.765297
0,0.163308
0,0.051708
0,0.046065
0,0.315011
0,0.566350
0,0.110519
0,0.727038
0,0.557378
0,0.382859
0,0.477713
0,0.906350
0,0.115483
0,0.056532
0,0.104514
0,0.013414
0,0.020327
0,0.277552
0,0.557351
0,0.379375
0,0.157176
0,0.166251
0,0.147841
0,0.083842
0,0.714691
0,0.349048
0,0.324075
0,0.672217
0,0.444250
0,0.391682
0,0.425115
0,0.241243
0,0.237699
0,0.684804
0,0.320299
0,0.472764
1,0.136063
1,0.019550
1,0.275620
1,0.034942
1,0.009658
1,0.010030
1,0.009323
1,0.694505
1,0.276802
1,0.060299
1,0.260831
1,0.223503
1,0.026367
1,0.052992
1,0.137028
1,0.117379
1,0.136761
1,0.018205
1,0.078539
1,0.008840
1,0.086332
1,0.074688
1,0.052429
1,0.102405
1,0.025927
1,0.240963
1,0.123395
1,0.083307
1,0.060626
1,0.169492
1,0.059215
1,0.091956
1,0.006752
1,0.026234
1,0.219869
1,0.428717
1,0.455902
1,0.453704
1,0.261659
1,0.056034
1,0.096278
1,0.510938
1,0.089070
1,0.676136
1,0.109997
1,0.108868
1,0.108463
1,0.337225
1,0.213400
1,0.024308
1,0.024234
1,0.151812
1,0.088932
1,0.027241
1,0.146497
1,0.016769
1,0.123550
1,0.035335
1,0.056963
1,0.012940
1,0.037599
1,0.024723
1,0.041658
1,0.007033
1,0.093029
1,0.251470
1,0.086538
1,0.008004
1,0.017267
1,0.290557
1,0.189254
1,0.074974
1,0.032601
1,0.256581
1,0.300407
1,0.525961
1,0.575695
1,0.220541
1,0.169400
1,0.491452
1,0.112950
1,0.191298
1,0.085982
1,0.002851
1,0.001170
1,0.002861
1,0.002911
1,0.004101
1,0.002677
1,0.000927
1,0.009401
1,0.004272
1,0.002597
1,0.005301
1,0.003942
1,0.001780
1,0.003326
1,0.001259
1,0.005453
1,0.000303
1,0.000550
1,0.000277
1,0.000975
1,0.005375
1,0.000380
1,0.001120
1,0.001240
1,0.002214
1,0.000345
1,0.001332
1,0.002737
1,0.010376
1,0.000853
1,0.004900
1,0.002652
1,0.009927
1,0.020898
1,0.002320
1,0.006828
1,0.014445
1,0.002353
1,0.044645
1,0.001395
1,0.003148
1,0.035322
1,0.004453
1,0.000944
1,0.006808
1,0.011015
1,0.009325
1,0.038920
1,0.005967
1,0.018858
1,0.004551
1,0.003067
1,0.000965
1,0.001100
1,0.001527
1,0.002848
1,0.004555
1,0.001770
1,0.012548
1,0.007660
1,0.001857
1,0.001367
1,0.004487
1,0.002025
1,0.002104
1,0.007215
1,0.002789
1,0.008607
1,0.002233
1,0.002996
1,0.005583
1,0.000370
1,0.003388
1,0.002415
1,0.005235
1,0.061030
1,0.023993
1,0.033921
1,0.004984
1,0.000958
1,0.004265
1,0.002299
1,0.009889
1,0.003337
1,0.006638
1,0.015491
1,0.000938
1,0.005572
1,0.006322
1,0.003034
1,0.003422
1,0.151629
1,0.118465
1,0.020969
1,0.380802
1,0.012703
1,0.069424
1,0.026418
1,0.008403
1,0.088543
1,0.121417
1,0.142549
1,0.406199
1,0.133953
1,0.066895
1,0.051575
1,0.053076
1,0.094920
1,0.133079
1,0.235501
1,0.817190
1,0.048259
1,0.713400
1,0.058985
1,0.071098
1,0.101713
1,0.649652
1,0.191272
1,0.066852
1,0.037787
1,0.172840
1,0.131228
1,0.023089
1,0.011557
1,0.222432
1,0.041127
1,0.701903
1,0.013020
1,0.049119
1,0.148166
1,0.391275
1,0.147678
1,0.257385
1,0.107699
1,0.084558
1,0.051801
1,0.394364
1,0.092579
1,0.060622
1,0.108151
1,0.436111
1,0.269942
1,0.717671
1,0.088728
1,0.409130
1,0.698332
1,0.171912
1,0.231896
1,0.254235
1,0.100711
1,0.058368
1,0.053030
1,0.421273
1,0.715048
1,0.150226
1,0.024058
1,0.679822
1,0.022960
1,0.286890
1,0.916177
1,0.376102
1,0.032596
1,0.269117
1,0.438395
1,0.041725
1,0.017648
1,0.004661
1,0.139714
1,0.928101
1,0.738668
1,0.054527
1,0.136409
1,0.169976
1,0.270719
1,0.271269
1,0.108371
1,0.103177
1,0.216947
1,0.032465
1,0.165043
1,0.839851
1,0.092336
1,0.008176
1,0.003427
1,0.002509
1,0.030162
1,0.016087
1,0.014817
1,0.206007
1,0.026148
1,0.012815
1,0.073257
1,0.007999
1,0.005668
1,0.017488
1,0.012386
1,0.024809
1,0.011114
1,0.001754
1,0.001282
1,0.010708
1,0.005860
1,0.015521
1,0.002783
1,0.009852
1,0.001627
1,0.012926
1,0.015264
1,0.010302
1,0.005626
1,0.017537
1,0.006841
0,0.962694
0,0.989970
0,0.989173
0,0.920852
0,0.682803
0,0.879068
0,0.977597
0,0.978329
0,0.906316
0,0.997680
0,0.849163
0,0.951375
0,0.990347
0,0.929906
0,0.580744
0,0.550362
0,0.496383
0,0.586785
0,0.997095
0,0.649141
0,0.892323
0,0.733573
0,0.926608
0,0.939509
0,0.596577
0,0.897503
0,0.951431
0,0.703390
0,0.595978
0,0.094498
0,0.936487
0,0.995902
0,0.885670
0,0.956978
0,0.656889
0,0.910559
0,0.992251
0,0.946521
0,0.958277
0,0.892876
0,0.931502
0,0.991827
0,0.885854
0,0.970474
0,0.938957
0,0.980546
0,0.934944
0,0.862791
0,0.943638
0,0.989685
0,0.959227
0,0.965014
0,0.963599
0,0.953809
0,0.864947
0,0.674345
0,0.969964
0,0.863111
0,0.858005
0,0.834396
0,0.995360
0,0.973086
0,0.901956
0,0.756520
0,0.996090
0,0.902583
0,0.980856
0,0.634925
0,0.984527
0,0.701055
0,0.897203
0,0.082052
0,0.006680
0,0.014808
0,0.091881
0,0.179096
0,0.080779
0,0.024609
0,0.056995
0,0.776525
0,0.069732
0,0.034982
0,0.073189
0,0.728282
0,0.232997
0,0.647163
0,0.093868
0,0.013626
0,0.057245
0,0.178706
0,0.001689
0,0.013415
0,0.011083
0,0.150792
0,0.022665
0,0.008183
0,0.126592
0,0.008197
0,0.099613
0,0.055542
0,0.054417
0,0.003869
0,0.030074
0,0.206853
0,0.605685
0,0.028347
0,0.049597
0,0.087936
0,0.009680
0,0.116806
0,0.008202
0,0.021088
0,0.026949
0,0.021620
0,0.008509
0,0.004701
0,0.028553
0,0.008834
0,0.238243
0,0.116153
0,0.015986
0,0.021414
0,0.218901
0,0.850161
0,0.187400
0,0.026480
0,0.048628
0,0.123313
0,0.051762
0,0.028507
0,0.044751
0,0.014252
0,0.045659
0,0.029103
0,0.065234
0,0.175595
0,0.010417
0,0.139614
0,0.051351
0,0.344116
0,0.041935
0,0.223118
0,0.170038
0,0.016043
0,0.122877
0,0.474086
0,0.271153
0,0.415325
0,0.826575
0,0.391989
0,0.039860
0,0.447873
0,0.225537
0,0.931117
1,0.753838
1,0.776161
1,0.485108
1,0.581217
1,0.545708
1,0.599870
1,0.067757
1,0.018133
1,0.041431
1,0.103533
1,0.193399
1,0.242537
1,0.017498
1,0.039270
1,0.005397
1,0.043192
1,0.010026
1,0.008596
1,0.074456
1,0.077682
1,0.022747
1,0.018098
1,0.169146
1,0.097464
1,0.010451
1,0.043401
1,0.198599
1,0.142689
1,0.005336
1,0.066681
1,0.013501
1,0.062332
1,0.184859
1,0.005344
1,0.004850
1,0.044872
1,0.025428
1,0.017068
1,0.111856
1,0.316748
1,0.091047
1,0.518471
1,0.075686
1,0.038882
1,0.014126
1,0.061257
1,0.056571
1,0.024714
1,0.172613
1,0.086356
1,0.033835
1,0.191600
1,0.708816
1,0.033523
1,0.181721
1,0.044650
1,0.037076
1,0.033761
1,0.160950
1,0.189736
1,0.137280
1,0.073874
1,0.209604
1,0.044816
1,0.015361
1,0.076441
1,0.008191
1,0.005712
1,0.002592
1,0.057025
1,0.010244
1,0.048448
1,0.007731
1,0.025645
1,0.029429
1,0.834055
1,0.426117
1,0.649896
1,0.060540
1,0.030282
1,0.194676
1,0.023317
1,0.011213
1,0.026279
1,0.014345
1,0.166306
1,0.042424
1,0.037641
1,0.007479
1,0.011642
1,0.059264
1,0.015995
1,0.015549
1,0.055629
1,0.059266
1,0.008300
1,0.035377
1,0.072729
1,0.016536
1,0.001133
1,0.934028
1,0.774885
1,0.672929
1,0.514677
1,0.502070
1,0.584622
1,0.843632
1,0.965313
1,0.782719
1,0.974374
1,0.983569
1,0.915765
1,0.970412
1,0.839070
1,0.839179
1,0.222803
1,0.187793
1,0.153369
1,0.110983
1,0.559478
1,0.441740
1,0.478104
1,0.834720
1,0.382764
1,0.210423
1,0.580680
1,0.686906
1,0.973633
1,0.428476
1,0.017273
1,0.135712
1,0.146361
1,0.054307
1,0.461596
1,0.135877
1,0.265121
1,0.657517
1,0.232353
1,0.040874
1,0.498990
1,0.022459
1,0.137841
1,0.680276
1,0.053851
1,0.070600
1,0.183557
1,0.099776
1,0.789497
1,0.589135
1,0.333771
1,0.024868
1,0.050950
1,0.316915
1,0.904282
1,0.717212
1,0.181548
1,0.740379
1,0.238137
1,0.572927
1,0.107279
1,0.460727
1,0.773458
1,0.474608
1,0.580561
1,0.553589
1,0.238852
1,0.784977
1,0.709046
1,0.316882
1,0.855331
1,0.267800
1,0.779201
1,0.019218
1,0.294288
1,0.867799
1,0.377658
1,0.877101
1,0.576160
1,0.493949
1,0.224512
1,0.203143
1,0.329000
1,0.484936
1,0.896599
1,0.838895
1,0.031645
1,0.349022
1,0.136424
1,0.082138
1,0.120177
1,0.788063
1,0.573899
1,0.955162
1,0.572631
1,0.049439
1,0.338234
0,0.918837
0,0.070856
0,0.240939
0,0.284147
0,0.217482
0,0.167293
0,0.434999
0,0.061820
0,0.061842
0,0.108694
0,0.289601
0,0.530903
0,0.073894
0,0.202168
0,0.645714
0,0.100776
0,0.172159
0,0.112284
0,0.126180
0,0.906117
0,0.649985
0,0.103670
0,0.502723
0,0.045827
0,0.015195
0,0.119678
0,0.270800
0,0.217027
0,0.672566
0,0.122070
0,0.575534
0,0.424113
0,0.013731
0,0.962809
0,0.204231
0,0.358426
0,0.291479
0,0.018780
0,0.903206
0,0.185158
0,0.060794
0,0.138275
0,0.238683
0,0.196910
0,0.690671
0,0.327240
0,0.101974
0,0.027165
0,0.035755
0,0.897568
0,0.126944
0,0.786554
0,0.584215
0,0.626991
0,0.798799
0,0.300557
0,0.151639
0,0.142376
0,0.109777
0,0.363021
0,0.036706
0,0.548907
0,0.263695
0,0.163723
0,0.094745
0,0.023592
0,0.364602
1,0.012538
1,0.008044
1,0.004133
1,0.054116
1,0.029107
1,0.019173
1,0.015376
1,0.015265
1,0.021829
1,0.032308
1,0.012087
1,0.004778
1,0.012187
1,0.030318
1,0.078426
1,0.017987
1,0.014518
1,0.090692
1,0.056129
1,0.022309
1,0.053273
1,0.024129
1,0.047451
1,0.009594
1,0.005101
1,0.013034
1,0.020897
1,0.004448
1,0.261366
1,0.023234
1,0.013481
1,0.006358
1,0.008049
1,0.006771
1,0.006158
1,0.034649
1,0.019296
1,0.018200
1,0.027435
1,0.025944
1,0.022922
1,0.011933
1,0.003610
1,0.015475
1,0.009629
1,0.021214
1,0.036145
1,0.002699
1,0.019749
1,0.037630
1,0.010797
1,0.013367
1,0.023531
1,0.006462
1,0.003218
1,0.009910
1,0.134204
1,0.116851
1,0.208966
1,0.284108
1,0.397504
1,0.817123
1,0.945001
1,0.653978
1,0.042699
1,0.744977
1,0.062196
1,0.103800
1,0.078844
1,0.093036
1,0.165497
1,0.097960
1,0.157950
1,0.310781
1,0.610428
1,0.019307
1,0.263469
1,0.702503
1,0.391183
1,0.308363
1,0.095547
1,0.403059
1,0.857217
1,0.652111
1,0.245333
1,0.149010
1,0.334586
1,0.234530
1,0.164351
1,0.052522
1,0.012062
1,0.003965
1,0.005838
1,0.028221
1,0.007869
1,0.029867
1,0.008195
1,0.002271
1,0.002014
1,0.320072
1,0.332823
1,0.078219
1,0.122573
1,0.821077
1,0.120852
1,0.487584
1,0.069190
1,0.287438
1,0.092333
1,0.032300
1,0.006378
1,0.009860
1,0.009648
1,0.004829
1,0.025280
1,0.062476
1,0.196671
0,0.081630
0,0.016178
0,0.034329
0,0.085001
0,0.029270
0,0.012269
0,0.003527
0,0.023464
0,0.017296
0,0.033789
0,0.076116
0,0.050740
0,0.038196
0,0.014680
0,0.010705
0,0.042092
0,0.087718
0,0.025002
0,0.020757
0,0.007697
0,0.016859
0,0.032470
0,0.025207
0,0.030444
0,0.011155
0,0.181668
0,0.951636
0,0.326236
0,0.682472
0,0.008847
0,0.331395
0,0.209353
0,0.397013
0,0.340635
0,0.120829
0,0.003064
0,0.015740
0,0.048387
0,0.034760
0,0.018717
0,0.172383
0,0.053423
0,0.027875
0,0.041290
0,0.297251
0,0.129561
0,0.026976
0,0.369599
0,0.052129
0,0.015352
0,0.009915
0,0.050883
0,0.026091
0,0.030336
0,0.040160
0,0.310999
0,0.308150
0,0.043416
0,0.052171
0,0.596909
0,0.667114
0,0.616602
0,0.044320
0,0.330358
0,0.070953
0,0.021329
0,0.032912
0,0.009970
0,0.012435
0,0.016233
0,0.022648
0,0.256618
0,0.023711
0,0.032441
0,0.074030
0,0.067178
0,0.050212
0,0.056001
0,0.087893
0,0.084201
0,0.049322
0,0.246935
0,0.132332
0,0.124108
0,0.047037
0,0.109768
0,0.042667
0,0.003472
0,0.100446
0,0.030332
0,0.054798
0,0.902483
0,0.117808
0,0.863608
0,0.084324
0,0.019989
0,0.039706
0,0.023096
0,0.055056
0,0.049263
1,0.968359
1,0.928924
1,0.895975
1,0.946531
1,0.951020
1,0.993367
1,0.995637
1,0.971022
1,0.924798
1,0.971669
1,0.966006
1,0.769522
1,0.968651
1,0.882629
1,0.957191
1,0.987581
1,0.995127
1,0.994636
1,0.437545
1,0.946555
1,0.846874
1,0.960515
1,0.935258
1,0.941799
1,0.969126
1,0.998567
1,0.989470
1,0.976932
1,0.857067
1,0.946221
1,0.568617
1,0.973953
1,0.861095
1,0.364384
1,0.445881
1,0.736121
1,0.965266
1,0.735652
1,0.471007
1,0.924712
1,0.630108
1,0.789612
1,0.958904
1,0.979983
1,0.996495
1,0.991832
1,0.991923
1,0.991146
1,0.985855
1,0.952141
1,0.911326
1,0.951231
1,0.951010
1,0.970972
1,0.959331
1,0.971198
1,0.601478
1,0.924667
1,0.950969
1,0.264660
1,0.975091
1,0.958468
1,0.978350
1,0.965325
1,0.955348
1,0.911541
1,0.933524
1,0.986498
1,0.526323
1,0.595961
1,0.637725
1,0.654915
1,0.933677
1,0.959795
1,0.993025
1,0.796855
1,0.692733
1,0.713951
1,0.965290
1,0.955974
1,0.893821
1,0.986256
1,0.614673
1,0.736261
1,0.980970
1,0.618650
1,0.952139
1,0.995031
1,0.950394
1,0.967965
1,0.837638
1,0.985102
1,0.993061
1,0.995198
1,0.760422
1,0.983327
1,0.919919
1,0.950116
1,0.969470
1,0.970726
1,0.057319
1,0.929334
1,0.127212
1,0.055553
1,0.875286
1,0.554756
1,0.327978
1,0.539016
1,0.440505
1,0.376073
1,0.748349
1,0.678775
1,0.589297
1,0.348659
1,0.095443
1,0.417342
1,0.043142
1,0.139417
1,0.009069
1,0.030929
1,0.457725
1,0.213571
1,0.073397
1,0.775002
1,0.026526
1,0.477022
1,0.085079
1,0.211722
1,0.345827
1,0.523070
1,0.453841
1,0.143608
1,0.007531
1,0.017943
1,0.023753
1,0.046140
1,0.490762
1,0.844796
1,0.100305
1,0.781359
1,0.759133
1,0.152850
1,0.427252
1,0.884043
1,0.085439
1,0.742377
1,0.140804
1,0.106553
1,0.301349
1,0.929142
1,0.218929
1,0.461303
1,0.223659
1,0.207378
1,0.620930
1,0.757571
1,0.384956
1,0.558584
1,0.151325
1,0.031815
1,0.394544
1,0.170860
1,0.871461
1,0.012606
1,0.974070
1,0.771717
1,0.839715
1,0.742851
1,0.481161
1,0.277439
1,0.150123
1,0.598673
1,0.197216
1,0.463094
1,0.752666
1,0.888989
1,0.908928
1,0.767013
1,0.360365
1,0.512561
1,0.389896
1,0.089601
1,0.708280
1,0.268832
1,0.804197
1,0.711723
1,0.578811
1,0.619894
1,0.620054
1,0.949399
1,0.848514
1,0.424935
1,0.037500
1,0.961436
1,0.909093
1,0.881495
1,0.957875
1,0.884341
1,0.477987
1,0.805727
0,0.741461
0,0.523115
0,0.445375
0,0.422692
0,0.597110
0,0.631431
0,0.635091
0,0.162029
0,0.471802
0,0.689269
0,0.822883
0,0.499430
0,0.884461
0,0.401676
0,0.857717
0,0.918951
0,0.672702
0,0.696714
0,0.709770
0,0.033108
0,0.029494
0,0.131741
0,0.636766
0,0.061777
0,0.590227
0,0.665213
0,0.068448
0,0.176865
0,0.337795
0,0.851577
0,0.717956
0,0.156725
0,0.520198
0,0.910331
0,0.038940
0,0.360860
0,0.070300
0,0.098059
0,0.715887
0,0.971565
0,0.754663
0,0.938988
0,0.853645
0,0.893412
0,0.717946
0,0.129594
0,0.668033
0,0.587098
0,0.643705
0,0.372005
0,0.668740
0,0.083954
0,0.946735
0,0.925099
0,0.768857
0,0.432268
0,0.848417
0,0.744039
0,0.397876
0,0.613893
0,0.945731
0,0.804976
0,0.786770
0,0.789925
0,0.862777
0,0.787182
0,0.976866
0,0.157108
0,0.965221
0,0.973002
0,0.987134
0,0.947296
0,0.870576
0,0.771276
0,0.908566
0,0.857657
0,0.835267
0,0.848338
0,0.614304
0,0.638714
0,0.134143
0,0.881279
0,0.735819
0,0.544192
0,0.738154
0,0.066898
0,0.215721
0,0.656856
0,0.806922
0,0.347780
0,0.594865
0,0.812190
0,0.745290
0,0.970033
0,0.843337
0,0.865135
0,0.613838
0,0.880566
0,0.785021
0,0.080575
0,0.102407
0,0.017689
0,0.359189
0,0.026080
0,0.039509
0,0.026773
0,0.115713
0,0.016041
0,0.013023
0,0.047045
0,0.222280
0,0.296394
0,0.006096
0,0.210860
0,0.047761
0,0.010411
0,0.467914
0,0.037316
0,0.096740
0,0.413853
0,0.258731
0,0.002667
0,0.004982
0,0.007100
0,0.031034
0,0.074104
0,0.060557
0,0.121297
0,0.035880
0,0.075039
0,0.024575
0,0.019255
0,0.101433
0,0.014811
0,0.323262
0,0.007473
0,0.064456
0,0.071520
0,0.128025
0,0.071434
0,0.094066
0,0.130970
0,0.092205
0,0.091647
0,0.056090
0,0.022846
0,0.006969
0,0.068276
0,0.240841
0,0.053908
0,0.045638
0,0.363387
0,0.027211
0,0.552719
0,0.415418
0,0.697921
0,0.063576
0,0.561702
0,0.016218
0,0.126156
0,0.018850
0,0.103774
0,0.035021
0,0.032238
0,0.055592
0,0.015138
0,0.430829
0,0.225611
0,0.117856
0,0.095010
0,0.543136
0,0.035364
0,0.142969
0,0.018715
0,0.019844
0,0.095901
0,0.020943
0,0.687676
0,0.365022
0,0.318783
0,0.030904
0,0.430278
0,0.014177
1,0.013756
1,0.061571
1,0.013164
1,0.074730
1,0.050759
1,0.457080
1,0.170030
1,0.017129
1,0.401721
1,0.082134
1,0.011100
1,0.080035
1,0.038420
1,0.010994
1,0.082696
1,0.005168
1,0.013547
1,0.046083
1,0.004386
1,0.004946
1,0.010005
1,0.022828
1,0.008226
1,0.020215
1,0.004187
1,0.059382
1,0.025452
1,0.007097
1,0.015102
1,0.006168
1,0.012786
1,0.023369
1,0.004517
1,0.044034
1,0.015328
1,0.025724
1,0.236593
1,0.103982
1,0.413213
1,0.070371
1,0.187183
1,0.026080
1,0.264740
1,0.109471
1,0.055855
1,0.156096
1,0.011411
1,0.169322
1,0.200634
1,0.033544
1,0.021626
1,0.019195
1,0.127968
1,0.010820
1,0.016049
1,0.053610
1,0.103832
1,0.019127
1,0.023469
1,0.076294
1,0.034060
1,0.100940
1,0.122519
1,0.061702
1,0.104289
1,0.170564
1,0.009082
1,0.030538
1,0.821188
1,0.173980
1,0.036289
1,0.012113
1,0.038137
0,0.367400
0,0.045802
0,0.036261
0,0.087702
0,0.061970
0,0.970884
0,0.968233
0,0.684213
0,0.338519
0,0.122821
0,0.139638
0,0.747029
0,0.200272
0,0.179698
0,0.151025
0,0.037913
0,0.597263
0,0.094643
0,0.570386
0,0.957932
0,0.704051
0,0.579425
0,0.157781
0,0.449062
0,0.337889
0,0.026270
0,0.096467
0,0.617213
0,0.539673
0,0.167869
0,0.139349
0,0.961931
0,0.818564
0,0.899115
0,0.964100
0,0.543718
0,0.943436
0,0.347339
0,0.262752
0,0.569520
0,0.715585
0,0.744098
0,0.845988
0,0.192443
0,0.666681
0,0.582226
0,0.818136
0,0.073700
0,0.114843
0,0.049007
0,0.027756
0,0.065985
0,0.644225
0,0.226207
0,0.954760
0,0.408064
0,0.142224
0,0.276036
0,0.067450
0,0.334258
0,0.005446
0,0.046259
0,0.005759
0,0.253695
0,0.296582
0,0.011940
0,0.937648
0,0.750889
0,0.152455
0,0.020443
0,0.176745
0,0.041389
0,0.050271
0,0.375781
0,0.606093
0,0.575145
0,0.417864
0,0.192030
0,0.414347
0,0.006440
0,0.019889
0,0.048013
0,0.092086
0,0.453583
0,0.750876
0,0.047920
0,0.062001
0,0.526613
0,0.061313
0,0.041611
0,0.011564
0,0.097352
0,0.711560
0,0.159328
0,0.354982
0,0.778861
0,0.674166
0,0.051509
0,0.003420
0,0.018921
1,0.026712
1,0.004640
1,0.001237
1,0.001263
1,0.003307
1,0.000641
1,0.001997
1,0.005233
1,0.001826
1,0.000743
1,0.001731
1,0.002970
1,0.002838
1,0.014892
1,0.029065
1,0.005711
1,0.012063
1,0.006867
1,0.013305
1,0.001464
1,0.044704
1,0.017622
1,0.004567
1,0.030808
1,0.020552
1,0.012343
1,0.005351
1,0.005291
1,0.022965
1,0.006135
1,0.019441
1,0.034142
1,0.001290
1,0.007466
1,0.020050
1,0.012503
1,0.005513
1,0.005571
1,0.012634
1,0.027991
1,0.009652
1,0.012077
1,0.028276
1,0.000279
1,0.018152
1,0.008416
1,0.012945
1,0.006810
1,0.009977
0,0.039665
0,0.039095
0,0.039095
0,0.039095
0,0.063008
0,0.012676
0,0.008306
0,0.022371
0,0.026783
0,0.011147
0,0.011263
0,0.012489
0,0.023570
0,0.154456
0,0.375960
0,0.344658
0,0.129665
0,0.099274
0,0.014856
0,0.094212
0,0.118275
0,0.463323
0,0.485773
0,0.049404
0,0.032363
0,0.027733
0,0.035409
0,0.058226
0,0.007935
0,0.001597
0,0.003471
0,0.005989
0,0.058714
0,0.002615
0,0.003002
0,0.004255
0,0.021690
0,0.019096
0,0.002958
0,0.011209
0,0.007436
0,0.006944
0,0.007737
0,0.003262
0,0.010871
0,0.005425
0,0.006646
0,0.010421
0,0.011538
0,0.003186
0,0.004389
0,0.018943
0,0.002911
0,0.016848
0,0.002193
0,0.006105
0,0.004226
0,0.024567
0,0.020714
0,0.025922
0,0.030579
0,0.019313
0,0.044372
0,0.009615
0,0.003968
0,0.017218
0,0.014105
0,0.002574
0,0.098497
0,0.010296
0,0.051472
0,0.006329
0,0.015566
0,0.061127
0,0.062246
0,0.035194
0,0.206658
0,0.025932
0,0.004856
0,0.076399
0,0.032951
0,0.148968
0,0.109050
0,0.030500
0,0.074336
0,0.040799
0,0.125931
0,0.002979
0,0.025098
0,0.005720
0,0.007676
0,0.004147
0,0.019908
0,0.003972
0,0.002327
0,0.003790
0,0.002478
0,0.001311
0,0.001101
0,0.001667
0,0.018812
0,0.120517
0,0.046627
0,0.062956
0,0.541349
0,0.079158
0,0.093223
0,0.566838
0,0.119951
0,0.066742
0,0.011602
0,0.014137
0,0.014313
0,0.010275
0,0.025547
0,0.007567
0,0.039533
0,0.006884
0,0.006015
0,0.566409
0,0.034968
0,0.008074
0,0.053299
0,0.043523
0,0.018149
0,0.068046
0,0.023882
0,0.007157
0,0.027910
0,0.087230
0,0.010487
0,0.067962
0,0.007468
0,0.005189
0,0.002883
0,0.001328
0,0.003354
0,0.006778
0,0.042949
0,0.010069
0,0.038757
0,0.032674
0,0.008633
0,0.012643
0,0.007579
0,0.095502
0,0.016113
0,0.284439
0,0.101533
0,0.022555
0,0.056360
0,0.502398
0,0.099654
0,0.102983
0,0.025291
0,0.008191
0,0.022389
0,0.072812
0,0.019680
0,0.005225
0,0.043001
0,0.413611
0,0.077426
0,0.056595
0,0.012711
0,0.006664
0,0.016298
0,0.013803
0,0.014700
0,0.014751
0,0.005294
0,0.015229
0,0.003226
0,0.000568
0,0.002082
0,0.042148
0,0.017236
0,0.004894
0,0.003189
0,0.018188
0,0.016021
0,0.039785
0,0.003494
0,0.029579
0,0.057339
0,0.019657
0,0.012632
0,0.004867
0,0.007525
0,0.007559
0,0.006632
0,0.007397
0,0.002216
0,0.005610
0,0.016041
0,0.016311
0,0.002088
0,0.007081
0,0.020686
0,0.013918
0,0.007606
0,0.004739
0,0.009044
0,0.023247
0,0.078847
0,0.018082
0,0.006393
0,0.014665
0,0.053108
0,0.005401
0,0.009295
0,0.019327
0,0.005882
0,0.011487
0,0.004452
0,0.008744
0,0.058729
0,0.038273
0,0.003889
0,0.007083
0,0.073474
0,0.013377
0,0.004017
0,0.007848
0,0.004849
0,0.002447
0,0.020311
0,0.009755
0,0.033217
0,0.020424
0,0.011326
0,0.064074
0,0.014915
0,0.050866
0,0.033714
0,0.004683
0,0.009290
0,0.019237
0,0.003770
0,0.009062
0,0.019845
0,0.018455
0,0.016661
0,0.001912
0,0.007095
0,0.003292
0,0.002072
0,0.016738
0,0.009191
0,0.007590
0,0.022326
0,0.007644
0,0.019024
0,0.012731
0,0.019464
0,0.024070
0,0.022321
0,0.009441
0,0.049056
0,0.010747
0,0.009009
0,0.003939
0,0.013288
0,0.004826
0,0.012784
1,0.174636
1,0.081867
1,0.062520
1,0.020660
1,0.015455
1,0.873519
1,0.349540
1,0.471566
1,0.858941
1,0.647643
1,0.042595
1,0.053192
1,0.033957
1,0.156975
1,0.018325
1,0.006428
1,0.039606
1,0.054673
1,0.031013
1,0.010707
1,0.024787
1,0.022352
1,0.023078
1,0.009318
1,0.051258
1,0.004851
1,0.044431
1,0.030267
1,0.056783
1,0.116203
1,0.065177
1,0.014467
1,0.140833
1,0.177321
1,0.013765
1,0.031090
1,0.165175
1,0.007059
1,0.062675
1,0.086801
1,0.147387
1,0.018812
1,0.194179
1,0.182290
1,0.042156
1,0.371821
1,0.076904
1,0.041896
1,0.013907
1,0.077445
1,0.045077
1,0.350404
1,0.035924
1,0.025117
1,0.009410
1,0.009371
1,0.047757
1,0.344256
1,0.042716
1,0.196197
1,0.028686
1,0.023239
1,0.075379
1,0.079184
1,0.009730
1,0.243579
1,0.014443
1,0.049145
1,0.027388
1,0.403952
1,0.102358
1,0.155015
1,0.042516
1,0.138560
1,0.086532
1,0.178567
1,0.103861
1,0.693486
1,0.826846
1,0.827033
1,0.837753
1,0.431929
1,0.410922
1,0.256249
1,0.610491
1,0.228886
1,0.633228
1,0.290540
1,0.300790
1,0.599641
1,0.039703
1,0.253374
1,0.617585
1,0.460423
1,0.302387
1,0.332987
1,0.435962
1,0.176309
1,0.126858
1,0.572525
1,0.070272
1,0.302865
1,0.807514
1,0.536692
1,0.924513
1,0.717294
1,0.195000
1,0.716007
1,0.723045
1,0.237702
1,0.558493
1,0.192698
1,0.385332
1,0.244286
1,0.521445
1,0.844899
1,0.027915
1,0.127563
1,0.905852
1,0.536898
1,0.847728
1,0.131711
1,0.403196
1,0.866435
1,0.352835
1,0.824623
1,0.258474
1,0.480997
1,0.886122
1,0.467141
0,0.007191
0,0.073921
0,0.009167
0,0.140329
0,0.030238
0,0.061753
0,0.084886
0,0.022836
0,0.003626
0,0.171212
0,0.017492
0,0.005503
0,0.003170
0,0.000528
0,0.002238
0,0.003545
0,0.013738
0,0.001953
0,0.005425
0,0.018930
0,0.009182
0,0.001704
0,0.004255
0,0.004069
0,0.006603
0,0.048278
0,0.002917
0,0.035783
0,0.193945
0,0.183914
0,0.044978
0,0.005751
0,0.044247
0,0.287969
0,0.066065
0,0.008349
0,0.063004
0,0.002691
0,0.002454
0,0.000778
0,0.005329
0,0.002965
0,0.002809
0,0.004137
0,0.002384
0,0.011271
0,0.049973
0,0.059558
0,0.256416
0,0.131394
0,0.031652
0,0.012677
0,0.013903
0,0.017764
0,0.008924
0,0.021728
0,0.017143
0,0.008781
0,0.032122
0,0.023363
0,0.119259
0,0.049380
0,0.017663
0,0.021774
0,0.016000
0,0.016605
0,0.127056
0,0.156389
0,0.190748
0,0.052259
0,0.065194
0,0.032517
0,0.041106
0,0.090596
0,0.118126
0,0.056627
0,0.047712
0,0.018037
0,0.009327
0,0.019930
0,0.033484
0,0.009586
0,0.017363
0,0.011018
0,0.006281
0,0.085108
0,0.019835
0,0.030415
0,0.027334
0,0.013422
0,0.011086
0,0.026434
0,0.126605
0,0.016373
0,0.024187
0,0.151985
0,0.009020
0,0.046330
0,0.011888
0,0.144154
0,0.038992
0,0.029865
0,0.010640
0,0.005519
0,0.097774
0,0.005310
0,0.040216
0,0.026985
0,0.008933
0,0.034624
0,0.020428
0,0.035299
0,0.013350
0,0.009549
0,0.016665
0,0.058821
0,0.009543
0,0.009391
0,0.005769
0,0.008079
0,0.002147
0,0.107289
0,0.002819
0,0.002016
1,0.052881
1,0.074317
1,0.508921
1,0.116776
1,0.739627
1,0.315569
1,0.264496
1,0.451409
1,0.100711
1,0.136360
1,0.294383
1,0.355483
1,0.263092
1,0.910914
1,0.495382
1,0.118997
1,0.491519
1,0.564838
1,0.172393
1,0.747508
1,0.098147
1,0.083069
1,0.121284
1,0.440156
1,0.047200
1,0.345418
1,0.146476
1,0.681648
1,0.133243
1,0.188592
1,0.292455
1,0.176733
1,0.289594
1,0.297440
1,0.060872
1,0.103328
1,0.538347
1,0.410222
1,0.652467
1,0.101095
1,0.423759
1,0.545384
1,0.044925
1,0.020423
1,0.058879
1,0.072630
1,0.245806
1,0.039885
1,0.415398
1,0.078453
1,0.507971
1,0.089743
1,0.067732
1,0.686011
1,0.316302
1,0.483956
1,0.039895
1,0.185689
1,0.102231
1,0.106567
0,0.088948
0,0.347641
0,0.199832
0,0.081384
0,0.598507
0,0.245976
0,0.707112
0,0.090955
0,0.853247
0,0.105924
0,0.048917
0,0.562652
0,0.432614
0,0.417306
0,0.974277
0,0.054351
0,0.436544
0,0.395172
0,0.677337
0,0.091427
0,0.184443
0,0.087490
0,0.667897
0,0.048214
0,0.137756
0,0.138573
0,0.207939
0,0.311204
0,0.081258
0,0.140383
0,0.417226
0,0.625515
0,0.751329
0,0.640784
0,0.871241
0,0.021265
0,0.060700
0,0.665169
0,0.808769
0,0.098820
0,0.029324
0,0.015644
0,0.082925
0,0.396024
0,0.018118
0,0.847572
0,0.013806
0,0.202518
0,0.522209
0,0.910107
0,0.476964
0,0.791747
0,0.094910
0,0.108125
0,0.668288
0,0.022258
0,0.789270
0,0.257175
0,0.851249
0,0.968394
0,0.710722
0,0.040774
0,0.030783
0,0.434364
0,0.594599
0,0.197743
0,0.130314
0,0.030074
0,0.194517
0,0.058304
0,0.690499
0,0.752734
0,0.635446
0,0.363489
0,0.516376
0,0.025877
0,0.299743
0,0.851243
0,0.555458
0,0.065028
0,0.577282
0,0.606238
0,0.897416
0,0.157331
0,0.015373
0,0.088750
0,0.675682
0,0.121721
0,0.349301
0,0.065238
0,0.044356
0,0.576202
0,0.927494
0,0.712364
0,0.505925
0,0.928271
0,0.787069
0,0.930365
0,0.685733
0,0.694778
1,0.002145
1,0.004893
1,0.034352
1,0.050273
1,0.050243
1,0.015387
1,0.005450
1,0.003088
1,0.005644
1,0.002448
1,0.001217
1,0.001953
1,0.001005
1,0.015860
1,0.008734
1,0.028232
1,0.006095
1,0.003579
1,0.003938
1,0.002101
1,0.012922
1,0.017878
1,0.002368
1,0.011625
1,0.015566
1,0.001891
1,0.009363
1,0.005112
1,0.007461
1,0.000874
1,0.003682
1,0.002860
1,0.027039
1,0.082066
1,0.007525
1,0.012084
1,0.036466
1,0.008518
1,0.012027
1,0.002652
1,0.007193
1,0.024608
1,0.004062
1,0.009921
1,0.011921
1,0.037115
1,0.023433
1,0.018454
1,0.059212
1,0.005971
1,0.014874
1,0.005974
1,0.005423
1,0.003930
1,0.013841
1,0.006269
1,0.061427
1,0.029830
1,0.052468
1,0.009073
1,0.019168
1,0.026372
1,0.065644
1,0.014611
1,0.247622
1,0.631996
1,0.274714
1,0.695552
1,0.162287
1,0.074380
1,0.415788
1,0.279023
1,0.089192
1,0.391802
1,0.151701
1,0.058917
1,0.047310
1,0.107096
1,0.604587
1,0.008225
1,0.007909
1,0.037252
1,0.127639
1,0.171191
1,0.084285
1,0.012822
1,0.181293
1,0.794272
1,0.192180
1,0.891177
1,0.453723
1,0.724037
1,0.887001
1,0.254344
1,0.990526
1,0.977328
1,0.354667
1,0.961068
1,0.752546
1,0.303350
1,0.887173
1,0.127691
1,0.085007
1,0.527117
1,0.019832
1,0.008036
1,0.856704
1,0.075191
1,0.388509
1,0.710862
1,0.540976
1,0.564573
1,0.994972
1,0.983352
1,0.438184
1,0.940349
0,0.033176
0,0.008885
0,0.021048
0,0.031303
0,0.194084
0,0.005086
0,0.005201
0,0.038980
0,0.008636
0,0.014847
0,0.065427
0,0.016109
0,0.013569
0,0.004709
0,0.008278
0,0.198762
0,0.036376
0,0.032959
0,0.023642
0,0.006671
0,0.046559
0,0.012368
0,0.004881
0,0.023096
0,0.030879
0,0.121746
0,0.015759
0,0.032343
0,0.030032
0,0.010429
0,0.035148
0,0.125619
0,0.042455
0,0.042881
0,0.023613
0,0.012438
0,0.011369
0,0.067095
0,0.056991
0,0.009801
0,0.026745
0,0.023976
0,0.015998
0,0.099277
0,0.008347
0,0.010896
0,0.133675
0,0.006388
0,0.008708
0,0.045701
0,0.036171
0,0.022064
0,0.028794
0,0.022810
0,0.039101
0,0.093772
0,0.034416
0,0.076358
0,0.009340
0,0.004652
0,0.025207
0,0.036708
0,0.007517
0,0.013800
0,0.006315
0,0.016030
0,0.036340
0,0.069206
0,0.041414
0,0.034634
0,0.135455
0,0.025796
0,0.007959
0,0.004971
0,0.025729
0,0.081313
0,0.018181
0,0.061685
0,0.015544
0,0.015906
0,0.010043
0,0.092869
0,0.005476
0,0.063338
0,0.008302
0,0.003112
0,0.003339
0,0.016240
0,0.006626
0,0.003914
0,0.002304
0,0.011193
0,0.048313
0,0.003140
0,0.005755
0,0.064683
0,0.033272
0,0.016766
0,0.014586
0,0.019881
0,0.022601
0,0.010730
0,0.002569
0,0.002985
0,0.136421
0,0.010985
0,0.017187
0,0.020829
0,0.131042
0,0.003704
0,0.134736
0,0.104478
0,0.009663
0,0.093572
0,0.122238
0,0.016885
0,0.030308
0,0.019724
0,0.026505
0,0.005971
0,0.014509
0,0.002901
0,0.021984
0,0.024301
0,0.061638
0,0.009619
0,0.711307
0,0.116747
0,0.045796
0,0.021740
0,0.054899
0,0.034025
0,0.034341
0,0.005742
0,0.056983
0,0.123043
0,0.026377
0,0.079897
0,0.011102
0,0.068852
0,0.004873
0,0.015645
0,0.007857
0,0.012663
0,0.005342
0,0.004066
0,0.057504
0,0.019357
0,0.027536
0,0.062676
0,0.116433
0,0.079641
0,0.055030
0,0.017321
0,0.005709
0,0.004381
0,0.231005
0,0.019118
0,0.475429
0,0.064082
0,0.042630
0,0.696857
0,0.032072
0,0.006464
0,0.013026
0,0.021972
0,0.044042
0,0.038232
0,0.033486
0,0.052687
0,0.049179
0,0.043584
0,0.027998
0,0.036712
0,0.069968
0,0.106297
0,0.025653
0,0.033950
0,0.010088
0,0.010365
0,0.012795
0,0.067162
0,0.018992
0,0.013122
0,0.034216
0,0.009152
0,0.009030
0,0.017521
0,0.035572
0,0.028579
0,0.014764
0,0.006514
0,0.043724
0,0.078842
0,0.092840
0,0.189162
0,0.032063
0,0.067364
0,0.113466
0,0.442291
0,0.035783
0,0.110114
0,0.066215
0,0.006585
0,0.056293
0,0.004099
0,0.022131
0,0.020784
0,0.036086
0,0.017141
0,0.030368
0,0.022377
0,0.027566
0,0.089790
0,0.001843
0,0.025556
0,0.049685
0,0.054710
0,0.009568
0,0.012255
0,0.022276
0,0.040003
0,0.016664
0,0.007580
0,0.004713
0,0.209884
0,0.015674
0,0.038605
0,0.035535
0,0.025321
0,0.008669
0,0.025160
0,0.026725
0,0.288705
0,0.036608
0,0.032981
0,0.026158
0,0.036819
0,0.186779
0,0.020286
0,0.090068
0,0.156693
0,0.014675
0,0.023791
0,0.034994
0,0.031352
0,0.040622
0,0.016540
0,0.165478
0,0.049885
0,0.129662
0,0.063914
0,0.147014
0,0.047904
0,0.011584
0,0.140619
0,0.026293
0,0.832341
0,0.238245
0,0.884073
0,0.471907
0,0.538503
0,0.993021
0,0.866653
0,0.776860
0,0.982488
0,0.777130
0,0.995028
0,0.865523
0,0.191283
0,0.954327
0,0.163170
0,0.958500
0,0.461882
0,0.883104
0,0.696522
0,0.960520
0,0.605226
0,0.903129
0,0.077366
0,0.341076
0,0.517431
0,0.365571
0,0.480076
0,0.734317
0,0.321899
0,0.562021
0,0.442873
0,0.151942
0,0.367981
0,0.500635
0,0.959199
0,0.266802
0,0.602327
0,0.931760
0,0.731101
0,0.563725
0,0.778893
0,0.809379
0,0.100938
0,0.440771
0,0.458413
0,0.936361
0,0.658203
0,0.519752
0,0.739879
0,0.551538
0,0.204628
0,0.710808
0,0.732691
0,0.891033
0,0.757028
0,0.637589
0,0.191995
0,0.111424
0,0.756623
0,0.602014
0,0.857276
0,0.906234
0,0.887988
0,0.939488
0,0.914988
0,0.332803
0,0.696440
0,0.560452
0,0.893324
0,0.663919
0,0.449455
0,0.898499
0,0.820323
0,0.905944
0,0.912101
0,0.326135
0,0.276962
0,0.613633
0,0.951350
0,0.804130
0,0.179407
0,0.166523
0,0.060457
0,0.443756
0,0.802138
0,0.961964
0,0.901295
0,0.959961
0,0.957500
0,0.490325
0,0.634906
0,0.994062
0,0.623742
0,0.455697
0,0.380552
0,0.893124
0,0.884930
0,0.240956
0,0.964605
0,0.565322
0,0.449088
0,0.077809
0,0.447266
0,0.013218
0,0.621901
0,0.027429
0,0.785698
0,0.036327
0,0.040444
0,0.038826
0,0.058141
0,0.080878
0,0.054483
0,0.855406
0,0.012192
0,0.202016
0,0.060000
0,0.353770
0,0.181841
0,0.010565
0,0.023001
0,0.358246
0,0.196589
0,0.107241
0,0.042377
0,0.073335
0,0.175993
0,0.045604
0,0.006621
0,0.003072
0,0.057312
0,0.260522
0,0.221883
0,0.072727
0,0.048724
0,0.011504
0,0.157942
0,0.016744
0,0.050238
0,0.012346
0,0.059414
0,0.031384
0,0.107104
0,0.033518
0,0.180555
0,0.013751
0,0.022107
0,0.008212
0,0.009758
0,0.058248
0,0.014098
0,0.011252
0,0.214199
0,0.052377
0,0.117418
0,0.011527
0,0.008071
0,0.032322
0,0.005732
0,0.107062
0,0.009718
0,0.149972
0,0.382029
0,0.024237
0,0.003502
0,0.016166
0,0.007380
0,0.059793
0,0.076098
0,0.071618
0,0.003395
0,0.023890
0,0.158413
0,0.006995
0,0.025847
0,0.017152
0,0.033202
0,0.377091
0,0.028021
0,0.029818
0,0.157419
0,0.077788
0,0.040285
0,0.147185
0,0.053825
0,0.070579
0,0.010078
0,0.006115
0,0.036578
0,0.161418
0,0.020484
0,0.024962
0,0.595291
0,0.077517
0,0.051407
0,0.710332
0,0.007520
0,0.009505
0,0.011143
0,0.026064
0,0.024029
0,0.073367
0,0.010104
0,0.076584
0,0.005351
0,0.010720
0,0.068465
0,0.004771
0,0.139728
0,0.033788
0,0.018043
0,0.017646
0,0.013376
0,0.084404
0,0.006434
0,0.039061
0,0.104055
0,0.003121
0,0.019255
0,0.024467
0,0.017236
0,0.003626
0,0.034594
0,0.124139
0,0.065497
0,0.001829
0,0.013425
0,0.031204
0,0.036365
0,0.008519
0,0.001175
0,0.009938
0,0.018288
0,0.015041
0,0.080877
0,0.005616
0,0.010731
0,0.082457
0,0.007399
0,0.002965
0,0.003770
0,0.007372
0,0.001658
0,0.004729
0,0.001853
0,0.132354
0,0.203691
0,0.002001
0,0.002936
0,0.001084
0,0.001737
0,0.000303
0,0.001839
0,0.003648
0,0.003975
0,0.000583
0,0.001274
0,0.004758
0,0.006877
0,0.002836
0,0.080115
0,0.009651
0,0.032195
0,0.015035
0,0.004946
0,0.004819
0,0.006977
0,0.018963
0,0.002018
0,0.038998
0,0.010775
0,0.008313
0,0.000786
0,0.004209
0,0.466467
0,0.005889
0,0.023107
0,0.002206
0,0.002738
0,0.002043
0,0.001196
0,0.002954
0,0.002977
0,0.000673
0,0.001301
0,0.068388
0,0.011886
0,0.004620
0,0.019860
0,0.018852
0,0.005617
0,0.165186
0,0.058876
0,0.111609
0,0.007472
0,0.020797
0,0.001366
0,0.017435
0,0.008271
0,0.011865
1,0.893025
1,0.800116
1,0.742452
1,0.973992
1,0.917202
1,0.665500
1,0.979072
1,0.968511
1,0.991751
1,0.989962
1,0.970502
1,0.911089
1,0.971355
1,0.508021
1,0.048928
1,0.452280
1,0.194289
1,0.479299
1,0.113725
1,0.956899
1,0.145105
1,0.165545
1,0.246314
1,0.078800
1,0.089594
1,0.050223
1,0.119677
1,0.273770
1,0.402734
1,0.513658
1,0.830047
1,0.194459
1,0.111023
1,0.682443
1,0.616583
1,0.625790
1,0.710200
1,0.202223
1,0.491700
1,0.872519
1,0.763374
1,0.781525
1,0.845615
1,0.671016
1,0.225733
1,0.151653
1,0.272649
1,0.335070
1,0.917767
1,0.945992
1,0.768552
1,0.582233
1,0.286518
1,0.919964
1,0.869285
1,0.752359
1,0.923365
1,0.158102
1,0.610907
1,0.396910
1,0.921241
1,0.741387
1,0.259234
1,0.754830
1,0.979266
1,0.129189
1,0.352861
1,0.351588
1,0.971868
1,0.542926
1,0.943641
1,0.534481
1,0.983752
1,0.957567
1,0.766897
1,0.872001
1,0.588296
1,0.518174
1,0.850063
1,0.267293
1,0.977381
1,0.595633
1,0.939329
1,0.580102
1,0.121764
1,0.360214
1,0.643307
1,0.632986
1,0.616900
1,0.629124
1,0.898855
1,0.884766
1,0.951036
1,0.399602
1,0.838301
0,0.265612
0,0.468819
0,0.157489
0,0.809705
0,0.936045
0,0.056099
0,0.957225
0,0.211612
0,0.166142
0,0.013888
0,0.055269
0,0.231386
0,0.512862
0,0.006299
0,0.695536
0,0.716289
0,0.508180
0,0.063128
0,0.529383
0,0.141059
0,0.013190
0,0.246725
0,0.333853
0,0.987399
0,0.982165
0,0.978223
0,0.523675
0,0.959168
0,0.586327
0,0.454942
0,0.581788
0,0.673168
0,0.133493
0,0.192897
0,0.397149
0,0.020763
0,0.079355
0,0.011190
0,0.916654
0,0.286220
0,0.095998
0,0.252301
0,0.186738
0,0.699316
0,0.157012
0,0.209251
0,0.217245
0,0.032493
0,0.176072
0,0.019840
0,0.505660
0,0.225933
0,0.017414
0,0.018737
0,0.029852
0,0.041159
0,0.011202
0,0.037951
0,0.044237
0,0.047753
0,0.038376
0,0.006069
0,0.036446
0,0.394322
0,0.034700
0,0.027278
0,0.062853
0,0.001254
0,0.025537
0,0.014913
0,0.005506
0,0.011140
0,0.043227
0,0.021651
0,0.034850
0,0.058983
0,0.367294
0,0.095598
0,0.094435
0,0.029354
0,0.030197
0,0.047513
0,0.222479
0,0.232001
0,0.348814
0,0.007210
0,0.020642
0,0.444358
0,0.248772
0,0.017060
0,0.086280
0,0.006568
0,0.022887
0,0.090707
0,0.028138
0,0.024031
0,0.008316
0,0.013993
0,0.054499
0,0.255319
0,0.039680
0,0.031300
0,0.005207
0,0.020941
0,0.012803
0,0.013872
0,0.057847
0,0.026679
0,0.008396
0,0.000795
0,0.047440
0,0.041129
0,0.018759
0,0.026597
0,0.008857
0,0.011052
0,0.084470
0,0.179577
0,0.007832
0,0.053339
0,0.237767
0,0.059717
0,0.022402
0,0.478093
0,0.006017
0,0.006768
0,0.020375
0,0.020489
0,0.003531
0,0.010500
0,0.024903
0,0.032570
0,0.035481
0,0.010281
0,0.009818
0,0.025708
0,0.017588
0,0.009177
0,0.210636
0,0.032502
0,0.135490
0,0.056862
0,0.015659
0,0.022480
0,0.234477
0,0.032109
0,0.130137
0,0.055177
0,0.231407
0,0.067954
0,0.151092
0,0.078450
0,0.084579
1,0.360020
1,0.081809
1,0.394335
1,0.215004
1,0.424341
1,0.946717
1,0.092294
1,0.313989
1,0.126694
1,0.807091
1,0.144600
1,0.021525
1,0.661891
1,0.147051
1,0.987883
1,0.854942
1,0.654554
1,0.385549
1,0.071435
1,0.923896
1,0.306617
1,0.065192
1,0.356100
1,0.249928
1,0.182265
1,0.652477
1,0.195145
1,0.026159
1,0.135092
1,0.329690
1,0.829346
1,0.907144
1,0.482602
1,0.160862
1,0.203790
1,0.231576
1,0.184605
1,0.957195
1,0.633208
1,0.952269
1,0.572700
1,0.117193
1,0.178215
1,0.219294
1,0.074354
1,0.725652
1,0.103660
1,0.108338
1,0.016260
1,0.266812
1,0.443294
1,0.010766
1,0.157282
1,0.474236
1,0.887165
1,0.483620
1,0.566288
1,0.159709
1,0.011542
1,0.777322
1,0.451815
1,0.123255
1,0.994673
1,0.338426
1,0.641729
1,0.988229
1,0.743687
1,0.989096
1,0.941199
1,0.969466
1,0.528489
1,0.733902
1,0.751478
1,0.680809
1,0.123402
1,0.934632
1,0.537800
1,0.756032
1,0.420787
1,0.986600
1,0.531779
1,0.735546
1,0.865180
1,0.802648
1,0.870079
1,0.964592
1,0.430746
1,0.987207
1,0.962963
1,0.951527
1,0.985647
1,0.148050
1,0.699111
1,0.992382
1,0.212175
1,0.980662
1,0.936443
1,0.756689
1,0.942797
1,0.971680
1,0.993636
1,0.944150
1,0.850046
1,0.667347
1,0.568063
1,0.483581
1,0.876235
1,0.810316
1,0.649739
1,0.936590
1,0.729035
1,0.901607
1,0.908593
1,0.899780
1,0.198903
1,0.992037
1,0.552351
1,0.784427
1,0.959137
1,0.327891
1,0.357089
1,0.932569
1,0.789926
1,0.573196
1,0.855670
1,0.711872
1,0.386698
1,0.371166
1,0.983102
1,0.986252
1,0.998090
1,0.936497
1,0.957773
1,0.645692
1,0.092959
1,0.036376
1,0.014214
1,0.319019
1,0.302726
1,0.127052
1,0.043011
1,0.232589
1,0.077456
1,0.070844
1,0.143916
1,0.015768
1,0.015671
1,0.021719
1,0.012177
1,0.024144
1,0.016419
1,0.173761
1,0.027479
1,0.107461
1,0.078782
1,0.009296
1,0.100546
1,0.145367
1,0.312138
1,0.052830
1,0.127224
1,0.556302
1,0.032789
1,0.118877
1,0.278297
1,0.007738
1,0.114684
1,0.025894
1,0.055391
1,0.002073
1,0.365765
1,0.069729
1,0.030610
1,0.002597
1,0.414580
1,0.058104
1,0.024612
1,0.008410
1,0.008781
1,0.235010
1,0.081251
1,0.014363
1,0.616828
1,0.066662
1,0.408210
1,0.046928
1,0.013902
1,0.013363
1,0.157881
1,0.003337
1,0.388576
1,0.044848
1,0.211937
1,0.040441
1,0.308226
1,0.121317
1,0.038695
0,0.267599
0,0.311492
0,0.282090
0,0.207077
0,0.573183
0,0.318494
0,0.651915
0,0.591622
0,0.261199
0,0.574147
0,0.857955
0,0.859553
0,0.949494
0,0.958339
0,0.488554
0,0.434178
0,0.789090
0,0.532382
0,0.514727
0,0.087914
0,0.116927
0,0.551433
0,0.381777
0,0.897917
0,0.665529
0,0.027822
0,0.292275
0,0.331804
0,0.122585
0,0.059429
0,0.935597
0,0.137477
0,0.365135
0,0.093564
0,0.200531
0,0.096641
0,0.046776
0,0.093710
0,0.048179
0,0.095627
0,0.062899
0,0.558571
0,0.066971
0,0.098940
0,0.147669
0,0.045935
0,0.065614
0,0.038994
0,0.866304
0,0.556251
0,0.222479
0,0.390715
0,0.035285
0,0.384079
0,0.290226
0,0.266348
0,0.586625
0,0.001843
0,0.573566
0,0.077962
0,0.018806
0,0.866524
0,0.832829
0,0.008898
0,0.021914
0,0.004379
0,0.044122
0,0.187873
0,0.970928
0,0.026636
0,0.020434
0,0.017485
0,0.009499
0,0.025204
0,0.012066
0,0.191194
0,0.618078
0,0.031086
0,0.004100
0,0.113096
0,0.966200
0,0.984750
0,0.402471
0,0.787433
0,0.937842
0,0.937964
0,0.090711
0,0.052641
0,0.082782
0,0.075209
0,0.165725
0,0.013900
0,0.079006
0,0.036548
0,0.153788
0,0.014591
0,0.005736
0,0.988950
0,0.842108
0,0.022360
0,0.008171
0,0.016854
0,0.019198
0,0.023479
0,0.093983
0,0.015416
0,0.108068
0,0.010829
0,0.762826
0,0.068624
0,0.958647
0,0.614260
0,0.007072
0,0.155204
0,0.178378
0,0.032447
0,0.087707
0,0.629779
0,0.248079
0,0.441870
0,0.746948
0,0.371705
0,0.952972
0,0.128509
0,0.021443
0,0.182224
0,0.323504
0,0.048789
0,0.028320
0,0.619415
0,0.967703
0,0.676936
0,0.048992
0,0.026654
0,0.402759
0,0.037536
0,0.951170
0,0.924435
0,0.094629
0,0.041673
0,0.141337
0,0.210216
0,0.043110
0,0.975684
0,0.989426
0,0.119501
0,0.107188
0,0.047806
0,0.243098
0,0.093291
0,0.653438
0,0.067655
0,0.124019
0,0.041850
0,0.040714
0,0.025852
0,0.076479
1,0.909131
1,0.981117
1,0.990461
1,0.937305
1,0.985405
1,0.453055
1,0.734897
1,0.856977
1,0.626309
1,0.947093
1,0.968876
1,0.773353
1,0.946178
1,0.848543
1,0.179412
1,0.470878
1,0.906365
1,0.982699
1,0.781092
1,0.741733
1,0.741244
1,0.793900
1,0.935328
1,0.990447
1,0.925592
1,0.991479
1,0.969251
1,0.936263
1,0.279706
1,0.982779
1,0.142683
1,0.883474
1,0.936204
1,0.337437
1,0.895175
1,0.946010
1,0.944155
1,0.816145
1,0.955998
1,0.663764
1,0.784195
1,0.970888
1,0.531885
1,0.715867
1,0.764795
1,0.533835
1,0.954783
1,0.831192
1,0.939951
1,0.966558
1,0.949991
1,0.963098
1,0.491880
1,0.961889
1,0.948564
1,0.287744
1,0.757127
1,0.416733
1,0.214967
1,0.557228
1,0.879408
1,0.860783
1,0.693973
1,0.645373
1,0.924447
1,0.840557
1,0.936626
1,0.819627
1,0.958494
1,0.711352
1,0.961363
1,0.898721
1,0.822330
1,0.741846
1,0.348991
1,0.972762
1,0.910359
1,0.481225
1,0.754600
1,0.879309
1,0.798359
1,0.958478
1,0.819181
1,0.933871
1,0.978218
1,0.982385
1,0.973171
1,0.468032
1,0.834618
1,0.935336
1,0.791285
1,0.980053
1,0.929668
1,0.970548
1,0.965660
1,0.944974
1,0.975975
1,0.945249
1,0.454746
1,0.901399
1,0.939144
1,0.169886
1,0.866605
1,0.329655
1,0.590599
1,0.683780
1,0.529249
1,0.029037
1,0.623432
1,0.621551
1,0.959891
1,0.918226
1,0.946152
1,0.960223
1,0.621593
1,0.524657
1,0.819641
1,0.895903
1,0.907694
1,0.496993
1,0.567541
1,0.196997
1,0.015717
1,0.130319
1,0.320047
1,0.307365
1,0.498828
1,0.353503
1,0.781804
1,0.549359
1,0.169274
1,0.901800
1,0.423336
1,0.740961
1,0.284614
1,0.955664
1,0.734521
1,0.915064
1,0.896462
1,0.958193
1,0.587997
1,0.714670
1,0.550580
1,0.149031
1,0.638771
1,0.894149
1,0.902653
1,0.712918
1,0.845243
1,0.549861
1,0.795353
1,0.914047
1,0.794392
1,0.762409
1,0.783510
1,0.655801
1,0.977330
1,0.918378
1,0.850340
1,0.079648
1,0.800643
1,0.844719
1,0.868416
1,0.485575
1,0.550986
1,0.513014
1,0.919704
1,0.641796
1,0.519054
1,0.456980
1,0.813538
1,0.863017
1,0.849201
1,0.801414
1,0.910819
1,0.648522
1,0.528043
1,0.669431
1,0.537493
1,0.962215
1,0.290536
1,0.952666
1,0.879407
1,0.954736
1,0.543664
1,0.770594
1,0.637450
1,0.552292
1,0.905295
1,0.632942
1,0.327435
1,0.224084
1,0.981987
1,0.733779
1,0.635586
1,0.082326
1,0.316193
1,0.802652
1,0.868063
1,0.678024
1,0.045643
1,0.059305
1,0.003903
1,0.003843
1,0.039606
1,0.124273
1,0.233678
1,0.093450
1,0.039331
1,0.196724
1,0.060624
1,0.188887
1,0.009553
1,0.029441
1,0.014694
1,0.004843
1,0.104304
1,0.138347
1,0.035345
1,0.023125
1,0.053212
1,0.011182
1,0.022259
1,0.012989
1,0.041786
1,0.029909
1,0.049810
1,0.035433
1,0.079871
1,0.025478
1,0.022886
1,0.041338
1,0.086610
1,0.004484
1,0.011428
1,0.266139
1,0.066999
1,0.094936
1,0.050896
1,0.395992
1,0.270184
1,0.048698
1,0.250491
1,0.010147
1,0.079655
1,0.060937
1,0.011953
1,0.043564
1,0.057322
1,0.012279
1,0.005042
0,0.453289
0,0.107673
0,0.345517
0,0.019959
0,0.130031
0,0.232486
0,0.800456
0,0.898936
0,0.663935
0,0.569466
0,0.549400
0,0.871607
0,0.814375
0,0.018106
0,0.988147
0,0.133384
0,0.806624
0,0.626782
0,0.487770
0,0.362112
0,0.198125
0,0.024353
0,0.479056
0,0.069358
0,0.332461
0,0.011762
0,0.145893
0,0.013900
0,0.540925
0,0.113054
0,0.307247
0,0.217947
0,0.797130
0,0.561507
0,0.369113
0,0.099420
0,0.552818
0,0.802305
0,0.851282
0,0.134540
0,0.686371
0,0.564824
0,0.271848
0,0.448198
0,0.067541
0,0.746064
0,0.056135
0,0.776513
0,0.671905
0,0.857523
0,0.811831
0,0.067046
0,0.892445
0,0.735211
0,0.372928
0,0.801890
0,0.495093
0,0.981165
0,0.856173
0,0.438737
0,0.730178
0,0.962061
0,0.158285
0,0.063714
0,0.168088
0,0.110697
0,0.798790
0,0.790745
0,0.685787
0,0.906042
0,0.398524
0,0.841156
0,0.886430
0,0.691861
0,0.392244
0,0.068910
0,0.161852
0,0.641527
0,0.021850
0,0.010488
0,0.165774
0,0.268483
0,0.158326
0,0.524451
0,0.317745
0,0.872918
0,0.567472
0,0.986610
0,0.290350
0,0.687090
0,0.757720
0,0.540106
0,0.241071
0,0.032456
0,0.541436
0,0.110088
0,0.942175
0,0.931771
0,0.859082
0,0.914848
0,0.173305
0,0.029610
0,0.002668
0,0.099868
0,0.022842
0,0.006138
0,0.026549
0,0.000876
0,0.005128
0,0.001990
0,0.002575
0,0.217754
0,0.244023
0,0.022495
0,0.017321
0,0.101025
0,0.173888
0,0.377148
0,0.123292
0,0.239516
0,0.058009
0,0.006104
0,0.027865
0,0.005224
0,0.026775
0,0.009525
0,0.022289
0,0.008838
0,0.010229
0,0.014409
0,0.000973
0,0.003529
0,0.014257
0,0.009253
0,0.001835
0,0.002104
0,0.006146
0,0.025506
0,0.007819
0,0.040454
0,0.017972
0,0.480927
0,0.071771
0,0.036937
0,0.552333
0,0.494039
0,0.002794
0,0.002052
0,0.003914
0,0.161949
0,0.028588
0,0.016944
0,0.032132
0,0.009643
0,0.014425
0,0.001927
0,0.039228
0,0.242416
0,0.069150
0,0.043282
0,0.008453
0,0.019001
1,0.486719
1,0.307268
1,0.102037
1,0.004130
1,0.144882
1,0.689440
1,0.809115
1,0.701590
1,0.139105
1,0.132811
1,0.460611
1,0.045845
1,0.039354
1,0.070563
1,0.472983
1,0.128309
1,0.049120
1,0.043795
1,0.007471
1,0.225037
1,0.088473
1,0.014813
1,0.076359
1,0.124776
1,0.262320
1,0.203491
1,0.327124
1,0.087301
1,0.153755
1,0.293039
1,0.698759
1,0.163439
1,0.053124
1,0.029324
1,0.005614
1,0.023419
1,0.023598
1,0.027073
1,0.096469
1,0.014903
1,0.062765
1,0.039554
1,0.090386
1,0.499743
1,0.047858
1,0.998603
1,0.127663
1,0.096270
1,0.187007
1,0.872695
1,0.856301
1,0.232805
1,0.085068
1,0.068930
1,0.036605
1,0.025158
1,0.418074
1,0.035031
1,0.067657
1,0.018563
1,0.044805
1,0.082846
1,0.107159
1,0.531638
1,0.035500
1,0.083663
1,0.367525
1,0.150509
1,0.037682
1,0.011140
1,0.221593
1,0.023499
1,0.036931
1,0.019732
1,0.016959
1,0.098795
1,0.105119
1,0.323869
1,0.032014
1,0.011077
1,0.247481
1,0.137661
1,0.076381
1,0.013580
1,0.016233
1,0.110306
1,0.156798
1,0.032405
1,0.037148
1,0.076813
1,0.024609
1,0.213159
1,0.020441
1,0.364194
1,0.038627
1,0.227919
1,0.255789
1,0.073714
1,0.009946
1,0.148546
1,0.325497
1,0.644409
1,0.157511
1,0.524995
1,0.568924
1,0.218278
1,0.117770
1,0.781485
1,0.251414
1,0.069578
1,0.142016
1,0.161175
1,0.031338
1,0.180551
1,0.069258
1,0.116184
1,0.097265
1,0.779815
1,0.669169
1,0.880322
1,0.025890
1,0.023300
1,0.521864
1,0.313856
1,0.544499
1,0.092331
1,0.017982
1,0.049035
1,0.412776
1,0.262885
1,0.823272
1,0.192706
1,0.032145
1,0.029082
1,0.158771
1,0.454141
1,0.073790
1,0.016094
1,0.090922
1,0.099189
1,0.125960
1,0.124810
1,0.385468
1,0.057931
1,0.637963
1,0.219529
0,0.026618
0,0.002886
0,0.022825
0,0.003376
0,0.008475
0,0.003262
0,0.011667
0,0.001647
0,0.002582
0,0.001400
0,0.004759
0,0.000711
0,0.000419
0,0.001017
0,0.022707
0,0.019502
0,0.004964
0,0.036331
0,0.032139
0,0.004986
0,0.063966
0,0.016025
0,0.012040
0,0.013446
0,0.013221
0,0.009102
0,0.007618
0,0.001032
0,0.046998
0,0.011810
0,0.007065
0,0.005679
0,0.004248
0,0.005579
0,0.002751
0,0.002616
0,0.001834
0,0.027288
0,0.044170
0,0.032287
0,0.008279
0,0.030757
0,0.008400
0,0.002677
0,0.013890
0,0.029809
0,0.004524
0,0.003199
0,0.000724
0,0.002799
0,0.000447
0,0.012492
0,0.006784
0,0.001731
0,0.000934
0,0.000853
0,0.001481
0,0.001862
0,0.003670
0,0.001622
0,0.008805
0,0.000700
0,0.004557
0,0.004108
0,0.004807
0,0.008804
0,0.009473
0,0.007186
0,0.004949
0,0.013127
0,0.002071
0,0.001188
0,0.004794
0,0.003553
0,0.014751
0,0.036268
0,0.015055
0,0.040926
0,0.136735
0,0.011741
0,0.003657
0,0.008059
0,0.014152
0,0.005768
0,0.006419
0,0.001521
0,0.005434
0,0.002039
0,0.006929
0,0.016103
0,0.015975
0,0.003179
0,0.067100
0,0.022356
0,0.006331
0,0.004482
0,0.001452
0,0.002336
0,0.016782
0,0.024639
0,0.671971
0,0.819815
0,0.823287
0,0.840792
0,0.454341
0,0.175842
0,0.609347
0,0.343479
0,0.340667
0,0.072570
0,0.034929
0,0.209287
0,0.599951
0,0.150790
0,0.077811
0,0.608003
0,0.654207
0,0.377749
0,0.345868
0,0.653607
0,0.119766
0,0.368216
0,0.076018
0,0.659016
0,0.109743
0,0.448200
0,0.923221
0,0.386744
0,0.750993
0,0.133723
0,0.044838
0,0.407574
0,0.072683
0,0.155681
0,0.940385
0,0.415448
0,0.096233
0,0.713813
0,0.327752
0,0.346020
0,0.530983
0,0.486194
0,0.319641
0,0.892647
0,0.566208
0,0.799465
0,0.213475
0,0.982513
0,0.449087
0,0.644497
0,0.308292
0,0.723649
0,0.254149
0,0.947729
0,0.976977
0,0.678906
0,0.740497
0,0.209245
0,0.279250
0,0.577347
0,0.908681
0,0.572973
0,0.226217
0,0.341604
0,0.022639
0,0.628335
0,0.657743
0,0.288331
0,0.320091
0,0.647300
0,0.092075
0,0.209740
0,0.609043
0,0.737303
0,0.902538
0,0.810301
0,0.246963
0,0.262982
0,0.493197
0,0.630055
0,0.261080
0,0.177708
0,0.953371
0,0.553969
0,0.803297
0,0.572225
0,0.105102
0,0.065424
0,0.942393
0,0.866187
0,0.963301
0,0.727394
0,0.591916
0,0.886535
0,0.855774
0,0.392283
0,0.959816
1,0.880448
1,0.130122
1,0.519728
1,0.705626
1,0.929044
1,0.556927
1,0.465111
1,0.839987
1,0.305830
1,0.187965
1,0.284335
1,0.278828
1,0.385424
1,0.073993
1,0.546795
1,0.174724
1,0.468112
1,0.068063
1,0.030614
1,0.615579
1,0.068879
1,0.150822
1,0.627571
1,0.601869
1,0.142564
1,0.171032
1,0.814545
1,0.765443
1,0.873192
1,0.203874
1,0.862561
1,0.284903
1,0.576918
1,0.930229
1,0.634418
1,0.376019
1,0.372472
1,0.363255
1,0.724672
1,0.715179
1,0.818613
1,0.359890
1,0.103624
1,0.306774
1,0.195862
1,0.364216
1,0.088874
1,0.835401
1,0.441280
1,0.387099
1,0.508217
1,0.278821
1,0.157385
1,0.161152
1,0.603364
1,0.463075
1,0.271193
1,0.855551
1,0.823061
1,0.050061
1,0.581574
1,0.322728
1,0.528445
1,0.408256
1,0.292946
1,0.212518
1,0.060220
1,0.745582
1,0.851137
1,0.845662
1,0.330607
1,0.622030
1,0.795242
1,0.768103
1,0.696573
1,0.767905
1,0.776452
1,0.702439
1,0.784708
1,0.040909
1,0.918152
1,0.829318
1,0.160191
1,0.492305
1,0.331507
1,0.288030
1,0.671964
1,0.402552
1,0.767828
1,0.673652
1,0.264479
1,0.346495
1,0.137261
1,0.199088
1,0.230248
1,0.057957
1,0.179717
1,0.135608
1,0.656459
1,0.251607
1,0.002686
1,0.000947
1,0.001713
1,0.002619
1,0.002477
1,0.001667
1,0.006924
1,0.002616
1,0.000498
1,0.001228
1,0.003571
1,0.001136
1,0.009908
1,0.000557
1,0.000811
1,0.003504
1,0.005597
1,0.008678
1,0.002066
1,0.000702
1,0.000533
1,0.006148
1,0.003992
1,0.001996
1,0.011610
1,0.003466
1,0.003279
1,0.000484
1,0.000827
1,0.007967
1,0.062665
1,0.012656
1,0.010216
1,0.007597
1,0.002138
1,0.000641
1,0.000965
1,0.001306
1,0.000482
1,0.000528
1,0.000888
1,0.000742
1,0.000671
1,0.001026
1,0.001144
1,0.004132
1,0.001689
1,0.000757
1,0.000861
1,0.002600
1,0.017365
1,0.014629
1,0.003229
1,0.005164
1,0.000524
1,0.007473
1,0.013017
1,0.000981
1,0.000475
1,0.003457
1,0.003743
1,0.000555
1,0.005204
1,0.000918
1,0.000555
1,0.002029
1,0.000179
1,0.002363
1,0.005294
1,0.002840
1,0.010518
1,0.004445
1,0.005905
1,0.015228
1,0.000488
1,0.001253
1,0.001960
1,0.003857
1,0.002308
1,0.056680
1,0.000441
1,0.027945
1,0.001334
1,0.000856
1,0.028551
1,0.000913
1,0.000268
1,0.000645
1,0.004367
1,0.008347
1,0.006198
1,0.001364
1,0.009133
1,0.128414
1,0.008855
1,0.030226
1,0.004621
1,0.014234
1,0.003556
1,0.010180
1,0.033114
1,0.014701
1,0.016277
1,0.012685
1,0.013155
1,0.006958
1,0.017608
1,0.004986
1,0.009120
1,0.006174
1,0.014113
1,0.004811
1,0.016832
1,0.010356
1,0.021913
1,0.003212
1,0.005290
1,0.005415
1,0.017757
1,0.006772
1,0.006663
1,0.006832
1,0.003920
1,0.003705
1,0.004650
1,0.008691
1,0.029484
1,0.016018
1,0.008830
1,0.011242
1,0.004224
1,0.010641
1,0.006153
1,0.014696
1,0.003082
1,0.017516
1,0.013461
1,0.001231
1,0.002381
1,0.003853
1,0.005238
1,0.001127
1,0.015348
1,0.003632
1,0.003728
1,0.001574
1,0.002221
1,0.007931
1,0.004207
1,0.005006
1,0.001009
1,0.000942
1,0.005700
1,0.005203
1,0.038542
1,0.002474
1,0.001028
1,0.010012
1,0.000883
1,0.003537
1,0.054162
1,0.001344
1,0.001061
1,0.000601
1,0.000725
1,0.001599
1,0.002415
1,0.000663
1,0.001524
1,0.000297
1,0.000496
1,0.003849
1,0.002885
1,0.005271
1,0.004588
1,0.002554
1,0.002249
1,0.020540
1,0.004772
1,0.001931
1,0.000577
1,0.001503
1,0.000651
1,0.002321
1,0.001569
1,0.000924
1,0.001067
1,0.000318
1,0.000540
1,0.001693
1,0.000554
1,0.001369
1,0.001436
1,0.010038
0,0.001338
0,0.002162
0,0.002004
0,0.002204
0,0.003542
0,0.006014
0,0.004128
0,0.002807
0,0.003181
0,0.008432
0,0.018575
0,0.016576
0,0.023319
0,0.024728
0,0.020940
0,0.005941
0,0.007006
0,0.007663
0,0.002458
0,0.001978
0,0.004213
0,0.000804
0,0.010699
0,0.002515
0,0.005043
0,0.019626
0,0.011064
0,0.017510
0,0.038728
0,0.006782
0,0.005689
0,0.003595
0,0.002765
0,0.005423
0,0.004121
0,0.001023
0,0.000576
0,0.010583
0,0.001062
0,0.005852
0,0.003007
0,0.002798
0,0.005058
0,0.001669
0,0.000998
0,0.006201
0,0.000492
0,0.010716
0,0.014888
0,0.020488
0,0.006727
0,0.012046
0,0.001477
0,0.001717
0,0.001454
0,0.001953
0,0.008601
0,0.001452
0,0.000407
0,0.009197
0,0.000663
0,0.001073
0,0.003317
0,0.000757
0,0.000559
0,0.002827
0,0.682391
0,0.289515
0,0.397797
0,0.340824
0,0.468293
0,0.252386
0,0.083125
0,0.162167
0,0.348642
0,0.641505
0,0.317171
0,0.892676
0,0.538226
0,0.515486
0,0.498714
0,0.274804
0,0.129566
0,0.415064
0,0.350017
0,0.081101
0,0.062046
0,0.129641
0,0.323436
0,0.168645
0,0.602508
0,0.394832
0,0.323854
0,0.080208
0,0.184435
0,0.067196
0,0.051261
0,0.024311
0,0.288078
0,0.086190
0,0.227392
0,0.548014
0,0.459891
0,0.095377
0,0.335679
0,0.115671
0,0.321242
0,0.101891
0,0.311390
0,0.446585
0,0.389345
0,0.135879
0,0.069515
0,0.235386
0,0.211239
0,0.262350
0,0.209663
0,0.316603
0,0.541874
0,0.842309
0,0.599461
0,0.253835
0,0.597525
0,0.087541
0,0.820005
0,0.525848
0,0.797403
0,0.837425
0,0.199797
0,0.295993
0,0.851281
0,0.446791
0,0.295475
0,0.478390
0,0.882494
0,0.322163
0,0.433853
0,0.091268
0,0.370922
0,0.202840
0,0.172841
0,0.236077
1,0.085714
1,0.039891
1,0.027300
1,0.057354
1,0.139075
1,0.228678
1,0.370043
1,0.010922
1,0.088738
1,0.396472
1,0.057952
1,0.573766
1,0.141737
1,0.023246
1,0.021000
1,0.016290
1,0.003758
1,0.015297
1,0.011662
1,0.010162
1,0.048121
1,0.009955
1,0.012321
1,0.013205
1,0.019986
1,0.035013
1,0.026054
1,0.024074
1,0.027039
1,0.010355
1,0.083761
1,0.011482
1,0.015612
1,0.016647
1,0.045015
1,0.036134
1,0.003056
1,0.009100
1,0.201497
1,0.018590
1,0.018635
1,0.055416
1,0.017452
1,0.070640
1,0.010782
1,0.020379
1,0.005842
1,0.021544
1,0.016469
1,0.036253
1,0.061396
1,0.053688
1,0.274190
1,0.443089
1,0.156510
1,0.015101
1,0.004249
1,0.025172
1,0.008006
1,0.029428
1,0.003670
1,0.002232
1,0.001616
1,0.006502
1,0.010700
1,0.107298
1,0.007071
1,0.001636
1,0.010384
1,0.001520
1,0.001789
1,0.001549
1,0.004752
1,0.006948
1,0.004082
1,0.014380
1,0.005524
1,0.236323
1,0.009222
1,0.003996
1,0.005159
1,0.007198
1,0.025174
1,0.207129
1,0.247595
1,0.354829
1,0.032952
1,0.623728
1,0.490522
1,0.144483
1,0.013492
1,0.109164
1,0.013244
1,0.008565
1,0.034635
1,0.007129
1,0.050153
1,0.021243
1,0.017064
1,0.060057
0,0.012163
0,0.007314
0,0.016752
0,0.004986
0,0.000904
0,0.024003
0,0.003988
0,0.001240
0,0.002983
0,0.001856
0,0.001692
0,0.002312
0,0.006189
0,0.005258
0,0.044528
0,0.003592
0,0.004659
0,0.002372
0,0.002707
0,0.012922
0,0.008934
0,0.005255
0,0.001574
0,0.017326
0,0.011240
0,0.001893
0,0.006172
0,0.002567
0,0.011383
0,0.159008
0,0.009202
0,0.001599
0,0.046603
0,0.010592
0,0.024409
0,0.181709
0,0.036519
0,0.006155
0,0.021679
0,0.004990
0,0.027541
0,0.009846
0,0.002136
0,0.001868
0,0.003477
0,0.002489
0,0.006016
0,0.004115
0,0.007109
0,0.001466
0,0.001716
0,0.004457
0,0.004566
0,0.002747
0,0.007744
0,0.030519
0,0.012713
0,0.666151
0,0.072959
0,0.024296
0,0.061289
0,0.288510
0,0.024194
0,0.076935
0,0.139267
0,0.088432
0,0.109018
0,0.668516
0,0.264563
0,0.714501
0,0.600220
0,0.349667
0,0.851079
0,0.797484
0,0.076849
0,0.062396
0,0.145066
0,0.091011
0,0.438975
0,0.603338
0,0.305953
0,0.221554
0,0.547440
0,0.032069
0,0.033174
0,0.039991
0,0.068178
0,0.027983
0,0.003794
0,0.238114
0,0.477486
0,0.102262
0,0.224871
0,0.066491
0,0.032748
0,0.279989
0,0.570255
0,0.191463
0,0.041181
0,0.023117
0,0.034074
0,0.190906
0,0.204696
0,0.454089
0,0.562126
0,0.088905
0,0.035352
0,0.121549
0,0.043275
0,0.149735
0,0.024435
0,0.367099
0,0.088486
0,0.105653
0,0.028974
0,0.101417
0,0.030068
0,0.047746
0,0.043130
0,0.066358
0,0.013064
0,0.018603
0,0.015419
0,0.016672
0,0.012341
0,0.031104
0,0.056649
0,0.003104
0,0.168458
0,0.041991
0,0.038845
0,0.015525
0,0.006771
0,0.085373
0,0.098661
0,0.009810
0,0.077947
0,0.052933
0,0.111510
0,0.494405
0,0.133214
0,0.191876
0,0.066487
0,0.347649
0,0.636700
0,0.343434
0,0.144257
0,0.640194
0,0.446474
0,0.123123
0,0.199575
0,0.080892
0,0.071506
0,0.049065
0,0.079371
0,0.247339
0,0.154367
0,0.896323
0,0.585949
0,0.063244
0,0.690215
0,0.841004
0,0.915258
0,0.966039
0,0.892733
0,0.429075
0,0.702771
0,0.553104
0,0.372333
0,0.391550
0,0.305843
0,0.555104
0,0.516801
0,0.828252
0,0.754020
0,0.620254
0,0.857858
0,0.169851
0,0.605136
0,0.361367
0,0.024714
0,0.386578
0,0.730438
0,0.446850
0,0.012434
0,0.154474
0,0.168247
0,0.163853
0,0.091197
0,0.482633
0,0.324631
0,0.542942
0,0.513219
0,0.100454
0,0.633265
0,0.715549
0,0.543815
0,0.527595
0,0.237513
0,0.047972
0,0.049684
0,0.763388
0,0.058064
0,0.263602
0,0.127558
0,0.023723
0,0.555066
0,0.489188
0,0.125886
0,0.809765
0,0.080569
0,0.006620
0,0.203272
0,0.583393
0,0.929733
0,0.180858
0,0.070156
0,0.178256
0,0.282615
0,0.105286
0,0.113918
0,0.329583
0,0.160112
0,0.066482
0,0.518759
0,0.049014
0,0.067058
0,0.640698
0,0.311337
0,0.726498
0,0.086693
0,0.170332
0,0.960716
0,0.421248
0,0.068023
0,0.703594
0,0.087310
0,0.360983
0,0.358558
0,0.200214
0,0.002900
0,0.031390
0,0.039612
0,0.163672
0,0.442383
0,0.453964
0,0.397433
0,0.344692
0,0.066455
0,0.060061
0,0.349414
0,0.206640
0,0.311142
0,0.011680
0,0.018858
0,0.536762
0,0.155957
0,0.359909
0,0.243070
0,0.281408
0,0.227562
0,0.192071
0,0.203677
0,0.323908
0,0.300384
0,0.732935
0,0.486798
0,0.944332
0,0.126507
0,0.815630
0,0.356133
0,0.701053
0,0.720234
0,0.161436
0,0.045585
0,0.700028
0,0.725106
0,0.265483
0,0.468766
0,0.194081
0,0.013872
0,0.328865
0,0.115424
0,0.079354
0,0.619659
0,0.136711
0,0.041850
0,0.050585
0,0.136760
0,0.349273
0,0.355606
0,0.160628
0,0.134927
0,0.425544
0,0.213767
0,0.121702
0,0.214889
0,0.059174
0,0.662483
0,0.179182
0,0.408239
0,0.348573
0,0.347104
0,0.797831
0,0.356187
0,0.023063
0,0.176957
0,0.247108
0,0.335826
0,0.502943
0,0.119229
0,0.195372
0,0.468247
0,0.166589
0,0.261134
0,0.358194
0,0.905407
0,0.706982
0,0.095901
0,0.793842
0,0.398988
0,0.150708
0,0.014208
0,0.073592
0,0.610005
0,0.292248
0,0.012881
0,0.193208
0,0.105635
0,0.067301
0,0.235788
0,0.202445
0,0.436995
0,0.282188
0,0.081892
0,0.505200
0,0.307620
0,0.338583
0,0.339023
0,0.784604
0,0.360599
0,0.398953
0,0.292219
1,0.924526
1,0.372003
1,0.773776
1,0.649679
1,0.950944
1,0.553385
1,0.354724
1,0.552785
1,0.818253
1,0.964084
1,0.179458
1,0.532751
1,0.288178
1,0.027954
1,0.897193
1,0.105311
1,0.821379
1,0.704694
1,0.289692
1,0.560769
1,0.676844
1,0.206605
1,0.949494
1,0.175628
1,0.892748
1,0.590720
1,0.485555
1,0.612248
1,0.934865
1,0.584652
1,0.968069
1,0.024990
1,0.011928
1,0.014142
1,0.015073
1,0.004522
1,0.038621
1,0.037650
1,0.052587
1,0.590091
1,0.037742
1,0.104837
1,0.010587
1,0.019172
1,0.015281
1,0.007146
1,0.038123
1,0.008507
1,0.024787
1,0.032139
1,0.635132
1,0.124361
1,0.201395
1,0.039732
1,0.035131
1,0.016900
1,0.032159
1,0.080867
1,0.016815
1,0.625399
1,0.251193
1,0.281469
1,0.038353
1,0.004885
1,0.017394
1,0.016516
1,0.003197
1,0.110299
1,0.018233
1,0.016406
1,0.008171
1,0.032177
1,0.006882
1,0.004861
1,0.035378
1,0.070040
1,0.002229
1,0.002284
1,0.213204
1,0.229070
1,0.120347
1,0.032769
1,0.021087
1,0.003145
1,0.053130
1,0.003021
1,0.257978
1,0.109370
1,0.004207
1,0.215497
1,0.028121
1,0.054025
1,0.016765
1,0.010965
1,0.006615
1,0.011242
1,0.016154
1,0.003161
1,0.001793
1,0.018811
1,0.018118
1,0.081702
1,0.030617
1,0.089068
0,0.175070
0,0.565016
0,0.011060
0,0.160047
0,0.067832
0,0.170419
0,0.049916
0,0.404981
0,0.323078
0,0.131265
0,0.226957
0,0.096015
0,0.093506
0,0.092767
0,0.109774
0,0.072456
0,0.029204
0,0.005101
0,0.040430
0,0.013502
0,0.101937
0,0.040023
0,0.111318
0,0.078239
0,0.377479
0,0.315942
0,0.372030
0,0.054258
0,0.155527
0,0.183420
0,0.675959
0,0.773004
0,0.095260
0,0.768268
0,0.310424
0,0.591200
0,0.400470
0,0.178382
0,0.074375
0,0.077005
0,0.188605
0,0.014756
0,0.042946
0,0.086353
0,0.005624
0,0.247730
0,0.095032
0,0.016625
0,0.003280
0,0.044322
0,0.047645
0,0.011454
0,0.019157
0,0.141189
1,0.001459
1,0.003421
1,0.008600
1,0.005311
1,0.002148
1,0.002641
1,0.008453
1,0.003432
1,0.010279
1,0.002582
1,0.015310
1,0.008689
1,0.004690
1,0.020329
1,0.001958
1,0.002206
1,0.002548
1,0.001240
1,0.003345
1,0.010282
1,0.008645
1,0.028680
1,0.008857
1,0.012562
1,0.008370
1,0.011277
1,0.019114
1,0.001977
1,0.002547
1,0.003857
1,0.000841
1,0.014449
1,0.005581
1,0.015708
1,0.017259
1,0.004166
1,0.016055
1,0.002446
1,0.001752
1,0.003472
1,0.004463
1,0.014233
1,0.005717
1,0.022097
1,0.014485
1,0.001914
1,0.002347
1,0.003615
1,0.002830
1,0.019979
1,0.023929
1,0.009680
1,0.017722
1,0.014967
1,0.006817
1,0.026840
1,0.005263
1,0.043233
1,0.023016
1,0.005752
1,0.023401
1,0.011477
1,0.003723
1,0.001437
1,0.010734
1,0.001277
1,0.012981
1,0.003140
1,0.003108
1,0.002064
1,0.005837
1,0.001792
1,0.017836
1,0.000526
1,0.001818
1,0.004807
1,0.001288
1,0.001525
1,0.003416
1,0.000662
1,0.002395
1,0.001417
1,0.003292
1,0.002226
1,0.001944
1,0.001104
1,0.000517
1,0.001250
1,0.002685
1,0.000439
1,0.001210
1,0.001496
1,0.001011
1,0.000736
1,0.000845
1,0.001410
1,0.000863
1,0.001015
0,0.003785
0,0.005597
0,0.002080
0,0.004202
0,0.006086
0,0.002233
0,0.002020
0,0.004676
0,0.001689
0,0.001826
0,0.001295
0,0.003947
0,0.002549
0,0.002955
0,0.002119
0,0.001658
0,0.006588
0,0.001839
0,0.001159
0,0.001832
0,0.005004
0,0.011490
0,0.005078
0,0.014307
0,0.005605
0,0.001284
0,0.002774
0,0.002720
0,0.002511
0,0.002033
0,0.016507
0,0.010173
0,0.027961
0,0.016971
0,0.004556
0,0.002213
0,0.006361
0,0.006499
0,0.003115
0,0.009155
0,0.014877
0,0.006516
0,0.001444
0,0.009490
0,0.002203
0,0.012104
0,0.006605
0,0.013391
0,0.009147
0,0.003041
0,0.003172
0,0.003325
0,0.000869
0,0.004087
0,0.003273
0,0.010461
0,0.009706
0,0.002537
0,0.003817
0,0.003057
0,0.004952
0,0.004283
0,0.019235
0,0.001811
0,0.011323
0,0.003757
0,0.008477
0,0.006047
0,0.001069
0,0.001787
0,0.000821
0,0.002907
0,0.002018
0,0.000756
0,0.007082
0,0.002924
0,0.002397
0,0.001755
0,0.006936
0,0.020053
0,0.001390
0,0.002934
0,0.001614
0,0.670692
0,0.578990
0,0.340968
0,0.429818
0,0.496286
0,0.215406
0,0.794709
0,0.188991
0,0.422801
0,0.491288
0,0.864862
0,0.592762
0,0.261744
0,0.813532
0,0.971964
0,0.984752
0,0.941201
0,0.947995
0,0.421523
0,0.666162
0,0.970783
0,0.230068
0,0.473549
0,0.237759
0,0.860792
0,0.877370
0,0.372456
0,0.171940
0,0.835380
0,0.951965
0,0.734333
0,0.799311
0,0.615149
0,0.913544
0,0.091071
0,0.512907
0,0.563634
0,0.663993
0,0.930051
0,0.711746
0,0.842258
0,0.903388
0,0.743260
0,0.971882
0,0.998957
0,0.997586
0,0.988973
0,0.991545
0,0.997495
0,0.893446
1,0.848842
1,0.941501
1,0.961755
1,0.968697
1,0.996534
1,0.992582
1,0.976138
1,0.896775
1,0.683489
1,0.930383
1,0.180847
1,0.475482
1,0.957794
1,0.990361
1,0.959238
1,0.775412
1,0.969272
1,0.920653
1,0.950764
1,0.859241
1,0.990460
1,0.977972
1,0.955561
1,0.841752
1,0.993583
1,0.982906
1,0.823388
1,0.894174
1,0.990511
1,0.987579
1,0.943934
1,0.465450
1,0.851488
1,0.907314
1,0.957806
1,0.994774
1,0.994122
1,0.996674
1,0.955625
1,0.996068
1,0.980935
1,0.997158
1,0.989472
1,0.997570
1,0.981158
1,0.803660
1,0.482889
1,0.074220
1,0.150114
1,0.019569
1,0.007996
1,0.087660
1,0.087496
1,0.045241
1,0.051066
1,0.080028
1,0.119715
1,0.143721
1,0.723041
1,0.089984
1,0.885776
1,0.987088
1,0.971346
1,0.962712
1,0.963722
1,0.987462
1,0.872901
1,0.969652
1,0.956836
1,0.962446
1,0.895923
1,0.985767
1,0.106823
1,0.061778
1,0.037609
1,0.362031
1,0.215790
1,0.119361
1,0.058901
1,0.558623
1,0.020797
1,0.063202
1,0.145128
1,0.323933
1,0.945446
1,0.060769
1,0.767590
1,0.991508
1,0.992375
1,0.996988
1,0.824367
1,0.944128
1,0.994053
1,0.979950
1,0.983097
1,0.991646
1,0.972782
1,0.996460
1,0.997228
1,0.293217
1,0.921001
1,0.576791
1,0.080515
1,0.904547
1,0.199470
1,0.194521
1,0.482447
1,0.153295
1,0.596998
1,0.385084
1,0.198753
1,0.321867
1,0.141402
1,0.433260
1,0.513763
1,0.484846
1,0.032237
1,0.091239
1,0.412909
1,0.547136
1,0.186025
1,0.433933
1,0.557537
1,0.220074
1,0.201747
1,0.810285
1,0.460996
1,0.180240
1,0.054094
1,0.410562
1,0.050720
1,0.584716
1,0.877724
1,0.923120
1,0.412402
1,0.267789
1,0.102568
1,0.198280
1,0.166620
1,0.282446
1,0.042782
1,0.870292
1,0.230913
1,0.313530
1,0.055928
1,0.041404
1,0.553211
1,0.081707
1,0.546900
1,0.118278
1,0.253830
1,0.018251
1,0.138266
1,0.176790
1,0.054742
1,0.707928
1,0.055496
1,0.052820
1,0.919397
1,0.341167
1,0.173936
1,0.028949
1,0.018509
1,0.416563
1,0.181437
1,0.744402
1,0.092471
1,0.305145
1,0.034977
1,0.745610
1,0.206359
1,0.138692
1,0.812936
1,0.664801
1,0.708645
1,0.701796
1,0.454294
1,0.086389
1,0.143542
1,0.057514
1,0.237114
1,0.600431
1,0.101044
1,0.404078
0,0.017599
0,0.011924
0,0.659294
0,0.064642
0,0.067252
0,0.004066
0,0.000968
0,0.002932
0,0.102659
0,0.003557
0,0.019330
0,0.050886
0,0.014960
0,0.011759
0,0.001999
0,0.001857
0,0.002870
0,0.029680
0,0.056878
0,0.016269
0,0.021287
0,0.094227
0,0.007250
0,0.054078
0,0.094831
0,0.074955
0,0.125333
0,0.080620
0,0.058999
0,0.080685
0,0.021096
0,0.012476
0,0.027840
0,0.040025
0,0.085373
0,0.150865
0,0.034591
0,0.035406
0,0.234767
0,0.114769
0,0.104796
0,0.005769
0,0.005374
0,0.006445
0,0.004627
0,0.011669
0,0.002600
0,0.005106
0,0.017478
0,0.003942
0,0.005997
0,0.002182
0,0.016465
0,0.004473
0,0.082209
0,0.030078
0,0.003566
0,0.023849
0,0.018711
0,0.319889
0,0.607607
0,0.006346
0,0.040444
0,0.007855
0,0.009854
0,0.001614
0,0.004247
0,0.011384
0,0.024804
0,0.014402
