y_true,y_prob
1,0.984664
1,0.970735
1,0.942216
1,0.397654
1,0.952634
1,0.919647
1,0.521715
1,0.919393
1,0.982162
1,0.940622
1,0.957099
1,0.911966
1,0.661840
1,0.852997
1,0.958496
1,0.916388
1,0.606693
1,0.679618
1,0.973304
1,0.930834
1,0.735874
1,0.486480
1,0.614104
1,0.789698
1,0.975831
1,0.984497
1,0.942621
1,0.801969
1,0.812834
1,0.344725
1,0.731105
1,0.836786
1,0.894894
1,0.985800
1,0.796582
1,0.873437
1,0.859242
1,0.895549
1,0.750124
1,0.896512
1,0.911564
1,0.800634
1,0.859897
1,0.829209
1,0.981289
1,0.862498
1,0.970175
1,0.923096
1,0.426293
1,0.841079
1,0.959487
1,0.726653
1,0.492662
1,0.547905
1,0.646441
1,0.890802
1,0.955524
1,0.715850
1,0.915285
1,0.443971
1,0.868225
1,0.977364
1,0.798559
1,0.819554
1,0.811286
1,0.970147
1,0.715959
1,0.863927
1,0.862149
0,0.540625
0,0.677107
0,0.398879
0,0.073709
0,0.063925
0,0.386059
0,0.915422
0,0.298810
0,0.051122
0,0.083211
0,0.894509
0,0.023121
0,0.014772
0,0.052192
0,0.243814
0,0.227966
0,0.091415
0,0.373110
0,0.006994
0,0.082586
0,0.608148
0,0.144193
0,0.172293
0,0.310060
0,0.780104
0,0.661788
0,0.375000
0,0.409687
0,0.242876
0,0.058371
0,0.039137
0,0.104799
0,0.050563
0,0.014386
0,0.170662
0,0.003826
0,0.009652
0,0.073605
0,0.056671
0,0.013779
0,0.134440
0,0.022879
0,0.019519
0,0.280934
0,0.016838
0,0.112395
0,0.068134
0,0.098980
0,0.134259
0,0.414755
0,0.284248
0,0.356940
0,0.288547
0,0.086210
0,0.021949
0,0.024104
0,0.025616
0,0.113295
0,0.009790
0,0.805203
0,0.506700
0,0.072734
0,0.299359
0,0.066404
0,0.012123
0,0.052665
0,0.082011
0,0.344130
0,0.262782
0,0.248871
0,0.070943
0,0.038918
0,0.202838
0,0.014411
0,0.025668
0,0.199655
0,0.227465
0,0.086318
0,0.376108
0,0.162936
0,0.044690
0,0.096925
0,0.298213
0,0.060679
0,0.348108
0,0.087361
0,0.006975
0,0.201693
0,0.096171
0,0.016162
0,0.072013
0,0.011647
0,0.037310
0,0.076283
0,0.016255
0,0.599782
0,0.019739
0,0.189569
0,0.428955
0,0.016817
0,0.940756
0,0.413756
0,0.063810
0,0.492966
0,0.785583
0,0.009996
0,0.483401
0,0.021960
0,0.275092
0,0.064805
0,0.698235
0,0.614931
0,0.577529
0,0.014203
0,0.205878
0,0.209056
0,0.458896
0,0.337871
0,0.147084
0,0.461788
0,0.752907
0,0.023762
0,0.138109
0,0.746553
0,0.452288
0,0.649850
0,0.728708
0,0.083648
0,0.605708
0,0.880086
0,0.808650
0,0.785565
0,0.425044
0,0.149071
0,0.041487
0,0.149984
0,0.805621
0,0.759259
0,0.384428
0,0.746972
0,0.660025
0,0.029583
0,0.238160
0,0.354040
0,0.296917
0,0.604954
0,0.545127
0,0.549394
0,0.314072
0,0.430955
0,0.407442
0,0.143660
0,0.166456
0,0.234092
0,0.480325
0,0.541496
0,0.134343
0,0.293751
0,0.513657
0,0.433453
0,0.310256
0,0.658295
0,0.043732
0,0.268469
0,0.519764
0,0.563485
0,0.619117
0,0.807250
0,0.440318
0,0.827434
0,0.179370
0,0.886129
0,0.052414
0,0.378094
0,0.403585
0,0.634060
0,0.489721
0,0.080489
0,0.042563
0,0.094571
0,0.175766
0,0.049979
0,0.061683
0,0.569262
0,0.436272
0,0.765029
0,0.238920
0,0.104230
0,0.180044
0,0.476351
0,0.073577
0,0.884542
0,0.033748
0,0.783598
0,0.682779
0,0.060712
0,0.093022
0,0.290854
0,0.897458
0,0.074205
1,0.894899
1,0.658286
1,0.610328
1,0.308268
1,0.296613
1,0.291269
1,0.939775
1,0.132706
1,0.711689
1,0.835229
1,0.503217
1,0.439715
1,0.377190
1,0.191886
1,0.731087
1,0.926572
1,0.935616
1,0.020626
1,0.970187
1,0.039725
1,0.751038
1,0.847942
1,0.045737
1,0.639211
1,0.741886
1,0.725705
1,0.195764
1,0.627234
1,0.218474
1,0.333129
1,0.283390
1,0.470446
1,0.574889
1,0.631924
1,0.345038
1,0.473408
1,0.623356
1,0.207071
1,0.483540
1,0.020599
1,0.921127
1,0.091745
1,0.668539
1,0.218586
1,0.858537
1,0.886120
1,0.855336
1,0.812670
1,0.117398
1,0.935399
1,0.197098
1,0.516551
1,0.885024
1,0.198854
1,0.990607
1,0.903964
1,0.855823
1,0.237843
1,0.304943
1,0.710939
1,0.390376
1,0.169259
0,0.138950
0,0.028433
0,0.125587
0,0.052737
0,0.086432
0,0.040890
0,0.002888
0,0.128762
0,0.353368
0,0.163431
0,0.042069
0,0.163610
0,0.010674
0,0.011306
0,0.051185
0,0.037375
0,0.017138
0,0.397399
0,0.122434
0,0.034031
0,0.047203
0,0.013464
0,0.009509
0,0.063682
0,0.525097
0,0.283398
0,0.017693
0,0.698235
0,0.148370
0,0.012687
0,0.035438
0,0.085415
0,0.014260
0,0.040302
0,0.031502
0,0.004538
0,0.345359
0,0.068761
0,0.036770
0,0.349762
0,0.230359
0,0.038640
0,0.194793
0,0.106914
0,0.791092
0,0.147736
0,0.314444
0,0.639857
0,0.188832
0,0.449497
0,0.150842
0,0.381183
0,0.054613
0,0.091193
0,0.376709
0,0.187755
0,0.221832
0,0.026906
0,0.203545
0,0.064921
0,0.422337
0,0.417641
0,0.100977
0,0.780258
0,0.062216
0,0.901337
0,0.898233
0,0.180004
0,0.466918
0,0.207291
0,0.162259
0,0.216483
0,0.271541
0,0.007646
0,0.224758
0,0.487877
0,0.096093
0,0.103878
0,0.072726
0,0.689064
0,0.821759
0,0.811021
0,0.562416
0,0.066124
0,0.166639
0,0.510875
0,0.156570
0,0.021927
0,0.011943
0,0.041931
0,0.535895
0,0.242032
0,0.849938
0,0.266666
0,0.134386
0,0.385067
0,0.059125
0,0.088070
0,0.887546
0,0.144542
0,0.020303
0,0.261532
0,0.075660
0,0.113622
0,0.083622
0,0.047997
0,0.065187
0,0.104845
0,0.059098
0,0.023743
0,0.048535
0,0.274473
0,0.344878
0,0.706631
0,0.176574
0,0.065965
0,0.361008
0,0.231988
0,0.041035
0,0.095307
0,0.005452
0,0.082605
0,0.175383
0,0.002068
0,0.015624
0,0.023718
0,0.000513
0,0.243011
0,0.193148
0,0.014095
0,0.134786
0,0.149778
0,0.011207
0,0.005639
0,0.237061
0,0.173102
0,0.481082
0,0.013613
0,0.977463
0,0.001730
0,0.185785
0,0.014131
0,0.007120
0,0.000283
0,0.006409
0,0.015426
0,0.544124
0,0.158435
0,0.173610
0,0.002668
0,0.066486
0,0.036155
0,0.193819
0,0.293767
0,0.126740
0,0.569323
0,0.110201
0,0.510233
0,0.956002
0,0.261747
0,0.200757
0,0.205687
0,0.770717
0,0.502680
0,0.418413
0,0.822313
0,0.891749
0,0.838064
0,0.202936
0,0.046755
0,0.037045
0,0.410919
0,0.346544
0,0.147357
0,0.101024
0,0.075771
0,0.581834
0,0.015052
0,0.828593
0,0.277566
0,0.036034
0,0.212699
0,0.377649
0,0.004107
0,0.002220
0,0.848165
0,0.024209
0,0.194022
0,0.985786
0,0.453182
0,0.369940
0,0.148461
0,0.381163
0,0.704954
0,0.040694
0,0.004853
0,0.112102
0,0.007412
0,0.431437
0,0.940543
0,0.464024
0,0.587475
0,0.176857
0,0.090012
0,0.506829
0,0.620622
0,0.809037
0,0.541670
0,0.215651
0,0.012906
0,0.236827
0,0.203298
0,0.541686
0,0.180944
0,0.065055
0,0.048539
0,0.002306
0,0.052815
0,0.159183
0,0.146358
0,0.485271
0,0.941410
0,0.886243
0,0.177329
0,0.126157
0,0.816722
0,0.247986
0,0.227429
0,0.950171
0,0.563135
0,0.230935
0,0.962797
0,0.532485
0,0.719998
0,0.967834
0,0.051175
0,0.276108
0,0.995953
0,0.876705
0,0.990314
0,0.918286
0,0.818738
0,0.039582
0,0.478617
0,0.982019
0,0.844709
0,0.240235
0,0.200251
0,0.009900
0,0.097856
0,0.058534
0,0.902382
0,0.390373
0,0.097487
0,0.962482
0,0.030756
0,0.348451
0,0.046785
0,0.547120
0,0.079229
0,0.678126
0,0.046399
0,0.017821
0,0.979306
0,0.023275
0,0.942724
0,0.002416
0,0.008289
0,0.005127
0,0.006148
0,0.044345
0,0.177927
0,0.678014
0,0.002863
0,0.044664
0,0.023162
0,0.012186
0,0.963809
0,0.867364
0,0.535153
0,0.000417
0,0.015050
0,0.502257
0,0.072326
0,0.897434
0,0.038075
0,0.004906
0,0.992277
0,0.929762
0,0.923432
0,0.682727
0,0.023336
0,0.960803
0,0.890208
0,0.795427
0,0.886321
0,0.970910
0,0.946524
0,0.267287
0,0.980947
0,0.840717
0,0.985774
0,0.469998
0,0.799065
0,0.103699
0,0.919133
0,0.941230
0,0.985083
0,0.942138
0,0.700346
0,0.721662
0,0.279338
0,0.839747
0,0.873544
0,0.006148
0,0.692352
0,0.788255
0,0.826547
1,0.727086
1,0.123216
1,0.582783
1,0.388340
1,0.182600
1,0.019624
1,0.084423
1,0.168886
1,0.545013
1,0.206144
1,0.024195
1,0.216987
1,0.844451
1,0.161315
1,0.861548
1,0.166946
1,0.433985
1,0.789691
1,0.792331
1,0.944572
1,0.926864
1,0.615632
1,0.919402
1,0.707392
1,0.976417
1,0.588591
1,0.929265
1,0.855972
1,0.968887
1,0.618456
1,0.231790
1,0.184714
1,0.787429
1,0.989955
1,0.754618
1,0.613652
1,0.784454
1,0.763998
1,0.920800
1,0.899117
1,0.662459
1,0.650281
1,0.037028
1,0.639696
1,0.943782
1,0.160549
1,0.328680
1,0.178900
1,0.494867
1,0.287836
1,0.236011
1,0.586307
1,0.341972
1,0.285939
1,0.593812
1,0.370078
1,0.925239
1,0.917587
1,0.280230
1,0.706572
1,0.910487
1,0.918569
1,0.968870
1,0.986784
1,0.674846
1,0.834850
1,0.758312
1,0.911590
1,0.635940
1,0.985574
1,0.789769
1,0.894227
1,0.924770
1,0.418192
1,0.504666
1,0.116430
1,0.528913
1,0.357930
1,0.343246
1,0.173091
1,0.477205
1,0.777702
1,0.924401
1,0.755728
1,0.466314
1,0.162884
1,0.875589
1,0.727309
1,0.598311
1,0.862784
1,0.908661
1,0.924491
1,0.849278
1,0.742346
1,0.694930
1,0.742327
1,0.460754
1,0.274078
1,0.497863
1,0.208122
0,0.931404
0,0.996685
0,0.989978
0,0.995180
0,0.996127
0,0.989592
0,0.999409
0,0.790628
0,0.970679
0,0.926232
0,0.990200
0,0.987044
0,0.980087
0,0.824725
0,0.995983
0,0.986704
0,0.971435
0,0.991494
0,0.967008
0,0.958061
0,0.995155
0,0.976539
0,0.913252
0,0.994776
0,0.981835
0,0.616923
0,0.992618
0,0.972608
0,0.979787
0,0.993693
0,0.972059
0,0.971873
0,0.970770
0,0.985546
0,0.993403
0,0.980310
0,0.953145
0,0.990327
0,0.988346
0,0.990550
0,0.893060
0,0.953651
0,0.993588
0,0.947653
0,0.989594
0,0.974602
0,0.981754
0,0.996613
0,0.980949
0,0.983163
0,0.986210
0,0.970217
0,0.901699
0,0.987013
0,0.992720
0,0.988811
0,0.977880
0,0.973242
0,0.988177
0,0.982150
0,0.993291
0,0.985646
0,0.995593
0,0.984580
0,0.989396
0,0.990623
0,0.898591
0,0.943796
0,0.987269
0,0.969895
0,0.760745
0,0.950060
0,0.937367
0,0.968998
0,0.761593
0,0.924956
0,0.984761
0,0.973202
0,0.991817
0,0.995663
0,0.998596
0,0.941017
0,0.936618
0,0.965372
0,0.970245
0,0.943763
0,0.989922
0,0.984959
0,0.876985
0,0.921156
0,0.988771
0,0.997464
0,0.991590
0,0.983583
0,0.996214
0,0.979683
0,0.883723
0,0.973435
0,0.977134
0,0.992051
0,0.142096
0,0.034941
0,0.128462
0,0.488991
0,0.237125
0,0.056091
0,0.491343
0,0.224463
0,0.118859
0,0.173575
0,0.301556
0,0.535983
0,0.061246
0,0.522934
0,0.017348
0,0.362211
0,0.071157
0,0.112053
0,0.500632
0,0.136804
0,0.426737
0,0.752548
0,0.655494
0,0.507112
0,0.070652
0,0.094471
0,0.052027
0,0.117230
0,0.016212
0,0.323848
0,0.005596
0,0.135717
0,0.012486
0,0.022612
0,0.041483
0,0.003460
0,0.029561
0,0.014053
0,0.034293
0,0.006392
0,0.007238
0,0.139887
0,0.052615
0,0.001595
0,0.132714
0,0.007133
0,0.111969
0,0.796382
0,0.285441
0,0.227191
0,0.004748
0,0.018401
0,0.043877
0,0.009217
0,0.213548
0,0.231494
0,0.013230
0,0.014224
0,0.050579
0,0.116267
0,0.014334
0,0.165687
0,0.489056
0,0.790531
0,0.177966
0,0.727193
0,0.066740
0,0.022267
0,0.059146
0,0.011375
0,0.009922
0,0.017541
0,0.206616
0,0.008640
0,0.217404
0,0.024460
0,0.016006
0,0.040412
0,0.728598
0,0.015655
0,0.055065
0,0.241017
0,0.055649
0,0.108529
0,0.832159
0,0.188398
0,0.318188
0,0.137848
0,0.182935
0,0.572133
0,0.175435
0,0.554465
0,0.065319
0,0.001465
0,0.190870
0,0.031445
0,0.433919
0,0.705661
0,0.550071
0,0.677872
0,0.302403
0,0.114922
0,0.050019
0,0.187348
0,0.039814
0,0.170107
0,0.237413
0,0.559411
0,0.042636
0,0.412446
0,0.860324
0,0.008634
0,0.134020
0,0.101521
0,0.027904
0,0.812438
0,0.105471
0,0.621556
0,0.194541
0,0.005214
0,0.138628
0,0.045763
0,0.483813
0,0.085225
0,0.054476
0,0.563811
0,0.069069
0,0.150183
0,0.260796
0,0.062219
0,0.559208
0,0.070974
0,0.217571
0,0.125646
0,0.409175
0,0.010887
0,0.005931
0,0.020845
0,0.002712
0,0.119665
0,0.155866
0,0.044182
0,0.180671
0,0.007757
0,0.429749
0,0.145254
0,0.488630
0,0.692076
0,0.068212
0,0.528570
0,0.340089
0,0.122773
0,0.197631
0,0.031473
0,0.057567
0,0.009753
0,0.043553
0,0.247393
0,0.016269
0,0.009104
0,0.119300
0,0.061889
0,0.011735
0,0.076442
0,0.010459
0,0.115503
0,0.019345
0,0.493289
0,0.083853
0,0.066411
0,0.227281
0,0.024926
0,0.243317
0,0.029636
0,0.003871
0,0.167380
0,0.016458
0,0.028723
0,0.400901
0,0.021553
0,0.012577
0,0.027926
0,0.078921
0,0.133588
0,0.248715
0,0.049759
0,0.783506
0,0.018400
0,0.266808
0,0.263953
0,0.422037
0,0.052525
0,0.222758
0,0.227692
0,0.659488
0,0.036968
0,0.023702
0,0.053972
0,0.967132
0,0.111955
0,0.192231
0,0.250979
0,0.031409
0,0.469725
0,0.096707
0,0.059989
0,0.021761
0,0.076361
0,0.052122
0,0.308587
0,0.581991
0,0.457442
0,0.104090
0,0.014205
0,0.027487
0,0.118236
0,0.042808
0,0.409357
0,0.220871
0,0.401665
0,0.070633
0,0.501563
0,0.073201
0,0.108257
0,0.471135
0,0.116978
0,0.079434
0,0.205799
0,0.065920
0,0.084757
0,0.259644
0,0.303415
0,0.058628
0,0.190360
0,0.299942
0,0.709076
0,0.170562
0,0.074010
0,0.620097
0,0.035817
0,0.039061
0,0.744326
0,0.601294
0,0.418618
0,0.438718
0,0.391964
0,0.189452
0,0.138526
0,0.320166
0,0.810976
0,0.264893
0,0.363238
0,0.282933
0,0.275893
0,0.048541
0,0.256492
0,0.053989
0,0.357658
0,0.485540
0,0.263350
0,0.113489
0,0.156095
0,0.389671
0,0.166038
0,0.024072
0,0.500404
0,0.084984
0,0.070167
0,0.134679
0,0.027239
0,0.065899
0,0.727702
0,0.230355
0,0.355083
0,0.028023
0,0.125514
0,0.354121
0,0.050511
0,0.004431
0,0.208669
0,0.361331
0,0.039180
0,0.219086
0,0.064021
0,0.085693
0,0.016156
0,0.025818
0,0.163106
0,0.052612
0,0.047301
0,0.519793
0,0.237868
0,0.072816
0,0.077528
0,0.368556
0,0.115038
1,0.955807
1,0.868165
1,0.964223
1,0.830352
1,0.944667
1,0.974893
1,0.993254
1,0.938929
1,0.939761
1,0.876438
1,0.746217
1,0.933700
1,0.764980
1,0.958557
1,0.995240
1,0.914385
1,0.351110
1,0.977868
1,0.942020
1,0.511457
1,0.965280
1,0.977732
1,0.945766
1,0.664963
1,0.932819
1,0.930339
1,0.782603
1,0.739911
1,0.957438
1,0.865113
1,0.894047
1,0.961696
1,0.865956
1,0.982589
1,0.967833
1,0.953601
1,0.773411
1,0.616182
1,0.905719
1,0.797462
1,0.954236
1,0.898647
1,0.978343
1,0.920646
1,0.942060
1,0.978170
1,0.960133
1,0.973288
1,0.736869
1,0.906248
1,0.937286
1,0.967647
1,0.967624
1,0.973585
1,0.984913
1,0.975428
1,0.940005
1,0.868931
1,0.976153
1,0.975779
1,0.775818
1,0.888963
1,0.977862
1,0.940072
1,0.940511
1,0.959697
1,0.899667
1,0.990947
1,0.981604
1,0.945412
1,0.897302
1,0.962361
1,0.869019
1,0.902881
1,0.950988
1,0.973018
1,0.986956
1,0.715429
1,0.913916
1,0.873085
1,0.660457
1,0.468934
1,0.950685
1,0.768880
1,0.759831
1,0.953415
1,0.958195
1,0.973976
1,0.699947
1,0.325034
1,0.974223
1,0.876045
1,0.991466
1,0.988815
1,0.884214
1,0.742612
1,0.949822
1,0.924248
1,0.974253
1,0.810865
0,0.816871
0,0.884167
0,0.388191
0,0.966326
0,0.746181
0,0.823933
0,0.959871
0,0.442088
0,0.131307
0,0.121034
0,0.075399
0,0.117330
0,0.814229
0,0.775553
0,0.508035
0,0.746820
0,0.920343
0,0.427712
0,0.693073
0,0.278983
0,0.699274
0,0.520998
0,0.077481
0,0.148965
0,0.277023
0,0.120770
0,0.468076
0,0.065310
0,0.168341
0,0.340806
0,0.271190
0,0.209110
0,0.473283
0,0.414324
0,0.252373
0,0.841527
0,0.961053
0,0.669524
0,0.170306
0,0.355274
0,0.924652
0,0.974793
0,0.386709
0,0.942268
0,0.953928
0,0.821644
0,0.614544
0,0.687860
0,0.362523
0,0.744454
0,0.240457
0,0.919128
0,0.324491
0,0.333543
0,0.210251
0,0.760422
0,0.886272
0,0.784504
0,0.271483
0,0.280540
0,0.788917
0,0.522728
0,0.054308
0,0.044067
0,0.395897
0,0.080758
0,0.031632
0,0.132117
0,0.897823
0,0.050819
0,0.310037
0,0.878192
0,0.032951
0,0.875758
1,0.899956
1,0.087587
1,0.368803
1,0.295825
1,0.006252
1,0.157383
1,0.014423
1,0.525715
1,0.087204
1,0.576249
1,0.176031
1,0.403161
1,0.162611
1,0.121211
1,0.327514
1,0.285901
1,0.535579
1,0.420839
1,0.767786
1,0.530959
1,0.835641
1,0.312812
1,0.360995
1,0.794901
1,0.246274
1,0.108897
1,0.227306
1,0.096179
1,0.193261
1,0.422088
1,0.049394
1,0.103059
1,0.641001
1,0.667987
1,0.531855
1,0.082650
1,0.054535
1,0.049303
1,0.567084
1,0.483022
1,0.053379
1,0.048287
1,0.015263
1,0.028477
1,0.043879
1,0.066154
1,0.226187
1,0.725339
1,0.749950
1,0.702353
1,0.074626
1,0.157982
1,0.421445
1,0.413597
1,0.088698
1,0.032825
1,0.013724
1,0.009242
1,0.186874
1,0.413433
1,0.214901
1,0.539970
1,0.140832
1,0.019474
1,0.015575
1,0.461360
1,0.040354
1,0.068936
1,0.044647
1,0.857502
1,0.875178
1,0.981032
1,0.972953
1,0.906689
1,0.937448
1,0.908573
1,0.985419
1,0.862572
1,0.891653
1,0.936980
1,0.968197
1,0.951183
1,0.935322
1,0.925839
1,0.873329
1,0.887846
1,0.769958
1,0.962950
1,0.976380
1,0.959540
1,0.963549
1,0.973559
1,0.962350
1,0.948315
1,0.970627
1,0.988171
1,0.948664
1,0.893984
1,0.964146
1,0.956977
1,0.924932
1,0.904715
1,0.955656
1,0.935285
1,0.922352
1,0.981945
1,0.969396
1,0.964976
1,0.644251
1,0.940946
1,0.947768
1,0.945793
1,0.946655
1,0.960060
1,0.837064
1,0.958119
1,0.921054
1,0.976789
1,0.642466
1,0.969243
1,0.845414
1,0.949520
1,0.949485
1,0.977973
1,0.930994
1,0.984158
1,0.949275
1,0.975257
1,0.957368
1,0.979012
1,0.879514
1,0.967776
1,0.924222
1,0.952813
1,0.656359
1,0.810232
1,0.829061
1,0.863667
1,0.970365
1,0.925799
1,0.979146
1,0.927582
1,0.965579
1,0.883556
1,0.933229
1,0.749697
1,0.927687
1,0.711681
1,0.964418
1,0.949257
1,0.950209
1,0.919579
1,0.875216
1,0.791791
1,0.729360
1,0.975891
1,0.961452
1,0.876605
1,0.779103
1,0.702005
1,0.919216
1,0.925339
1,0.946862
1,0.784637
1,0.960524
1,0.835002
1,0.852796
1,0.961305
1,0.916975
1,0.873790
1,0.823325
1,0.940690
1,0.969503
1,0.956952
1,0.843030
1,0.956245
1,0.758158
1,0.717114
1,0.839858
1,0.887317
1,0.850879
1,0.953317
1,0.964488
1,0.913684
1,0.903038
1,0.722079
1,0.954473
1,0.848136
1,0.904852
1,0.919849
1,0.948616
1,0.952587
1,0.916022
1,0.758175
1,0.942904
1,0.878814
1,0.922854
1,0.852724
1,0.812035
1,0.848419
1,0.862149
1,0.892281
1,0.974658
1,0.862385
1,0.978295
1,0.954925
1,0.736561
1,0.764424
1,0.549382
1,0.898210
1,0.700736
1,0.654430
1,0.416049
1,0.861559
1,0.864559
1,0.970589
1,0.740470
1,0.816619
1,0.844398
1,0.876323
1,0.804970
1,0.922755
1,0.849049
1,0.921236
1,0.868641
1,0.549711
1,0.930295
1,0.861962
1,0.562114
1,0.881015
1,0.767506
1,0.633152
1,0.699375
1,0.889968
1,0.837298
1,0.966990
1,0.912467
1,0.968285
1,0.802030
1,0.794731
1,0.807282
1,0.896528
1,0.878445
1,0.916636
1,0.623183
1,0.961815
1,0.969639
1,0.987509
1,0.988526
1,0.896193
1,0.863063
1,0.975472
1,0.663694
1,0.913477
1,0.890493
1,0.845669
1,0.586962
1,0.829729
1,0.600598
1,0.074057
1,0.066829
1,0.850724
1,0.013514
1,0.515636
1,0.499189
1,0.341044
1,0.336048
1,0.901876
1,0.154679
1,0.838897
1,0.782130
1,0.539845
1,0.936078
1,0.258236
1,0.517928
1,0.766534
1,0.620027
1,0.828654
1,0.417255
1,0.776705
1,0.346736
1,0.383833
1,0.264970
1,0.524734
1,0.121525
1,0.752102
1,0.788902
1,0.060377
1,0.612871
1,0.565233
1,0.302076
1,0.623423
1,0.483261
1,0.550815
1,0.532513
1,0.216717
1,0.335720
1,0.447634
1,0.486771
1,0.264358
1,0.365402
1,0.109817
1,0.279595
1,0.677537
1,0.503348
1,0.755242
1,0.050530
1,0.207158
1,0.305364
1,0.079654
1,0.024923
1,0.413943
1,0.581964
1,0.345402
1,0.044308
1,0.256978
1,0.329949
1,0.187035
1,0.166799
1,0.945610
1,0.429701
1,0.190093
1,0.142064
1,0.269511
1,0.694086
1,0.084572
1,0.468197
1,0.082306
1,0.169231
1,0.525070
1,0.324461
1,0.178892
1,0.638752
1,0.052805
1,0.161462
1,0.336947
1,0.557073
1,0.105090
1,0.068918
1,0.601424
1,0.110298
1,0.886028
1,0.155588
1,0.359920
1,0.683470
1,0.351860
1,0.091804
1,0.200432
1,0.568023
1,0.164922
1,0.517395
1,0.353102
1,0.108225
1,0.508704
1,0.795064
1,0.889631
1,0.406236
1,0.378357
1,0.010878
1,0.045152
1,0.104777
1,0.433082
1,0.417919
1,0.098974
1,0.443662
1,0.074039
1,0.233688
1,0.655120
1,0.586292
1,0.812285
1,0.080552
1,0.509852
1,0.054364
1,0.606277
1,0.692893
1,0.541148
1,0.699734
1,0.377577
1,0.737815
1,0.678896
1,0.799475
1,0.106637
1,0.691230
1,0.070098
1,0.344521
1,0.084879
1,0.454049
1,0.399619
1,0.291141
1,0.317582
1,0.428555
1,0.542533
1,0.098849
1,0.585087
1,0.761830
1,0.929507
1,0.275493
1,0.831227
1,0.448565
1,0.860460
1,0.049003
1,0.939215
1,0.654017
1,0.618692
1,0.062119
1,0.806580
1,0.623354
1,0.392923
1,0.472485
1,0.248598
1,0.859922
1,0.339078
1,0.310652
1,0.664798
1,0.039721
1,0.975195
1,0.943873
1,0.156980
1,0.836776
1,0.457700
1,0.016774
1,0.255228
1,0.044970
1,0.877672
1,0.226015
1,0.093386
1,0.386468
1,0.224885
1,0.523503
1,0.093507
1,0.728514
1,0.014859
1,0.234754
1,0.191163
1,0.611081
1,0.168286
1,0.129578
1,0.172915
1,0.689556
1,0.935760
1,0.308945
1,0.315316
1,0.932407
1,0.746785
1,0.950120
1,0.435341
1,0.216673
1,0.923783
1,0.394636
1,0.079436
1,0.265339
1,0.643572
1,0.060838
1,0.075836
1,0.046885
1,0.729889
1,0.600033
1,0.635425
1,0.032996
1,0.729203
1,0.375874
1,0.635234
1,0.870115
1,0.524781
1,0.250335
1,0.530269
1,0.449366
1,0.638952
1,0.690470
1,0.701382
1,0.261830
1,0.316585
1,0.743738
1,0.978716
1,0.920869
1,0.868709
1,0.488445
1,0.260870
1,0.237617
1,0.128186
1,0.059630
1,0.013167
1,0.171961
1,0.082695
1,0.028513
1,0.142626
1,0.075267
1,0.085459
1,0.149374
1,0.085287
1,0.036191
1,0.096422
1,0.231749
1,0.029588
1,0.041221
1,0.307089
1,0.077321
1,0.058693
1,0.191699
1,0.172104
1,0.482129
1,0.474730
1,0.701567
1,0.483487
1,0.014271
1,0.030358
1,0.707425
1,0.173985
1,0.495143
1,0.268038
1,0.290263
1,0.442252
1,0.105788
1,0.064157
1,0.196026
1,0.212544
1,0.770778
1,0.259692
1,0.843993
1,0.931883
1,0.801338
1,0.825474
1,0.600509
1,0.734027
1,0.397648
1,0.774960
1,0.888580
1,0.770589
1,0.501184
1,0.593155
1,0.297893
0,0.397953
0,0.670352
0,0.853375
0,0.961596
0,0.720033
0,0.145638
0,0.345442
0,0.741003
0,0.159768
0,0.241390
0,0.287524
0,0.577609
0,0.152355
0,0.103751
0,0.152570
0,0.912925
0,0.338009
0,0.145944
0,0.147141
0,0.884502
0,0.323220
0,0.864416
0,0.943468
0,0.153471
0,0.074420
0,0.604711
0,0.020229
0,0.192783
0,0.338502
0,0.106201
0,0.021538
0,0.526795
0,0.568191
0,0.126287
0,0.027131
0,0.094325
0,0.452558
0,0.701294
0,0.052919
0,0.377568
0,0.479639
0,0.680703
0,0.401383
0,0.650042
0,0.793903
0,0.497588
0,0.311818
0,0.722679
0,0.620578
0,0.372392
0,0.327664
0,0.798329
0,0.315366
0,0.797610
0,0.326538
0,0.299029
0,0.877910
0,0.092204
0,0.815575
0,0.892473
0,0.941938
0,0.270496
0,0.125429
0,0.903224
0,0.252401
0,0.117424
0,0.860729
0,0.061927
0,0.518237
0,0.230413
0,0.649964
0,0.601304
0,0.222832
0,0.857674
0,0.326783
0,0.151520
0,0.540225
0,0.502683
0,0.927016
0,0.499602
0,0.235543
0,0.461030
0,0.094492
0,0.508532
0,0.683886
0,0.744732
0,0.487410
0,0.725874
0,0.726068
0,0.717981
0,0.797359
0,0.975780
0,0.765361
0,0.985279
0,0.150429
0,0.225685
0,0.960693
0,0.958212
0,0.108386
0,0.975515
0,0.965447
0,0.982240
0,0.248921
0,0.353595
0,0.738068
0,0.424816
0,0.919849
0,0.953786
0,0.976069
0,0.988712
0,0.949261
0,0.915216
0,0.989746
0,0.081318
0,0.822709
0,0.805482
0,0.980917
0,0.964828
0,0.935479
0,0.129786
0,0.934555
0,0.030359
0,0.976670
0,0.091586
0,0.026420
0,0.144698
0,0.086727
0,0.706745
0,0.202038
0,0.807384
0,0.583989
0,0.933243
0,0.506379
0,0.051589
0,0.799965
0,0.196228
0,0.899392
0,0.791534
0,0.753469
0,0.975514
0,0.979371
0,0.023860
0,0.842918
0,0.774909
0,0.470306
0,0.230776
0,0.949709
0,0.496844
0,0.116423
0,0.431698
0,0.374611
0,0.462092
0,0.352861
0,0.163304
0,0.315717
0,0.354073
0,0.289484
0,0.562833
0,0.958623
0,0.907933
0,0.266541
0,0.527171
0,0.475993
0,0.813439
0,0.972555
0,0.585578
0,0.181391
0,0.169379
0,0.038056
0,0.727655
0,0.880086
0,0.091464
0,0.030089
0,0.210802
0,0.761865
0,0.500888
0,0.094422
0,0.822681
0,0.663156
0,0.257812
0,0.325404
0,0.050639
0,0.027269
0,0.139649
0,0.026035
0,0.090948
0,0.266462
0,0.045257
0,0.027842
0,0.318025
0,0.016874
1,0.992902
1,0.981081
1,0.930997
1,0.987404
1,0.895000
1,0.945173
1,0.930938
1,0.975472
1,0.996488
1,0.985523
1,0.994755
1,0.995772
1,0.975373
1,0.986981
1,0.989138
1,0.967155
1,0.982119
1,0.939601
1,0.987060
1,0.990638
1,0.985669
1,0.816231
1,0.988881
1,0.994653
1,0.994648
1,0.980579
1,0.980844
1,0.933869
1,0.982868
1,0.969463
1,0.996842
1,0.979860
1,0.975088
1,0.993500
1,0.973962
1,0.988682
1,0.992577
1,0.978158
1,0.941077
1,0.952646
1,0.949610
1,0.975918
1,0.902727
1,0.981534
1,0.984416
1,0.984309
1,0.960956
1,0.985714
1,0.731798
1,0.956624
1,0.978446
1,0.967701
1,0.993995
1,0.908591
1,0.980455
1,0.960380
1,0.951900
1,0.984643
1,0.966659
1,0.986976
1,0.989648
1,0.984088
1,0.975336
1,0.994388
1,0.985248
1,0.931980
1,0.943893
1,0.962288
1,0.966008
1,0.574872
1,0.965345
1,0.948515
1,0.989458
1,0.957762
1,0.929101
1,0.944056
1,0.946055
1,0.966104
1,0.981867
1,0.975910
1,0.955842
1,0.854628
1,0.968274
1,0.968394
1,0.979168
1,0.879009
1,0.948916
1,0.945766
1,0.980451
1,0.911803
1,0.971772
1,0.988868
1,0.985181
1,0.979944
1,0.975229
1,0.965058
1,0.982889
1,0.962761
1,0.954026
1,0.955255
1,0.055646
1,0.958519
1,0.901527
1,0.255790
1,0.224985
1,0.076903
1,0.286107
1,0.747028
1,0.160425
1,0.658289
1,0.033879
1,0.314063
1,0.508016
1,0.176318
1,0.134221
1,0.098048
1,0.613515
1,0.650558
1,0.312360
1,0.767558
1,0.173106
1,0.431402
1,0.645926
1,0.091709
1,0.493166
1,0.239120
1,0.341380
1,0.233475
1,0.162867
1,0.671839
1,0.642714
1,0.420850
1,0.283467
1,0.025159
1,0.715234
1,0.370595
1,0.948410
1,0.362339
1,0.583993
1,0.334050
1,0.120423
1,0.368211
1,0.197367
1,0.384077
1,0.127838
1,0.107492
1,0.197811
1,0.716898
1,0.838094
1,0.807089
1,0.429422
1,0.120082
1,0.636233
1,0.174342
1,0.223733
1,0.201059
1,0.400301
1,0.080011
1,0.040447
1,0.184898
1,0.178008
1,0.096440
1,0.602361
1,0.639070
1,0.656488
1,0.185765
1,0.283610
1,0.486829
1,0.266420
1,0.070688
1,0.581434
1,0.545011
1,0.627097
1,0.978592
1,0.872406
1,0.235705
1,0.294903
1,0.626933
1,0.677414
1,0.947304
1,0.626495
1,0.894417
1,0.930579
1,0.944736
1,0.935506
1,0.422001
1,0.191851
1,0.955827
1,0.964088
1,0.939511
1,0.828498
1,0.809850
1,0.993885
1,0.735172
1,0.625331
1,0.444152
1,0.845314
1,0.576361
1,0.739912
1,0.865371
1,0.213948
1,0.721467
1,0.364760
1,0.639532
1,0.047216
1,0.445597
1,0.311196
1,0.604380
1,0.779530
1,0.412214
1,0.816119
1,0.752481
1,0.942397
1,0.870579
1,0.909978
1,0.975139
1,0.925197
1,0.726789
1,0.899095
1,0.406351
1,0.727681
1,0.184095
1,0.508264
1,0.910565
1,0.761913
1,0.395191
1,0.869191
1,0.874574
1,0.757315
1,0.781121
1,0.888452
1,0.673693
1,0.582624
1,0.948414
1,0.933821
1,0.861831
1,0.728202
1,0.661479
1,0.915050
1,0.956944
1,0.750202
1,0.583837
1,0.869617
1,0.748151
1,0.549632
1,0.435911
1,0.200030
1,0.690886
1,0.246942
1,0.951949
1,0.923960
1,0.677586
1,0.185991
1,0.653266
1,0.317747
1,0.717903
1,0.663663
1,0.957994
1,0.280580
1,0.339964
1,0.063332
1,0.873220
1,0.730120
1,0.551904
1,0.528059
1,0.551755
1,0.380043
1,0.837065
1,0.633370
1,0.503597
1,0.713067
1,0.953992
1,0.810918
1,0.862853
1,0.678081
1,0.551958
1,0.721665
1,0.887455
1,0.174528
1,0.825669
1,0.146475
1,0.173133
1,0.685066
1,0.126079
1,0.067637
1,0.404765
1,0.804698
1,0.903583
1,0.522300
1,0.913434
1,0.885417
1,0.575646
1,0.833307
1,0.086697
1,0.869515
1,0.882844
1,0.819714
1,0.571651
1,0.637859
1,0.646124
1,0.868427
1,0.490825
1,0.303727
1,0.671474
1,0.787840
1,0.037307
1,0.179510
1,0.263140
1,0.106020
1,0.766819
1,0.479453
1,0.318942
1,0.564606
1,0.946114
1,0.924579
1,0.478639
1,0.967053
1,0.269341
1,0.568341
1,0.837667
1,0.886996
1,0.363833
1,0.618852
1,0.347874
1,0.823457
1,0.734592
1,0.394153
1,0.668966
1,0.077372
1,0.041524
1,0.105620
1,0.185535
1,0.662657
1,0.651193
1,0.354778
1,0.956092
1,0.498892
1,0.864109
1,0.256228
1,0.557750
1,0.024227
1,0.124951
1,0.027381
1,0.311397
1,0.790251
1,0.868358
1,0.951671
1,0.905432
1,0.874158
1,0.850172
1,0.990021
1,0.597708
1,0.628526
1,0.358022
1,0.783984
1,0.679407
1,0.547563
1,0.337161
1,0.457226
1,0.322604
1,0.846700
1,0.620152
1,0.611481
1,0.659568
1,0.935631
1,0.670959
1,0.883232
1,0.172174
1,0.550069
1,0.940890
1,0.544599
1,0.970184
1,0.673337
1,0.478357
1,0.536730
1,0.800976
1,0.437417
1,0.770419
1,0.246650
1,0.839707
1,0.303263
1,0.928818
1,0.246903
1,0.816507
1,0.733001
1,0.699342
1,0.880350
1,0.829118
1,0.953024
1,0.987251
1,0.865044
1,0.866480
1,0.506368
1,0.940880
1,0.571097
1,0.096669
1,0.881212
1,0.722501
1,0.837583
1,0.959654
1,0.716715
1,0.911403
1,0.675665
1,0.623867
1,0.884419
1,0.405601
1,0.265867
1,0.822946
1,0.805471
1,0.440428
1,0.842336
1,0.741786
1,0.940570
1,0.780859
1,0.907700
1,0.817402
1,0.855330
1,0.946533
1,0.975854
1,0.937623
1,0.985895
1,0.947627
1,0.984885
1,0.940023
1,0.955301
1,0.966309
1,0.975636
1,0.805203
1,0.137257
1,0.703855
1,0.840370
1,0.317005
1,0.097101
1,0.622558
0,0.956546
0,0.907997
0,0.912764
0,0.394043
0,0.149967
0,0.544626
0,0.902388
0,0.887960
0,0.643967
0,0.052975
0,0.173023
0,0.270125
0,0.145902
0,0.059313
0,0.025250
0,0.003782
0,0.040403
0,0.920822
0,0.197183
0,0.218598
0,0.082833
0,0.176825
0,0.215662
0,0.333636
0,0.215507
0,0.073532
0,0.064677
0,0.442162
0,0.037022
0,0.008385
0,0.572494
0,0.141141
0,0.609048
0,0.383064
0,0.009192
0,0.007725
0,0.028959
0,0.549752
0,0.050538
0,0.075113
0,0.186544
0,0.947508
0,0.053353
0,0.092543
0,0.011459
0,0.250275
0,0.085344
0,0.073889
0,0.985737
0,0.215166
0,0.047747
0,0.077093
0,0.981261
0,0.012227
0,0.021067
0,0.354369
0,0.125003
0,0.009043
0,0.742311
0,0.939689
0,0.960989
0,0.064528
0,0.278375
0,0.059530
0,0.466318
0,0.017852
0,0.828091
0,0.246091
0,0.194868
0,0.085613
0,0.874848
0,0.275796
0,0.504420
0,0.936929
0,0.395632
0,0.075258
0,0.007528
0,0.310273
0,0.468939
0,0.948081
0,0.471878
0,0.057950
0,0.450644
0,0.010589
0,0.727544
0,0.229887
0,0.106090
0,0.124494
0,0.464016
0,0.185014
0,0.484185
0,0.284353
0,0.170945
0,0.032881
0,0.062857
0,0.270593
0,0.017656
0,0.023818
0,0.059474
0,0.036519
0,0.941102
0,0.200905
0,0.066086
0,0.092907
0,0.066074
0,0.346269
0,0.835553
0,0.973326
0,0.987470
0,0.987498
0,0.977107
0,0.870755
0,0.889575
0,0.858732
0,0.930390
0,0.989994
0,0.975933
0,0.993538
0,0.907108
0,0.866761
0,0.978827
0,0.933964
0,0.931833
0,0.845471
0,0.925213
0,0.931099
0,0.741363
0,0.126099
0,0.886843
0,0.623130
0,0.385610
0,0.871670
0,0.894542
0,0.831713
0,0.868029
0,0.921715
0,0.875630
0,0.912173
0,0.976740
0,0.754789
0,0.973323
0,0.980552
0,0.951299
0,0.980627
0,0.970818
0,0.922950
0,0.971781
0,0.981569
1,0.320687
1,0.698679
1,0.613253
1,0.421645
1,0.424246
1,0.624242
1,0.874755
1,0.410957
1,0.113959
1,0.462403
1,0.986037
1,0.866550
1,0.264836
1,0.455979
1,0.577648
1,0.130694
1,0.218968
1,0.530654
1,0.471431
1,0.904629
1,0.363746
1,0.067720
1,0.843566
1,0.766006
1,0.787428
1,0.427912
1,0.664962
1,0.696648
1,0.953044
1,0.539140
1,0.038541
1,0.224652
1,0.981202
1,0.655804
1,0.624713
1,0.866860
1,0.339115
1,0.229079
1,0.902607
1,0.434881
1,0.145523
1,0.294938
1,0.767649
1,0.196388
1,0.100329
1,0.645663
1,0.926741
1,0.358743
1,0.721130
1,0.425000
1,0.434250
1,0.426738
1,0.889068
1,0.411268
1,0.213650
1,0.868152
1,0.379089
1,0.236490
1,0.372314
1,0.267989
1,0.856090
1,0.677632
1,0.526899
1,0.372164
1,0.659449
1,0.593459
1,0.753376
1,0.960638
1,0.932782
1,0.942263
1,0.942791
1,0.968216
1,0.223980
1,0.975161
1,0.796156
1,0.913886
1,0.589243
1,0.325823
1,0.803145
1,0.592513
1,0.492103
1,0.084969
1,0.444361
1,0.382153
1,0.231446
1,0.492855
1,0.165512
1,0.449582
1,0.658591
1,0.163706
1,0.676212
1,0.188487
1,0.015829
1,0.491993
1,0.160971
1,0.384969
1,0.248895
1,0.044623
1,0.146495
1,0.188292
1,0.037205
1,0.025635
1,0.178750
1,0.238154
1,0.408405
1,0.349420
1,0.498583
1,0.281720
1,0.190250
1,0.061211
1,0.140219
1,0.060189
1,0.565318
1,0.468223
1,0.955334
1,0.225456
1,0.458512
1,0.264439
1,0.359457
1,0.134266
1,0.119642
1,0.443629
1,0.067902
1,0.170978
1,0.111739
1,0.168018
1,0.097615
1,0.167112
1,0.157048
1,0.285486
1,0.643138
1,0.167590
1,0.338123
1,0.356079
1,0.196668
1,0.243445
1,0.478789
1,0.164767
1,0.590730
1,0.676270
1,0.142679
1,0.079781
1,0.052832
1,0.476877
1,0.699455
1,0.069306
1,0.910051
1,0.294538
1,0.407025
1,0.976561
1,0.908904
1,0.967782
1,0.985506
1,0.811901
1,0.894250
1,0.883276
1,0.925824
1,0.139566
1,0.859673
1,0.949545
1,0.859068
1,0.970469
1,0.192317
1,0.965590
1,0.929006
1,0.021374
1,0.827043
1,0.664988
1,0.661260
1,0.657143
1,0.982557
1,0.987312
1,0.945755
1,0.367310
1,0.140066
1,0.902782
1,0.916829
1,0.961821
1,0.760352
1,0.922399
1,0.781615
1,0.742349
1,0.831772
1,0.938733
1,0.910576
1,0.928527
1,0.251859
1,0.829532
1,0.662106
1,0.879718
1,0.575459
1,0.630363
1,0.096805
1,0.734307
1,0.037424
1,0.869255
1,0.448972
1,0.339781
1,0.731909
1,0.729672
1,0.753077
1,0.736154
1,0.701319
1,0.959730
1,0.977289
1,0.117658
1,0.826886
1,0.890125
1,0.674001
1,0.914866
1,0.754980
1,0.809075
1,0.910743
1,0.967412
1,0.778820
1,0.883262
1,0.878007
1,0.958713
1,0.668408
1,0.846826
1,0.598171
1,0.679872
1,0.901331
1,0.763285
1,0.662715
1,0.369398
1,0.703658
1,0.743606
1,0.932561
1,0.336844
1,0.847710
1,0.956046
1,0.968959
1,0.967613
1,0.780493
1,0.887263
1,0.827193
1,0.735234
1,0.529766
1,0.956422
1,0.644252
1,0.935522
1,0.913025
1,0.041774
1,0.252336
0,0.930117
0,0.979015
0,0.973879
0,0.881101
0,0.769069
0,0.996954
0,0.996648
0,0.930577
0,0.600434
0,0.983835
0,0.933782
0,0.711883
0,0.944351
0,0.921925
0,0.933806
0,0.986054
0,0.988537
0,0.980799
0,0.993385
0,0.916869
0,0.989292
0,0.995819
0,0.517404
0,0.920372
0,0.978994
0,0.867568
0,0.762561
0,0.950611
0,0.986692
0,0.505233
0,0.983104
0,0.974780
0,0.852517
0,0.780597
0,0.909567
0,0.571018
0,0.067415
0,0.967543
0,0.822281
0,0.615792
0,0.927294
0,0.955879
0,0.981192
0,0.988495
0,0.963071
0,0.938911
0,0.987435
0,0.697644
0,0.871696
0,0.972855
0,0.712900
0,0.802786
0,0.940411
0,0.893475
0,0.884656
0,0.371300
0,0.343720
0,0.351288
0,0.537350
0,0.828532
0,0.174038
0,0.197484
0,0.667612
0,0.228085
0,0.514907
0,0.485992
0,0.838035
0,0.560818
0,0.769062
0,0.319011
0,0.624289
0,0.479991
0,0.090220
0,0.186868
0,0.618616
0,0.859887
0,0.699680
0,0.690559
0,0.697634
0,0.660198
0,0.266062
0,0.193982
0,0.574084
0,0.665897
0,0.122223
0,0.709289
0,0.812479
0,0.278502
0,0.677477
0,0.894410
0,0.434856
0,0.521436
0,0.832389
0,0.794653
0,0.398554
0,0.213051
0,0.754930
0,0.591396
0,0.772612
0,0.937130
0,0.798537
0,0.667374
0,0.289044
0,0.524004
0,0.538557
0,0.659837
0,0.651396
0,0.899743
0,0.749520
0,0.515111
0,0.965221
0,0.631995
0,0.798432
0,0.881350
0,0.574709
0,0.788288
0,0.936815
0,0.439153
0,0.054467
0,0.077617
0,0.616064
0,0.243277
0,0.669971
0,0.474278
0,0.499946
0,0.071000
0,0.261251
0,0.115401
0,0.104766
0,0.072597
0,0.187931
0,0.768268
0,0.838445
0,0.476762
0,0.222915
0,0.518067
0,0.721182
0,0.742606
0,0.968710
0,0.908816
0,0.981208
0,0.929382
0,0.248545
0,0.105837
0,0.140242
0,0.272199
0,0.244804
0,0.139590
0,0.843536
0,0.297860
0,0.408373
0,0.792337
0,0.214091
0,0.241782
0,0.071655
0,0.698637
0,0.178792
0,0.069886
0,0.105713
0,0.043886
0,0.352696
0,0.101623
0,0.104164
0,0.237309
0,0.344860
0,0.020982
0,0.031707
0,0.123458
0,0.323801
0,0.154912
0,0.032880
0,0.540004
0,0.268838
0,0.458584
0,0.267209
0,0.041460
0,0.066091
0,0.068919
0,0.191025
0,0.127908
0,0.050979
0,0.300734
0,0.022781
0,0.017210
0,0.523734
0,0.068804
0,0.872904
0,0.013772
0,0.031393
0,0.021339
0,0.613546
0,0.235197
0,0.013418
0,0.067928
0,0.023463
0,0.348942
0,0.202259
0,0.018611
0,0.097134
0,0.042650
0,0.004822
0,0.030979
0,0.012702
0,0.055521
0,0.358806
0,0.280187
0,0.097040
0,0.150699
0,0.237089
0,0.060734
0,0.257396
0,0.548807
0,0.116290
0,0.625361
0,0.177938
0,0.002935
0,0.017573
0,0.177394
0,0.096801
0,0.006977
0,0.097784
0,0.040065
0,0.835998
0,0.197542
0,0.292356
0,0.392552
0,0.563159
0,0.272712
0,0.020197
0,0.010907
0,0.004396
0,0.110496
0,0.566220
0,0.068048
0,0.040950
0,0.273597
0,0.553608
0,0.094476
0,0.047250
0,0.010676
0,0.064618
0,0.844910
0,0.016793
0,0.145959
0,0.992043
0,0.096651
0,0.269473
0,0.075529
0,0.941748
0,0.444907
0,0.022399
0,0.001626
0,0.014613
0,0.169628
0,0.047782
0,0.016829
0,0.008116
0,0.009154
0,0.003756
0,0.005412
0,0.001989
0,0.037602
0,0.334646
0,0.059199
0,0.005102
0,0.073016
0,0.003044
0,0.006803
0,0.011079
0,0.013641
0,0.015481
0,0.180550
0,0.011475
0,0.035770
0,0.006852
0,0.050319
0,0.080522
0,0.033127
0,0.010169
0,0.026467
0,0.009025
0,0.003550
0,0.002618
0,0.008642
0,0.007861
0,0.005808
0,0.006776
0,0.003179
0,0.002813
0,0.003921
0,0.178363
0,0.055483
0,0.003227
0,0.004429
0,0.002771
0,0.035146
0,0.002111
0,0.004480
0,0.009273
0,0.036250
0,0.015945
0,0.014236
0,0.008589
0,0.002005
0,0.012838
0,0.030404
0,0.005763
0,0.002246
0,0.005272
0,0.008579
0,0.005175
0,0.002499
0,0.005243
0,0.039234
0,0.014431
0,0.031095
0,0.358426
0,0.602363
0,0.076006
0,0.014822
0,0.049848
0,0.003323
0,0.609555
0,0.003396
0,0.005279
0,0.021658
0,0.021682
1,0.026925
1,0.040787
1,0.001983
1,0.444496
1,0.070398
1,0.088775
1,0.019657
1,0.098020
1,0.011672
1,0.050845
1,0.046532
1,0.008270
1,0.057559
1,0.030342
1,0.110750
1,0.084539
1,0.010011
1,0.011671
1,0.058259
1,0.157926
1,0.014175
1,0.046003
1,0.027265
1,0.012839
1,0.020819
1,0.042107
1,0.033638
1,0.006517
1,0.069006
1,0.039125
1,0.027748
1,0.145055
1,0.013171
1,0.030554
1,0.069128
1,0.032472
1,0.028708
1,0.035232
1,0.090043
1,0.022790
1,0.033418
1,0.067380
1,0.091507
1,0.006738
1,0.085322
1,0.001527
1,0.004774
1,0.025508
1,0.011691
1,0.055864
1,0.006209
1,0.118712
1,0.040638
1,0.011865
1,0.008018
1,0.048689
1,0.013498
1,0.038759
1,0.030988
1,0.024362
1,0.103142
1,0.034333
1,0.018322
1,0.021658
1,0.009759
1,0.079805
1,0.043927
1,0.048050
1,0.012567
1,0.181154
1,0.196384
1,0.015547
1,0.064966
1,0.523642
1,0.380660
1,0.757587
1,0.294937
1,0.014064
1,0.113768
1,0.103505
1,0.120119
1,0.004323
1,0.042112
1,0.434054
1,0.148581
1,0.066495
1,0.013340
1,0.312195
1,0.229762
1,0.010229
1,0.051145
1,0.149887
1,0.305058
1,0.013552
1,0.150467
1,0.021929
1,0.007172
1,0.000892
1,0.562703
1,0.032482
1,0.770564
1,0.001707
1,0.113865
1,0.198823
1,0.097767
1,0.014158
1,0.113648
1,0.007576
1,0.062662
1,0.034115
1,0.071918
1,0.385997
1,0.017350
1,0.003201
1,0.171294
1,0.108216
1,0.008872
1,0.057763
1,0.046276
1,0.025992
1,0.366652
1,0.285775
1,0.044990
1,0.019298
1,0.694651
1,0.597980
1,0.119241
1,0.038678
1,0.031097
1,0.264493
1,0.016540
1,0.528030
1,0.038917
1,0.005237
1,0.133915
1,0.031605
1,0.707424
1,0.017821
1,0.008160
1,0.022933
1,0.076976
1,0.844711
1,0.085680
1,0.068503
1,0.029142
1,0.042182
1,0.753045
1,0.019854
1,0.002493
1,0.016361
1,0.027389
1,0.001582
1,0.270061
1,0.040764
1,0.235651
1,0.008816
1,0.005243
1,0.018780
1,0.231162
1,0.530908
1,0.238571
1,0.002787
1,0.003785
1,0.004423
1,0.005796
1,0.068319
1,0.030471
1,0.165372
1,0.237293
1,0.045516
0,0.485510
0,0.465322
0,0.758127
0,0.556115
0,0.493336
0,0.583372
0,0.866810
0,0.179915
0,0.720241
0,0.097007
0,0.895796
0,0.305836
0,0.523283
0,0.600898
0,0.328133
0,0.437571
0,0.461406
0,0.521961
0,0.451090
0,0.181830
0,0.777365
0,0.913717
0,0.776557
0,0.870833
0,0.502231
0,0.306680
0,0.699908
0,0.361281
0,0.965692
0,0.927500
0,0.555525
0,0.717590
0,0.842538
0,0.909575
0,0.762112
0,0.646145
0,0.776658
0,0.674235
0,0.930674
0,0.653743
0,0.772032
0,0.043979
0,0.805562
0,0.084486
0,0.816321
0,0.803156
0,0.761219
0,0.434091
0,0.544403
0,0.737077
0,0.513692
0,0.683826
0,0.917512
0,0.704041
0,0.481911
0,0.389170
0,0.789209
0,0.904992
0,0.442470
0,0.754390
0,0.755894
0,0.793937
0,0.786649
0,0.987180
0,0.901257
0,0.775774
0,0.639051
0,0.306306
0,0.384181
0,0.745767
0,0.481080
0,0.855178
0,0.364585
0,0.733474
0,0.906848
0,0.330335
0,0.344758
0,0.714630
0,0.511305
0,0.820875
0,0.678870
0,0.581038
0,0.675258
0,0.591838
0,0.236909
0,0.726361
0,0.851326
0,0.506960
0,0.605793
1,0.883551
1,0.646461
1,0.889972
1,0.976008
1,0.852538
1,0.821681
1,0.400415
1,0.955759
1,0.968506
1,0.914543
1,0.971518
1,0.963832
1,0.917984
1,0.870471
1,0.983473
1,0.949196
1,0.964472
1,0.887610
1,0.945669
1,0.970885
1,0.682462
1,0.854019
1,0.961313
1,0.966419
1,0.943143
1,0.936286
1,0.927373
1,0.919967
1,0.609135
1,0.883350
1,0.913312
1,0.917734
1,0.946017
1,0.890399
1,0.965897
1,0.934139
1,0.858834
1,0.889753
1,0.872115
1,0.944133
1,0.975389
1,0.901827
1,0.890418
1,0.781499
1,0.863772
1,0.925827
1,0.942537
1,0.993533
1,0.927686
1,0.645729
1,0.324620
1,0.942258
1,0.898840
1,0.793927
1,0.617964
1,0.796671
1,0.914276
1,0.558439
1,0.759725
1,0.764286
1,0.823930
1,0.595528
1,0.890615
1,0.459113
1,0.956852
1,0.445456
1,0.964893
1,0.928750
1,0.786849
1,0.927055
1,0.708545
1,0.928969
1,0.969004
1,0.913517
1,0.920171
1,0.861031
1,0.889275
1,0.775809
1,0.819916
1,0.821671
1,0.621735
1,0.919389
1,0.914279
1,0.798532
1,0.877894
1,0.929565
1,0.551461
1,0.146586
1,0.894964
1,0.458801
1,0.859609
1,0.863066
1,0.290224
1,0.483353
1,0.050451
1,0.119422
1,0.749034
1,0.211204
1,0.774832
1,0.034523
1,0.292909
1,0.040798
1,0.646486
1,0.217265
1,0.469357
1,0.167026
1,0.471103
1,0.964928
1,0.888266
1,0.104914
1,0.862889
1,0.917307
1,0.632644
1,0.524586
1,0.954717
1,0.706623
1,0.983850
1,0.601071
1,0.123535
1,0.403220
1,0.081762
1,0.458641
1,0.818166
1,0.676404
1,0.400196
1,0.630183
1,0.567844
1,0.879890
1,0.550743
1,0.825381
1,0.953711
1,0.762928
1,0.979805
1,0.949295
1,0.236650
1,0.519908
1,0.955323
1,0.520134
1,0.434599
1,0.556059
1,0.516177
1,0.471567
1,0.778768
1,0.335639
1,0.683317
1,0.510216
1,0.652154
1,0.767831
1,0.751802
1,0.109004
1,0.121863
1,0.166014
1,0.753963
1,0.152257
1,0.766620
1,0.106934
1,0.133556
1,0.733170
1,0.938385
1,0.951614
1,0.970653
1,0.869445
1,0.086755
1,0.860236
1,0.496144
1,0.800612
1,0.832343
1,0.871169
1,0.794826
1,0.807274
1,0.140805
1,0.343079
1,0.812728
1,0.109730
1,0.012725
1,0.565330
1,0.120390
1,0.654126
1,0.172673
1,0.655815
1,0.902500
1,0.377913
1,0.582424
1,0.644210
1,0.759896
1,0.656390
1,0.244413
1,0.399823
1,0.438030
1,0.712420
1,0.157912
1,0.538861
1,0.630144
1,0.690265
1,0.495027
1,0.196243
1,0.059663
1,0.117310
1,0.371436
1,0.633467
1,0.582127
1,0.951408
1,0.233380
1,0.328778
1,0.765894
1,0.623881
1,0.031577
1,0.744839
1,0.102364
1,0.660553
1,0.819888
1,0.269896
1,0.660623
1,0.844597
1,0.828265
1,0.300263
1,0.606893
1,0.521105
1,0.633258
1,0.480674
1,0.289518
1,0.559683
1,0.573178
1,0.891940
1,0.680265
1,0.502059
1,0.618922
1,0.159455
1,0.338922
1,0.672711
1,0.807799
1,0.878290
1,0.815761
1,0.749410
1,0.615204
1,0.257556
1,0.468840
1,0.316682
1,0.467392
1,0.824020
1,0.323241
1,0.438588
1,0.704688
1,0.087932
1,0.234781
1,0.814928
1,0.102442
1,0.034640
1,0.047401
1,0.348965
1,0.300051
1,0.606612
1,0.722000
1,0.742986
1,0.151339
1,0.497776
1,0.145879
1,0.594995
1,0.352675
1,0.221607
1,0.434750
1,0.059257
1,0.797799
1,0.918086
1,0.207926
1,0.210918
1,0.030203
1,0.203492
1,0.351403
1,0.094528
1,0.111178
1,0.938035
1,0.419779
1,0.810138
1,0.134131
1,0.034907
1,0.031876
1,0.032124
1,0.062300
1,0.001657
1,0.004126
1,0.005685
1,0.042305
1,0.034363
1,0.649434
1,0.015631
1,0.043230
1,0.262565
1,0.004030
1,0.843822
1,0.319878
1,0.012638
1,0.106630
1,0.064913
1,0.030690
0,0.049109
0,0.001388
0,0.008738
0,0.011711
0,0.063871
0,0.024153
0,0.939623
0,0.807514
0,0.014486
0,0.470824
0,0.144743
0,0.949340
0,0.087787
0,0.310875
0,0.424321
0,0.560621
0,0.522380
0,0.841863
0,0.298897
0,0.022687
0,0.103636
0,0.011086
0,0.018202
0,0.365749
0,0.247210
0,0.028499
0,0.646998
0,0.203050
0,0.029763
0,0.013031
0,0.648743
0,0.134963
0,0.145215
0,0.074923
0,0.019694
0,0.694801
0,0.695582
0,0.112421
0,0.312276
0,0.038267
0,0.067815
0,0.031165
0,0.503717
0,0.157564
0,0.023571
0,0.423417
0,0.022872
0,0.032933
0,0.537731
0,0.181767
0,0.171344
0,0.173559
0,0.383126
0,0.586361
0,0.113778
0,0.053822
0,0.367775
0,0.045644
0,0.704572
0,0.893651
0,0.731839
0,0.668500
0,0.072555
0,0.253306
0,0.204198
0,0.019842
0,0.574776
0,0.063955
0,0.481055
0,0.123321
0,0.069907
0,0.768032
0,0.155178
0,0.505952
0,0.174231
0,0.228207
0,0.545768
0,0.256650
0,0.015125
0,0.264630
0,0.780292
0,0.675100
0,0.459240
0,0.665269
0,0.011940
0,0.261256
0,0.914810
0,0.309309
0,0.188364
0,0.905344
0,0.025929
0,0.032824
0,0.005548
0,0.334199
0,0.779095
0,0.719322
0,0.012320
0,0.340430
0,0.448157
0,0.162531
0,0.413438
0,0.024763
0,0.101763
0,0.850813
0,0.927723
0,0.005616
0,0.885880
0,0.847564
0,0.161766
0,0.084101
0,0.568431
0,0.673814
0,0.188837
0,0.044150
0,0.037368
0,0.066660
0,0.365669
0,0.665186
0,0.753232
0,0.071845
0,0.025763
0,0.470505
0,0.081446
0,0.262955
0,0.625978
0,0.712018
0,0.761290
0,0.552177
0,0.198120
0,0.192516
0,0.050496
0,0.013281
0,0.077638
0,0.250276
0,0.600143
0,0.191418
0,0.029195
0,0.108229
0,0.037183
0,0.036818
0,0.344675
0,0.587970
0,0.542269
0,0.003634
0,0.820068
0,0.419215
0,0.192071
0,0.107531
0,0.652377
0,0.192900
0,0.772724
0,0.715714
0,0.463060
0,0.830866
1,0.283560
1,0.296165
1,0.393470
1,0.089739
1,0.797372
1,0.503905
1,0.039616
1,0.547338
1,0.898572
1,0.363091
1,0.499021
1,0.555061
1,0.927156
1,0.781530
1,0.567334
1,0.047121
1,0.127830
1,0.054588
1,0.162856
1,0.806417
1,0.200591
1,0.101145
1,0.148316
1,0.173004
1,0.016126
1,0.511770
1,0.841046
1,0.912032
1,0.021320
1,0.229960
1,0.093536
1,0.189474
1,0.385574
1,0.120446
1,0.390648
1,0.933751
1,0.161633
1,0.233851
1,0.760561
1,0.768594
1,0.103788
1,0.054380
1,0.088248
1,0.768607
1,0.011533
1,0.344797
1,0.764269
1,0.854032
1,0.595945
1,0.112591
1,0.616550
1,0.201351
1,0.838064
1,0.689613
1,0.080310
1,0.139042
1,0.056544
1,0.075479
1,0.571775
1,0.264407
1,0.444786
1,0.448032
1,0.105495
1,0.601951
1,0.037773
1,0.204470
1,0.020874
1,0.141536
1,0.364865
1,0.005483
1,0.105587
1,0.138079
1,0.152371
1,0.821844
1,0.680907
1,0.050240
1,0.092711
1,0.110360
1,0.279978
1,0.003324
1,0.464141
1,0.110285
1,0.035095
1,0.336740
1,0.052571
1,0.272539
1,0.697036
1,0.128190
1,0.006052
1,0.067011
1,0.025565
1,0.936009
1,0.487682
1,0.272398
1,0.043501
1,0.020675
1,0.813908
1,0.062466
1,0.184013
1,0.019239
1,0.963843
1,0.997732
1,0.998296
1,0.973229
1,0.989968
1,0.920608
1,0.965587
1,0.979378
1,0.991860
1,0.996170
1,0.982559
1,0.975927
1,0.931129
1,0.943521
1,0.928744
1,0.949206
1,0.405007
1,0.981219
1,0.769461
1,0.960040
1,0.660685
1,0.981660
1,0.971159
1,0.824389
1,0.502179
1,0.896225
1,0.971303
1,0.991142
1,0.845765
1,0.942864
1,0.325127
1,0.960083
1,0.577111
1,0.932701
1,0.720482
1,0.895074
1,0.970504
1,0.751294
1,0.975229
1,0.541186
1,0.952925
1,0.974056
1,0.954862
1,0.971702
1,0.781273
1,0.532353
1,0.994546
1,0.975671
1,0.449426
1,0.722714
1,0.740603
1,0.910814
1,0.978214
1,0.622783
1,0.404015
1,0.765495
1,0.720196
1,0.841624
1,0.995121
1,0.571252
1,0.740004
1,0.505586
1,0.816282
1,0.982285
1,0.988799
1,0.938348
1,0.986931
1,0.937050
1,0.914262
1,0.631775
1,0.981931
1,0.979641
1,0.986711
1,0.828368
1,0.993119
1,0.968682
1,0.959259
1,0.963019
1,0.977412
1,0.837269
1,0.977690
1,0.906218
1,0.914330
1,0.976987
1,0.984485
1,0.803043
1,0.948078
1,0.913729
1,0.977385
1,0.871147
1,0.807282
1,0.939726
1,0.980136
1,0.814961
1,0.908733
1,0.256016
0,0.865414
0,0.860776
0,0.867141
0,0.954878
0,0.588248
0,0.715991
0,0.508438
0,0.124529
0,0.187667
0,0.083565
0,0.516045
0,0.937580
0,0.458533
0,0.240496
0,0.616709
0,0.909418
0,0.219902
0,0.731311
0,0.709235
0,0.486360
0,0.871418
0,0.643649
0,0.951135
0,0.861000
0,0.839351
0,0.757182
0,0.460142
0,0.692018
0,0.769567
0,0.916098
0,0.856202
0,0.475521
0,0.751416
0,0.632537
0,0.104756
0,0.211756
0,0.170696
0,0.243355
0,0.165301
0,0.701487
0,0.731847
0,0.624175
0,0.847552
0,0.965726
0,0.875511
0,0.889458
0,0.337546
0,0.770323
0,0.682179
0,0.564476
0,0.755624
0,0.919309
0,0.534678
0,0.028961
0,0.012852
0,0.120101
0,0.554862
0,0.311113
0,0.520788
0,0.818633
0,0.121505
0,0.133577
0,0.072594
0,0.218725
0,0.105116
0,0.239908
0,0.117547
1,0.873474
1,0.528615
1,0.645093
1,0.904681
1,0.985548
1,0.873821
1,0.888073
1,0.574228
1,0.672551
1,0.017509
1,0.142427
1,0.002716
1,0.033871
1,0.820526
1,0.400292
1,0.070197
1,0.343908
1,0.904861
1,0.947338
1,0.594613
1,0.936034
1,0.871827
1,0.964891
1,0.899547
1,0.601999
1,0.896132
1,0.274703
1,0.275866
1,0.988460
1,0.501477
1,0.990153
1,0.037593
1,0.911190
1,0.343873
1,0.364336
1,0.671433
1,0.662064
1,0.764627
1,0.941736
1,0.933748
1,0.379035
1,0.383022
1,0.189579
1,0.499667
1,0.289729
1,0.586323
1,0.110714
1,0.785231
1,0.214551
1,0.656858
1,0.363173
1,0.849023
1,0.866013
1,0.029061
1,0.352644
1,0.567630
1,0.992329
1,0.918860
1,0.950453
1,0.873532
1,0.846106
1,0.912555
1,0.925409
1,0.667691
1,0.994222
1,0.961171
1,0.971590
1,0.988417
1,0.998464
1,0.995748
1,0.979103
1,0.925310
1,0.970874
1,0.847613
1,0.980034
1,0.937255
1,0.794307
1,0.663798
1,0.421486
1,0.797896
1,0.991928
1,0.989875
1,0.970168
1,0.978667
1,0.971708
1,0.979626
1,0.930734
1,0.997131
1,0.984163
1,0.984312
1,0.986545
1,0.988760
1,0.846109
1,0.887321
1,0.911938
1,0.958237
1,0.953541
1,0.784779
1,0.341872
1,0.980014
1,0.943092
1,0.866682
1,0.919574
1,0.985567
1,0.960018
1,0.838142
1,0.971503
1,0.966602
1,0.090847
1,0.301744
1,0.204383
1,0.008069
1,0.065404
1,0.876515
1,0.923402
1,0.914828
1,0.961360
0,0.702665
0,0.521466
0,0.881256
0,0.797706
0,0.541883
0,0.892932
0,0.090417
0,0.635828
0,0.969170
0,0.955949
0,0.980612
0,0.717897
0,0.939951
0,0.585128
0,0.888034
0,0.972782
0,0.907130
0,0.940223
0,0.748094
0,0.813117
0,0.929588
0,0.611727
0,0.812114
0,0.728970
0,0.447937
0,0.613164
0,0.764679
0,0.492746
0,0.840887
0,0.887623
0,0.505212
0,0.287062
0,0.282706
0,0.855605
0,0.953152
0,0.641711
0,0.159529
0,0.925339
0,0.877646
0,0.983490
0,0.998909
0,0.991666
0,0.982368
0,0.832043
0,0.976668
0,0.991595
0,0.989334
0,0.942265
0,0.976847
0,0.969464
0,0.967571
0,0.950057
0,0.973492
0,0.969623
0,0.989656
0,0.944276
0,0.963296
0,0.937343
0,0.598437
0,0.838617
0,0.449508
0,0.613100
0,0.825688
0,0.964549
0,0.723955
0,0.934949
0,0.706056
0,0.348758
0,0.179025
0,0.560929
0,0.899147
0,0.930813
0,0.973156
0,0.640832
0,0.856273
0,0.869253
0,0.877733
0,0.960757
0,0.543501
0,0.972753
0,0.862644
0,0.918718
0,0.669797
0,0.680159
0,0.871472
0,0.825440
0,0.950644
0,0.811367
0,0.936028
0,0.885883
0,0.859625
0,0.813501
0,0.858750
0,0.606065
0,0.992023
0,0.960504
0,0.960554
0,0.876508
0,0.975950
0,0.969270
1,0.182112
1,0.044875
1,0.059145
1,0.135384
1,0.101572
1,0.133218
1,0.239940
1,0.107970
1,0.064803
1,0.217456
1,0.118063
1,0.266960
1,0.319458
1,0.092509
1,0.177651
1,0.304267
1,0.278726
1,0.133716
1,0.107809
1,0.173713
1,0.228827
1,0.134001
1,0.695237
1,0.087854
1,0.497315
1,0.408254
1,0.285394
1,0.231348
1,0.476445
1,0.793060
1,0.666938
1,0.315169
1,0.512034
1,0.461557
1,0.145105
1,0.217290
1,0.473044
1,0.155181
1,0.337984
1,0.264295
1,0.161391
1,0.916146
1,0.890741
1,0.930190
1,0.660187
1,0.339779
1,0.884907
1,0.945714
1,0.548155
1,0.430212
1,0.733388
1,0.263681
1,0.230499
1,0.688071
1,0.234416
1,0.320061
1,0.330604
1,0.098972
1,0.449372
1,0.490878
1,0.714883
1,0.772811
1,0.826514
1,0.716216
1,0.152517
1,0.348154
1,0.679229
1,0.537957
1,0.471963
1,0.354971
1,0.256193
1,0.165470
1,0.066736
1,0.188098
1,0.309693
1,0.476496
1,0.188044
1,0.462375
1,0.443658
1,0.204088
1,0.254940
1,0.516048
1,0.277621
1,0.281622
1,0.281991
1,0.127086
1,0.518701
1,0.183112
1,0.352291
1,0.288544
1,0.271005
1,0.569704
1,0.183773
1,0.199934
1,0.259318
1,0.134504
1,0.142387
1,0.213453
1,0.044101
1,0.117675
1,0.848007
1,0.241943
1,0.751002
1,0.663929
1,0.927561
1,0.956945
1,0.974007
1,0.889082
1,0.457848
1,0.921953
1,0.798360
1,0.934179
1,0.988363
1,0.926183
1,0.963865
1,0.777118
1,0.488258
1,0.873895
1,0.770801
1,0.733138
1,0.554144
1,0.748149
1,0.237070
1,0.911090
1,0.312847
1,0.023440
1,0.183967
1,0.192536
1,0.921151
1,0.858956
1,0.941949
1,0.865885
1,0.148930
1,0.005424
1,0.547804
1,0.030193
1,0.575879
1,0.986757
1,0.933614
1,0.930787
1,0.880961
1,0.873270
1,0.121901
1,0.899596
1,0.980053
1,0.969170
1,0.793070
1,0.686360
1,0.929346
1,0.909826
1,0.865729
1,0.979281
1,0.983219
1,0.885351
1,0.301339
1,0.322715
1,0.860879
1,0.986912
1,0.501407
1,0.456734
1,0.653477
1,0.723824
1,0.971320
1,0.294877
1,0.928356
1,0.833468
1,0.727396
1,0.622187
1,0.779805
1,0.674597
1,0.879939
1,0.879432
1,0.805185
1,0.601457
1,0.710695
1,0.305621
1,0.840034
1,0.958633
1,0.858049
1,0.835630
1,0.656822
1,0.953608
1,0.933978
1,0.876372
1,0.963196
1,0.924400
1,0.943724
1,0.469412
1,0.989337
1,0.820316
1,0.861111
1,0.367379
1,0.158710
1,0.687289
1,0.056193
1,0.832210
1,0.480699
1,0.035419
1,0.175581
1,0.777367
0,0.987816
0,0.975630
0,0.987612
0,0.962673
0,0.965887
0,0.972181
0,0.978608
0,0.404111
0,0.940736
0,0.966599
0,0.968241
0,0.976552
0,0.731142
0,0.962152
0,0.822884
0,0.983612
0,0.967344
0,0.982091
0,0.960494
0,0.582232
0,0.624141
0,0.348552
0,0.280450
0,0.949640
0,0.658858
0,0.933441
0,0.624288
0,0.883402
0,0.845929
0,0.818378
0,0.764858
0,0.872199
0,0.873938
0,0.973098
0,0.845931
0,0.818210
0,0.977565
0,0.921649
0,0.908951
0,0.956388
0,0.941401
0,0.917071
0,0.854971
0,0.871688
0,0.944571
0,0.935011
0,0.741921
0,0.832641
0,0.801109
0,0.560291
0,0.916716
0,0.934073
0,0.940948
0,0.816400
0,0.907525
0,0.947606
0,0.816996
0,0.947369
0,0.935054
0,0.605865
0,0.806067
0,0.902254
0,0.958962
0,0.802643
0,0.976692
0,0.931074
0,0.994755
0,0.672624
0,0.784675
0,0.982717
0,0.985318
0,0.995584
0,0.981522
0,0.994708
0,0.881075
0,0.834234
0,0.913206
0,0.970800
0,0.873369
0,0.853358
0,0.699847
0,0.712972
0,0.933021
0,0.597156
0,0.789908
0,0.684300
0,0.630138
0,0.650702
0,0.202402
0,0.896904
0,0.967064
0,0.867132
0,0.863060
0,0.912533
0,0.618435
0,0.505824
0,0.896015
0,0.810245
0,0.688548
0,0.457446
0,0.034059
0,0.846057
0,0.878398
0,0.130208
0,0.040653
0,0.744833
0,0.473169
0,0.053996
0,0.017688
0,0.963208
0,0.607423
0,0.548491
0,0.210719
0,0.530549
0,0.192792
0,0.045827
0,0.031895
0,0.015894
0,0.456174
0,0.976967
0,0.042778
0,0.030418
0,0.054957
0,0.734548
0,0.088118
0,0.163331
0,0.173222
0,0.135981
0,0.028090
0,0.200703
0,0.002671
0,0.015377
0,0.001626
0,0.303119
0,0.154743
0,0.019081
0,0.154912
0,0.371117
0,0.006118
0,0.027770
0,0.002105
0,0.302793
0,0.041865
0,0.011170
0,0.066987
0,0.282351
0,0.309969
0,0.244161
0,0.342645
0,0.557666
0,0.815913
0,0.913257
0,0.534470
0,0.576411
0,0.522870
0,0.112770
0,0.571210
0,0.662529
0,0.072619
0,0.010656
0,0.596046
0,0.326093
0,0.017218
0,0.012696
0,0.232554
0,0.296871
0,0.717073
0,0.250125
0,0.726403
0,0.070700
0,0.718171
0,0.992777
0,0.961582
0,0.820065
0,0.068982
0,0.227191
0,0.888690
0,0.470467
0,0.391722
0,0.804368
0,0.120614
0,0.007900
0,0.255755
1,0.639961
1,0.248337
1,0.211213
1,0.888577
1,0.873410
1,0.892446
1,0.602136
1,0.240254
1,0.516417
1,0.614964
1,0.727102
1,0.947235
1,0.746179
1,0.720412
1,0.201544
1,0.156167
1,0.200765
1,0.180840
1,0.510067
1,0.151680
1,0.441558
1,0.913141
1,0.140844
1,0.527032
1,0.788150
1,0.028928
1,0.920735
1,0.931296
1,0.079168
1,0.336160
1,0.228351
1,0.048199
1,0.143794
1,0.322516
1,0.055702
1,0.195879
1,0.864936
1,0.851115
1,0.653641
1,0.709020
1,0.496158
1,0.155742
1,0.498609
1,0.881013
1,0.327617
1,0.687242
1,0.089008
1,0.152322
1,0.110268
1,0.441675
1,0.184097
1,0.176729
1,0.417658
1,0.792684
1,0.568605
1,0.673744
1,0.090757
1,0.648386
1,0.156415
1,0.811729
1,0.592571
1,0.130287
1,0.684982
1,0.365803
1,0.491343
1,0.295534
1,0.399846
1,0.968105
1,0.728096
1,0.637978
1,0.149577
1,0.051940
1,0.176095
0,0.818528
0,0.950947
0,0.541902
0,0.244195
0,0.015157
0,0.629948
0,0.865629
0,0.957601
0,0.451992
0,0.599825
0,0.291840
0,0.621320
0,0.932896
0,0.661581
0,0.856940
0,0.956520
0,0.968846
0,0.450632
0,0.641459
0,0.958036
0,0.791943
0,0.349856
0,0.705662
0,0.896469
0,0.766814
0,0.729430
0,0.726747
0,0.628425
0,0.285215
0,0.591302
0,0.187263
0,0.683857
0,0.902366
0,0.957866
0,0.914167
0,0.843661
0,0.855935
0,0.798846
0,0.879860
0,0.335413
0,0.864582
0,0.943485
0,0.896907
0,0.799795
0,0.311222
0,0.804199
0,0.919912
0,0.837162
0,0.593475
0,0.915539
0,0.208583
0,0.492256
0,0.298579
0,0.195736
0,0.881635
0,0.889575
0,0.317823
0,0.594085
0,0.867237
0,0.408113
0,0.002272
0,0.704111
0,0.223304
0,0.847151
0,0.125921
0,0.071978
0,0.804925
0,0.936074
0,0.622366
0,0.884670
0,0.314610
0,0.857061
0,0.453409
0,0.193228
0,0.191324
0,0.449860
0,0.407807
0,0.190977
0,0.221410
0,0.090867
0,0.518777
0,0.045045
0,0.722522
0,0.299394
0,0.711215
0,0.559895
0,0.708558
0,0.852158
0,0.954917
0,0.598387
0,0.528036
0,0.686074
0,0.242294
0,0.719339
0,0.409897
0,0.671343
0,0.796139
0,0.882012
0,0.916030
0,0.741385
1,0.131545
1,0.034978
1,0.012438
1,0.008466
1,0.005195
1,0.006788
1,0.003373
1,0.004164
1,0.010923
1,0.001495
1,0.012922
1,0.078403
1,0.029367
1,0.285807
1,0.263398
1,0.571729
1,0.103833
1,0.132609
1,0.008732
1,0.057880
1,0.066610
1,0.111309
1,0.181260
1,0.114110
1,0.059732
1,0.238283
1,0.030261
1,0.051505
1,0.013807
1,0.602729
1,0.178406
1,0.052434
1,0.024308
1,0.018350
1,0.032414
1,0.101965
1,0.098183
1,0.047438
1,0.012269
1,0.019880
1,0.023523
1,0.469058
1,0.725416
1,0.051211
1,0.027033
1,0.021162
1,0.037722
1,0.004262
1,0.017423
0,0.231253
0,0.198335
0,0.198335
0,0.198335
0,0.041849
0,0.728764
0,0.077149
0,0.084382
0,0.141025
0,0.050704
0,0.053376
0,0.334310
0,0.063511
0,0.157338
0,0.178445
0,0.023263
0,0.004126
0,0.267045
0,0.033019
0,0.020258
0,0.045762
0,0.130635
0,0.049655
0,0.014561
0,0.466341
0,0.223252
0,0.038143
0,0.430719
0,0.381725
0,0.025124
0,0.396128
0,0.095148
0,0.010788
0,0.051792
0,0.026571
0,0.033648
0,0.044891
0,0.162965
0,0.087392
0,0.136509
0,0.026129
0,0.038293
0,0.004207
0,0.068852
0,0.031188
0,0.028726
0,0.058693
0,0.096799
0,0.010380
0,0.027187
0,0.008490
0,0.230316
0,0.044691
0,0.014222
0,0.177393
0,0.007909
0,0.020529
0,0.060760
0,0.154971
0,0.021867
0,0.492355
0,0.060432
0,0.442047
0,0.003340
0,0.109547
0,0.053632
0,0.088352
0,0.007009
0,0.292499
0,0.023754
0,0.025086
0,0.004635
0,0.006111
0,0.027113
0,0.475149
0,0.765637
0,0.299867
0,0.337582
0,0.019048
0,0.601541
0,0.042901
0,0.095984
0,0.005573
0,0.074839
0,0.358900
0,0.191470
0,0.212049
0,0.094380
0,0.511893
0,0.059327
0,0.251260
0,0.048313
0,0.011342
0,0.054481
0,0.014239
0,0.014819
0,0.013787
0,0.029662
0,0.032512
0,0.008311
0,0.478542
0,0.645910
0,0.609295
0,0.391945
0,0.524621
0,0.960718
0,0.738951
0,0.921776
0,0.664046
0,0.859222
0,0.667489
0,0.411621
0,0.479779
0,0.278108
0,0.734623
0,0.675479
0,0.906602
0,0.750938
0,0.867254
0,0.891571
0,0.726829
0,0.722230
0,0.285110
0,0.708278
0,0.464771
0,0.262651
0,0.318162
0,0.077832
0,0.086292
0,0.420118
0,0.479281
0,0.756062
0,0.586733
0,0.079010
0,0.186258
0,0.071850
0,0.393023
0,0.409940
0,0.887534
0,0.580292
0,0.370614
0,0.346533
0,0.026024
0,0.570474
0,0.046424
0,0.177142
0,0.729832
0,0.811356
0,0.617260
0,0.643058
0,0.545395
0,0.925871
0,0.848933
0,0.817101
0,0.673566
0,0.582704
0,0.348135
0,0.141600
0,0.860061
0,0.197542
0,0.666959
0,0.233926
0,0.416523
0,0.465344
0,0.929192
0,0.449681
0,0.066380
0,0.056055
0,0.039654
0,0.013062
0,0.013791
0,0.207117
0,0.235315
0,0.007859
0,0.024141
0,0.059083
0,0.019676
0,0.015147
0,0.137499
0,0.026047
0,0.286689
0,0.115395
0,0.335354
0,0.121575
0,0.160364
0,0.156870
0,0.424462
0,0.001773
0,0.002176
0,0.001181
0,0.166426
0,0.025594
0,0.028183
0,0.126455
0,0.420373
0,0.005669
0,0.080087
0,0.019603
0,0.232525
0,0.002625
0,0.033822
0,0.397506
0,0.033959
0,0.010872
0,0.400709
0,0.006103
0,0.331423
0,0.057030
0,0.015409
0,0.682280
0,0.001850
0,0.007202
0,0.006535
0,0.122749
0,0.003620
0,0.185275
0,0.058460
0,0.013102
0,0.021142
0,0.003241
0,0.041236
0,0.009576
0,0.012005
0,0.081556
0,0.029949
0,0.031763
0,0.152477
0,0.013363
0,0.060362
0,0.238988
0,0.001255
0,0.089165
0,0.861634
0,0.012520
0,0.015358
0,0.077884
0,0.034694
0,0.139700
0,0.346816
0,0.011048
0,0.005418
0,0.000980
0,0.000802
0,0.011152
0,0.026600
0,0.002627
0,0.076764
0,0.044899
0,0.105072
0,0.145999
0,0.010217
0,0.034815
0,0.494853
0,0.007657
0,0.221520
0,0.215440
0,0.461331
0,0.013260
0,0.010422
0,0.012504
0,0.010160
0,0.001545
0,0.006818
0,0.020797
0,0.172629
1,0.336649
1,0.738558
1,0.083195
1,0.233901
1,0.359723
1,0.509430
1,0.956009
1,0.900425
1,0.363345
1,0.054218
1,0.337448
1,0.453129
1,0.794035
1,0.165831
1,0.055018
1,0.022625
1,0.464111
1,0.661399
1,0.063720
1,0.024899
1,0.307028
1,0.155806
1,0.468925
1,0.179735
1,0.161979
1,0.129227
1,0.021313
1,0.049171
1,0.108909
1,0.034532
1,0.034792
1,0.350855
1,0.018601
1,0.248649
1,0.529202
1,0.068762
1,0.920083
1,0.984500
1,0.033911
1,0.491562
1,0.163644
1,0.335374
1,0.159191
1,0.180592
1,0.321681
1,0.628295
1,0.467851
1,0.621221
1,0.027272
1,0.289455
1,0.169374
1,0.819629
1,0.186551
1,0.045707
1,0.019791
1,0.407294
1,0.107124
1,0.571816
1,0.038123
1,0.469966
1,0.200233
1,0.111565
1,0.207076
1,0.132421
1,0.102317
1,0.213240
1,0.017515
1,0.074180
1,0.881296
1,0.383588
1,0.184014
1,0.830457
1,0.092597
1,0.045786
1,0.266804
1,0.350525
1,0.521276
1,0.404375
1,0.410857
1,0.530330
1,0.867863
1,0.128591
1,0.597779
1,0.490365
1,0.642667
1,0.287022
1,0.396149
1,0.355898
1,0.850819
1,0.658720
1,0.808839
1,0.933670
1,0.909584
1,0.767157
1,0.334168
1,0.894250
1,0.184810
1,0.125401
1,0.041714
1,0.261869
1,0.704795
1,0.783389
1,0.576082
1,0.894769
1,0.847390
1,0.207006
1,0.439981
1,0.278711
1,0.792760
1,0.234571
1,0.890996
1,0.434652
1,0.882834
1,0.822070
1,0.925003
1,0.482989
1,0.386363
1,0.819785
1,0.700933
1,0.736311
1,0.564231
1,0.050732
1,0.423490
1,0.363977
1,0.125246
1,0.285369
1,0.032840
1,0.123270
1,0.025784
1,0.879430
0,0.054265
0,0.233028
0,0.195946
0,0.516971
0,0.237595
0,0.342131
0,0.008184
0,0.042262
0,0.064927
0,0.094572
0,0.018471
0,0.014405
0,0.003157
0,0.053423
0,0.007883
0,0.028617
0,0.350081
0,0.306865
0,0.119735
0,0.096892
0,0.058729
0,0.019206
0,0.070423
0,0.008155
0,0.002570
0,0.101171
0,0.222299
0,0.057468
0,0.158116
0,0.078603
0,0.708479
0,0.047929
0,0.049354
0,0.091133
0,0.013438
0,0.003504
0,0.004340
0,0.007048
0,0.008889
0,0.009706
0,0.167711
0,0.115980
0,0.006288
0,0.050372
0,0.026649
0,0.048398
0,0.198542
0,0.012872
0,0.028021
0,0.070795
0,0.001171
0,0.027507
0,0.010890
0,0.023921
0,0.006645
0,0.003817
0,0.008849
0,0.238566
0,0.006477
0,0.002503
0,0.022784
0,0.035115
0,0.019747
0,0.089609
0,0.026331
0,0.045221
0,0.037316
0,0.088127
0,0.130105
0,0.002805
0,0.005755
0,0.152112
0,0.011762
0,0.026836
0,0.117144
0,0.194818
0,0.178219
0,0.174783
0,0.125278
0,0.081994
0,0.051593
0,0.033327
0,0.046231
0,0.027012
0,0.016539
0,0.005173
0,0.008462
0,0.157399
0,0.422500
0,0.226621
0,0.113427
0,0.009896
0,0.135013
0,0.002686
0,0.046607
0,0.109668
0,0.014408
0,0.004108
0,0.053389
0,0.045187
0,0.109731
0,0.018934
0,0.028011
0,0.009808
0,0.026810
0,0.119450
0,0.147355
0,0.134060
0,0.428701
0,0.178123
0,0.043608
0,0.378134
0,0.298980
0,0.138597
0,0.140918
0,0.122077
0,0.055626
0,0.054061
0,0.084324
0,0.074118
0,0.213720
0,0.041906
0,0.040358
0,0.088380
1,0.390775
1,0.080389
1,0.806357
1,0.151019
1,0.364578
1,0.281510
1,0.269908
1,0.584086
1,0.253377
1,0.779936
1,0.745747
1,0.536320
1,0.895513
1,0.547471
1,0.573379
1,0.128887
1,0.521006
1,0.224676
1,0.731825
1,0.619356
1,0.475269
1,0.808332
1,0.088244
1,0.880696
1,0.397373
1,0.288085
1,0.568039
1,0.724122
1,0.295808
1,0.314145
1,0.072653
1,0.546811
1,0.289330
1,0.413601
1,0.098391
1,0.416520
1,0.080722
1,0.110313
1,0.220201
1,0.617750
1,0.828444
1,0.636890
1,0.131491
1,0.700485
1,0.206607
1,0.321413
1,0.431263
1,0.191284
1,0.767532
1,0.614540
1,0.551371
1,0.125555
1,0.120391
1,0.491071
1,0.354927
1,0.199250
1,0.547655
1,0.389264
1,0.429785
1,0.373792
0,0.722795
0,0.843185
0,0.365794
0,0.551319
0,0.982050
0,0.863858
0,0.521078
0,0.582360
0,0.640118
0,0.275288
0,0.921894
0,0.749058
0,0.230105
0,0.826765
0,0.544321
0,0.839080
0,0.779394
0,0.896068
0,0.583435
0,0.830597
0,0.865685
0,0.389534
0,0.956857
0,0.993020
0,0.929107
0,0.270757
0,0.992334
0,0.877721
0,0.867464
0,0.966675
0,0.935810
0,0.807274
0,0.930032
0,0.586743
0,0.914057
0,0.773056
0,0.557445
0,0.834139
0,0.087793
0,0.979846
0,0.052151
0,0.555161
0,0.618474
0,0.975527
0,0.936055
0,0.755525
0,0.545139
0,0.271255
0,0.616512
0,0.921152
0,0.951226
0,0.381596
0,0.430583
0,0.157953
0,0.227888
0,0.113953
0,0.063255
0,0.111172
0,0.711173
0,0.914994
0,0.986645
0,0.229896
0,0.751086
0,0.923644
0,0.726194
0,0.396263
0,0.760251
0,0.981178
0,0.288113
0,0.966851
0,0.931966
0,0.437428
0,0.731074
0,0.417964
0,0.282063
0,0.460898
0,0.343224
0,0.939442
0,0.942738
0,0.215724
0,0.767946
0,0.391277
0,0.891399
0,0.950861
0,0.845529
0,0.707174
0,0.027993
0,0.330922
0,0.731351
0,0.408324
0,0.296970
0,0.577272
0,0.778593
0,0.978164
0,0.570435
0,0.972271
0,0.976135
0,0.956840
0,0.972844
0,0.713342
1,0.035553
1,0.008568
1,0.070299
1,0.010458
1,0.018143
1,0.008950
1,0.006368
1,0.009137
1,0.031703
1,0.034657
1,0.005756
1,0.021267
1,0.015535
1,0.020761
1,0.021449
1,0.035030
1,0.010554
1,0.060923
1,0.141986
1,0.020407
1,0.032876
1,0.010891
1,0.006317
1,0.012253
1,0.089918
1,0.020725
1,0.146251
1,0.034316
1,0.046681
1,0.012264
1,0.040220
1,0.010564
1,0.032257
1,0.084521
1,0.006839
1,0.030701
1,0.005820
1,0.036757
1,0.019383
1,0.032420
1,0.075423
1,0.020390
1,0.016574
1,0.026181
1,0.059940
1,0.044799
1,0.084019
1,0.029925
1,0.046580
1,0.029443
1,0.301742
1,0.099379
1,0.009332
1,0.024373
1,0.016576
1,0.016801
1,0.285516
1,0.083327
1,0.012723
1,0.045869
1,0.128755
1,0.071162
1,0.070010
1,0.575861
1,0.392655
1,0.299706
1,0.026507
1,0.160341
1,0.042170
1,0.123217
1,0.035411
1,0.008908
1,0.009028
1,0.117552
1,0.237285
1,0.168793
1,0.108562
1,0.035353
1,0.070047
1,0.304582
1,0.059145
1,0.039567
1,0.030654
1,0.053887
1,0.020179
1,0.018554
1,0.019761
1,0.156004
1,0.161728
1,0.984611
1,0.904857
1,0.878185
1,0.853237
1,0.912140
1,0.382443
1,0.863608
1,0.576311
1,0.568170
1,0.518321
1,0.932221
1,0.896613
1,0.028030
1,0.017638
1,0.013561
1,0.358068
1,0.013376
1,0.015469
1,0.478297
1,0.035039
1,0.107968
1,0.776078
1,0.151968
1,0.775540
1,0.046829
1,0.807693
1,0.975142
0,0.231492
0,0.025623
0,0.250917
0,0.170752
0,0.800924
0,0.050929
0,0.010635
0,0.176084
0,0.054082
0,0.027797
0,0.944667
0,0.122495
0,0.212899
0,0.137540
0,0.067648
0,0.087877
0,0.076763
0,0.302651
0,0.231737
0,0.241885
0,0.189833
0,0.103676
0,0.221914
0,0.654755
0,0.056070
0,0.688473
0,0.220034
0,0.216266
0,0.650436
0,0.191728
0,0.243713
0,0.417553
0,0.134926
0,0.008334
0,0.009759
0,0.057551
0,0.180203
0,0.438679
0,0.816576
0,0.519308
0,0.438778
0,0.046985
0,0.043930
0,0.453079
0,0.107101
0,0.148841
0,0.218424
0,0.374868
0,0.589903
0,0.289215
0,0.685258
0,0.050556
0,0.140525
0,0.275625
0,0.021831
0,0.053987
0,0.195008
0,0.560394
0,0.606486
0,0.146352
0,0.061993
0,0.041390
0,0.195325
0,0.272750
0,0.062745
0,0.176000
0,0.262477
0,0.247326
0,0.610909
0,0.177663
0,0.295973
0,0.070785
0,0.249861
0,0.817300
0,0.141844
0,0.115396
0,0.012417
0,0.006146
0,0.002437
0,0.009824
0,0.020207
0,0.004941
0,0.018018
0,0.007329
0,0.004000
0,0.071255
0,0.009552
0,0.006031
0,0.014257
0,0.063393
0,0.023292
0,0.004812
0,0.033958
0,0.001843
0,0.008382
0,0.002618
0,0.003248
0,0.026010
0,0.001688
0,0.010625
0,0.009633
0,0.004482
0,0.005121
0,0.011419
0,0.066604
0,0.019570
0,0.036499
0,0.027408
0,0.034808
0,0.010626
0,0.289053
0,0.012252
0,0.007567
0,0.007112
0,0.038292
0,0.003998
0,0.019710
0,0.008500
0,0.004215
0,0.017744
0,0.002705
0,0.010071
0,0.022313
0,0.011709
0,0.010733
0,0.006777
0,0.011167
0,0.033797
0,0.014986
0,0.003916
0,0.009982
0,0.007680
0,0.053654
0,0.000860
0,0.004957
0,0.003440
0,0.004671
0,0.059643
0,0.036396
0,0.019788
0,0.094841
0,0.012945
0,0.002164
0,0.008865
0,0.009337
0,0.004236
0,0.009443
0,0.006228
0,0.007119
0,0.094543
0,0.395012
0,0.245106
0,0.485071
0,0.911239
0,0.229829
0,0.572965
0,0.075029
0,0.848180
0,0.159792
0,0.754090
0,0.420696
0,0.823804
0,0.588737
0,0.963922
0,0.806910
0,0.476676
0,0.456444
0,0.298415
0,0.217293
0,0.105002
0,0.031351
0,0.233889
0,0.117395
0,0.134489
0,0.562301
0,0.229868
0,0.014849
0,0.133319
0,0.408749
0,0.778621
0,0.572648
0,0.674989
0,0.514913
0,0.275697
0,0.263417
0,0.221960
0,0.224039
0,0.830133
0,0.034019
0,0.321045
0,0.171317
0,0.024665
0,0.013344
0,0.607828
0,0.388100
0,0.495509
0,0.331670
0,0.802675
0,0.585920
0,0.035860
0,0.072679
0,0.091532
0,0.303808
0,0.508351
0,0.157736
0,0.167812
0,0.608484
0,0.062921
0,0.645567
0,0.371899
0,0.684353
0,0.869457
0,0.923061
0,0.975236
0,0.382394
0,0.817519
0,0.543898
0,0.935410
0,0.071942
0,0.569846
0,0.033018
0,0.691150
0,0.333972
0,0.718796
0,0.031681
0,0.258865
0,0.412173
0,0.154107
0,0.617201
0,0.695193
0,0.433767
0,0.621213
0,0.582765
0,0.573017
0,0.539351
0,0.150772
0,0.896533
0,0.666400
0,0.031263
0,0.096517
0,0.018463
0,0.512388
0,0.748862
0,0.611403
0,0.401016
0,0.727433
0,0.125929
0,0.179990
0,0.395923
0,0.737570
0,0.048597
0,0.320644
0,0.122807
0,0.193233
0,0.695217
0,0.911138
0,0.628274
0,0.371525
0,0.713501
0,0.898346
0,0.912135
0,0.924600
0,0.977047
0,0.947101
0,0.868590
0,0.968645
0,0.976627
0,0.960593
0,0.968066
0,0.846138
0,0.958771
0,0.983182
0,0.959539
0,0.959408
0,0.827109
0,0.976220
0,0.923540
0,0.993321
0,0.989769
0,0.976371
0,0.311991
0,0.932283
0,0.971397
0,0.935135
0,0.974725
0,0.848670
0,0.948037
0,0.985666
0,0.715729
0,0.450355
0,0.928614
0,0.524809
0,0.650592
0,0.904187
0,0.979261
0,0.914470
0,0.963908
0,0.873970
0,0.895033
0,0.922161
0,0.812355
0,0.984626
0,0.939615
0,0.899777
0,0.937652
0,0.988448
0,0.963333
0,0.951729
0,0.932397
0,0.948129
0,0.957242
0,0.868526
0,0.990281
0,0.828705
0,0.994497
0,0.761130
0,0.970027
0,0.876221
0,0.890048
0,0.696526
0,0.970186
0,0.974525
0,0.954757
0,0.922048
0,0.968143
0,0.618515
0,0.915923
0,0.959898
0,0.924950
0,0.816427
0,0.871322
0,0.939798
0,0.914018
0,0.778414
0,0.919783
0,0.979727
0,0.895932
0,0.985789
0,0.170466
0,0.845477
0,0.930610
0,0.932686
0,0.925817
0,0.920618
0,0.905037
0,0.881338
0,0.817701
0,0.878115
0,0.928550
0,0.847920
0,0.943631
0,0.987775
0,0.916208
0,0.984345
0,0.925129
0,0.963199
0,0.990834
0,0.193670
0,0.893535
0,0.473675
0,0.625404
0,0.481435
0,0.976903
0,0.237403
0,0.727658
0,0.198430
0,0.668911
0,0.785581
0,0.564704
0,0.125772
0,0.073590
0,0.751409
0,0.967286
0,0.931426
0,0.636130
0,0.261122
0,0.163554
0,0.468929
0,0.345737
0,0.982696
0,0.652248
0,0.956392
0,0.057750
0,0.417565
0,0.361084
0,0.951841
0,0.331187
0,0.080183
0,0.280421
0,0.448444
0,0.495288
0,0.332069
0,0.335526
0,0.330379
0,0.370762
0,0.216257
0,0.005305
0,0.218654
0,0.069882
0,0.076193
0,0.009700
0,0.369783
0,0.883878
0,0.435054
0,0.698442
0,0.737985
0,0.541665
0,0.804945
0,0.940113
0,0.044306
0,0.272405
0,0.604547
0,0.784145
0,0.632565
0,0.882512
0,0.094232
0,0.327035
0,0.102411
0,0.009237
0,0.110105
0,0.905860
0,0.568885
0,0.826737
0,0.135847
0,0.453670
0,0.504348
0,0.068361
0,0.248731
0,0.980657
0,0.899401
0,0.475715
0,0.681173
0,0.147887
0,0.013724
0,0.560594
0,0.525947
0,0.298522
0,0.649603
0,0.508441
0,0.044534
0,0.649457
0,0.029369
0,0.058298
0,0.026645
0,0.040617
0,0.115185
0,0.333852
0,0.041797
0,0.924199
0,0.077526
0,0.178512
0,0.732789
0,0.493254
0,0.860837
0,0.265870
0,0.023999
0,0.129293
0,0.089522
0,0.051448
0,0.407405
0,0.066349
0,0.064357
0,0.015155
0,0.375691
0,0.006308
0,0.018047
0,0.009741
0,0.027050
0,0.023023
0,0.143560
0,0.117268
0,0.083608
0,0.208360
0,0.016222
0,0.080172
0,0.080756
0,0.034748
0,0.003250
0,0.004333
0,0.026332
0,0.009456
0,0.007271
0,0.160708
0,0.010800
0,0.006806
0,0.227956
0,0.008138
0,0.007965
0,0.010312
0,0.004467
0,0.033094
0,0.019704
0,0.061749
0,0.079174
0,0.032458
0,0.046017
0,0.045529
0,0.408591
0,0.178109
0,0.249045
0,0.010233
0,0.109261
0,0.554454
0,0.812685
0,0.004187
0,0.006196
0,0.023860
0,0.015086
0,0.056292
0,0.004060
0,0.001341
0,0.018904
0,0.029789
0,0.000869
0,0.002131
0,0.027015
0,0.042897
0,0.009136
0,0.002578
0,0.057221
0,0.005075
0,0.004122
0,0.010317
0,0.001086
0,0.473126
0,0.021004
0,0.002965
0,0.012564
0,0.002386
0,0.007688
0,0.003559
0,0.047060
0,0.001777
0,0.000580
0,0.103841
0,0.005601
0,0.001073
0,0.002771
0,0.035649
0,0.009961
0,0.004022
0,0.071675
0,0.010791
0,0.064820
0,0.002513
0,0.021149
0,0.028676
0,0.023405
0,0.008845
0,0.680082
0,0.006043
0,0.008952
0,0.006571
0,0.006251
0,0.024946
0,0.002290
0,0.007931
1,0.916276
1,0.537871
1,0.831631
1,0.833297
1,0.970364
1,0.704089
1,0.974200
1,0.879845
1,0.979264
1,0.929774
1,0.857863
1,0.815962
1,0.959561
1,0.347890
1,0.307358
1,0.222806
1,0.782923
1,0.238333
1,0.196307
1,0.277135
1,0.714022
1,0.178751
1,0.260101
1,0.234789
1,0.171518
1,0.495422
1,0.119554
1,0.612496
1,0.372933
1,0.580038
1,0.901894
1,0.579648
1,0.039284
1,0.449194
1,0.567722
1,0.554644
1,0.384780
1,0.215266
1,0.775887
1,0.732036
1,0.435093
1,0.883131
1,0.903168
1,0.657102
1,0.667238
1,0.316255
1,0.623211
1,0.573593
1,0.969962
1,0.780228
1,0.920512
1,0.473643
1,0.427492
1,0.117822
1,0.379804
1,0.168625
1,0.131057
1,0.311603
1,0.829800
1,0.201825
1,0.253918
1,0.271664
1,0.508448
1,0.798379
1,0.745835
1,0.413510
1,0.387248
1,0.476740
1,0.909892
1,0.596385
1,0.346781
1,0.660304
1,0.796906
1,0.679125
1,0.136588
1,0.245541
1,0.669421
1,0.136963
1,0.351727
1,0.652170
1,0.309643
1,0.322096
1,0.170032
1,0.152086
1,0.151915
1,0.441419
1,0.267666
1,0.168791
1,0.595322
1,0.725934
1,0.738943
1,0.830178
1,0.266877
1,0.418785
1,0.348001
0,0.978834
0,0.696802
0,0.968458
0,0.951925
0,0.991837
0,0.942603
0,0.948116
0,0.732588
0,0.846773
0,0.855626
0,0.960975
0,0.877375
0,0.959286
0,0.780521
0,0.962475
0,0.941635
0,0.958545
0,0.870270
0,0.986388
0,0.792598
0,0.850296
0,0.833927
0,0.832578
0,0.924060
0,0.950997
0,0.940561
0,0.878656
0,0.768525
0,0.963149
0,0.987663
0,0.481574
0,0.952975
0,0.997126
0,0.980489
0,0.800160
0,0.712815
0,0.942247
0,0.912471
0,0.988364
0,0.923954
0,0.845231
0,0.904011
0,0.779096
0,0.960087
0,0.974086
0,0.918332
0,0.955608
0,0.741167
0,0.959854
0,0.935695
0,0.937532
0,0.777709
0,0.912534
0,0.003780
0,0.011540
0,0.002471
0,0.002084
0,0.010508
0,0.066909
0,0.003749
0,0.014866
0,0.000874
0,0.065585
0,0.042734
0,0.005522
0,0.257457
0,0.047393
0,0.173144
0,0.031303
0,0.019815
0,0.004731
0,0.002973
0,0.007712
0,0.034446
0,0.043144
0,0.030314
0,0.008729
0,0.042536
0,0.007897
0,0.006828
0,0.006348
0,0.115237
0,0.023815
0,0.210142
0,0.143854
0,0.001344
0,0.031785
0,0.099699
0,0.066024
0,0.034654
0,0.001523
0,0.003389
0,0.076903
0,0.009460
0,0.281858
0,0.068510
0,0.010849
0,0.000332
0,0.576380
0,0.034668
0,0.065063
0,0.174091
0,0.121936
0,0.008080
0,0.022671
0,0.010794
0,0.055151
0,0.023496
0,0.018851
0,0.011566
0,0.002153
0,0.008170
0,0.005182
0,0.778818
0,0.026086
0,0.000856
0,0.020305
0,0.009667
0,0.004828
0,0.002529
0,0.013342
0,0.026060
0,0.012953
0,0.022590
0,0.022986
0,0.028135
0,0.071464
0,0.113015
0,0.005453
0,0.160879
0,0.185219
0,0.641278
0,0.204957
0,0.209040
0,0.086990
0,0.358700
0,0.003827
0,0.004744
0,0.009593
0,0.048490
0,0.036983
0,0.250342
0,0.045097
0,0.044007
0,0.030289
0,0.015422
0,0.178810
0,0.912688
0,0.013587
0,0.059499
0,0.025448
0,0.015568
0,0.003148
1,0.995926
1,0.995611
1,0.998863
1,0.999186
1,0.988439
1,0.989183
1,0.903456
1,0.997403
1,0.997313
1,0.998155
1,0.972653
1,0.986810
1,0.992549
1,0.994002
1,0.988931
1,0.991872
1,0.998001
1,0.992410
1,0.987305
1,0.996117
1,0.988967
1,0.996803
1,0.955007
1,0.991329
1,0.992281
1,0.995431
1,0.994134
1,0.993302
1,0.977751
1,0.968815
1,0.977556
1,0.949716
1,0.985199
1,0.998082
1,0.967400
1,0.962707
1,0.991956
1,0.986580
1,0.979969
1,0.995376
1,0.997496
1,0.989452
1,0.960488
1,0.873483
1,0.989908
1,0.930750
1,0.987515
1,0.975965
1,0.980753
1,0.940979
1,0.985449
1,0.924359
1,0.987877
1,0.989255
1,0.995875
1,0.986863
1,0.996931
1,0.935067
1,0.830705
1,0.982913
1,0.996253
1,0.995731
1,0.984080
1,0.991021
1,0.942702
1,0.931802
1,0.968026
1,0.843699
1,0.865876
1,0.823146
1,0.911027
1,0.544401
1,0.624577
1,0.691465
1,0.839451
1,0.920954
1,0.804238
1,0.875566
1,0.909470
1,0.910102
1,0.973633
1,0.787272
1,0.778464
1,0.727915
1,0.936242
1,0.764131
1,0.945346
1,0.836408
1,0.936628
1,0.989364
1,0.431571
1,0.887507
1,0.866541
1,0.716574
1,0.892440
1,0.944927
1,0.825649
1,0.950826
1,0.652521
1,0.813878
1,0.584914
1,0.754346
1,0.746803
1,0.883745
1,0.598579
1,0.811562
1,0.623217
1,0.675940
1,0.763197
1,0.963938
1,0.881705
1,0.653977
1,0.558711
1,0.831250
1,0.777684
1,0.961762
1,0.923209
1,0.951575
1,0.732854
1,0.946311
1,0.742320
1,0.922666
1,0.909991
1,0.907340
1,0.891675
1,0.902690
1,0.924424
1,0.881088
1,0.653228
1,0.516788
1,0.943549
1,0.751835
1,0.949604
1,0.853548
1,0.077366
1,0.137963
1,0.246491
1,0.392737
1,0.032218
1,0.028333
1,0.004467
1,0.047833
1,0.673986
1,0.236957
1,0.705928
1,0.359958
1,0.799956
1,0.759539
1,0.028687
1,0.062918
1,0.031685
1,0.012651
1,0.011926
1,0.012831
1,0.149268
1,0.114176
1,0.568141
1,0.007832
1,0.525430
1,0.498629
1,0.016305
1,0.035125
1,0.099266
1,0.006797
1,0.671960
1,0.103208
1,0.039648
1,0.718146
1,0.038351
1,0.943040
1,0.377464
1,0.082639
1,0.000915
1,0.024111
1,0.209156
1,0.073599
1,0.302686
1,0.276556
1,0.070375
1,0.006948
1,0.014456
1,0.262487
1,0.032094
1,0.031268
1,0.040870
1,0.281085
1,0.102874
1,0.390908
1,0.011214
1,0.194740
1,0.263252
1,0.488634
1,0.027300
1,0.074738
1,0.391398
1,0.019861
1,0.458552
0,0.959518
0,0.710835
0,0.612186
0,0.727973
0,0.954295
0,0.426309
0,0.926695
0,0.768243
0,0.618928
0,0.670873
0,0.917602
0,0.919616
0,0.895211
0,0.988621
0,0.444657
0,0.442392
0,0.414650
0,0.775026
0,0.906012
0,0.929152
0,0.930604
0,0.362114
0,0.687067
0,0.873998
0,0.912709
0,0.786316
0,0.863670
0,0.931830
0,0.924243
0,0.745069
0,0.823910
0,0.965776
0,0.960644
0,0.910074
0,0.766854
0,0.848003
0,0.930989
0,0.905155
0,0.689462
0,0.376077
0,0.747173
0,0.544470
0,0.259328
0,0.695446
0,0.347744
0,0.739532
0,0.832394
0,0.764320
0,0.781168
0,0.780275
0,0.617646
0,0.321340
0,0.878088
0,0.800755
0,0.880274
0,0.492576
0,0.564788
0,0.343599
0,0.973088
0,0.986392
0,0.990362
0,0.707826
0,0.934154
0,0.379525
0,0.970837
0,0.021402
0,0.199815
0,0.908792
0,0.933503
0,0.916998
0,0.866551
0,0.150465
0,0.788036
0,0.130208
0,0.845964
0,0.859704
0,0.910777
0,0.893617
0,0.880193
0,0.406540
0,0.966687
0,0.950642
0,0.043854
0,0.979760
0,0.616529
0,0.620737
0,0.904810
0,0.185568
0,0.981822
0,0.890768
0,0.834899
0,0.758209
0,0.928739
0,0.959319
0,0.922094
0,0.635679
0,0.922848
0,0.955179
0,0.959546
0,0.758897
0,0.669367
0,0.484466
0,0.963317
0,0.806241
0,0.972889
0,0.698855
0,0.924505
0,0.621182
0,0.146338
0,0.648396
0,0.215326
0,0.511037
0,0.143461
0,0.904333
0,0.756801
0,0.951050
0,0.936608
0,0.983847
0,0.925356
0,0.973582
0,0.987473
0,0.999652
0,0.959018
0,0.982188
0,0.897101
0,0.095705
0,0.823010
0,0.918996
0,0.956010
0,0.927682
0,0.899285
0,0.772737
0,0.581881
0,0.557999
0,0.931023
0,0.545343
0,0.961331
0,0.696924
0,0.847908
0,0.961110
0,0.827875
0,0.512596
0,0.308277
0,0.855878
0,0.619583
0,0.520913
0,0.261107
0,0.859403
0,0.333031
0,0.232219
0,0.898893
0,0.102150
0,0.937294
0,0.611855
0,0.430753
0,0.193723
0,0.704294
1,0.682793
1,0.948683
1,0.990959
1,0.953648
1,0.923419
1,0.898955
1,0.973063
1,0.984514
1,0.898060
1,0.892341
1,0.970090
1,0.961486
1,0.991156
1,0.737083
1,0.617820
1,0.920879
1,0.649802
1,0.945324
1,0.697685
1,0.780127
1,0.957961
1,0.963603
1,0.863550
1,0.986603
1,0.958152
1,0.902739
1,0.860788
1,0.893803
1,0.848508
1,0.902939
1,0.923498
1,0.673523
1,0.348548
1,0.954068
1,0.895325
1,0.939691
1,0.823734
1,0.503802
1,0.900529
1,0.941564
1,0.858945
1,0.997254
1,0.988909
1,0.978767
1,0.887232
1,0.962413
1,0.932977
1,0.941172
1,0.288161
1,0.972013
1,0.914160
1,0.961962
1,0.973762
1,0.922400
1,0.986588
1,0.945076
1,0.950278
1,0.933339
1,0.437048
1,0.656593
1,0.936033
1,0.023102
1,0.698975
1,0.651045
1,0.857997
1,0.729325
1,0.369550
1,0.933200
1,0.939761
1,0.969333
1,0.986806
1,0.851290
1,0.648907
1,0.402890
1,0.571018
1,0.533572
1,0.887271
1,0.487459
1,0.232118
1,0.104998
1,0.710976
1,0.607755
1,0.958537
1,0.973078
1,0.954083
1,0.982307
1,0.955706
1,0.382891
1,0.967101
1,0.958720
1,0.972470
1,0.894608
1,0.935445
1,0.826486
1,0.953919
1,0.958186
1,0.913842
1,0.941944
1,0.139087
1,0.958830
1,0.693419
1,0.258159
1,0.812985
1,0.198162
1,0.824751
1,0.848132
1,0.312492
1,0.796871
1,0.790339
1,0.867947
1,0.856717
1,0.888302
1,0.662910
1,0.788941
1,0.504887
1,0.510664
1,0.872995
1,0.593676
1,0.812008
1,0.646667
1,0.817583
1,0.712037
1,0.895987
1,0.846311
1,0.837118
1,0.700875
1,0.842879
1,0.476744
1,0.569315
1,0.627505
1,0.705349
1,0.536247
1,0.624202
1,0.685604
1,0.854416
1,0.911251
1,0.823567
1,0.867897
1,0.817251
1,0.603586
1,0.618129
1,0.855613
1,0.657536
1,0.578363
1,0.774006
1,0.742161
1,0.857243
1,0.872971
1,0.938930
1,0.871131
1,0.619682
1,0.892689
1,0.746588
1,0.904783
1,0.844284
1,0.783032
1,0.565652
1,0.913328
1,0.544643
1,0.686037
1,0.559663
1,0.849355
1,0.853747
1,0.706805
1,0.653534
1,0.472407
1,0.904320
1,0.957143
1,0.661002
1,0.402506
1,0.927217
1,0.967172
1,0.944643
1,0.904876
1,0.651251
1,0.448795
1,0.959385
1,0.781605
1,0.613251
1,0.971689
1,0.891747
1,0.967888
1,0.849515
1,0.853583
1,0.749938
1,0.471088
1,0.755797
1,0.873543
1,0.569191
1,0.975133
1,0.916705
1,0.945065
1,0.822954
1,0.929774
1,0.578322
1,0.864994
1,0.852956
1,0.854692
1,0.973311
1,0.883884
1,0.092020
1,0.150249
1,0.363874
1,0.108476
1,0.108209
1,0.335264
1,0.261048
1,0.120563
1,0.364620
1,0.043113
1,0.126242
1,0.457296
1,0.133015
1,0.112872
1,0.045859
1,0.019901
1,0.083622
1,0.502918
1,0.035803
1,0.018345
1,0.108323
1,0.033783
1,0.101990
1,0.309814
1,0.765922
1,0.018681
1,0.465572
1,0.338329
1,0.137068
1,0.362292
1,0.454345
1,0.022375
1,0.687180
1,0.096391
1,0.012537
1,0.324535
1,0.337782
1,0.493014
1,0.065349
1,0.666417
1,0.258651
1,0.176119
1,0.146562
1,0.083951
1,0.080256
1,0.067978
1,0.067408
1,0.103071
1,0.297304
1,0.230607
1,0.240245
0,0.354199
0,0.921605
0,0.409177
0,0.284376
0,0.152586
0,0.538574
0,0.333694
0,0.902107
0,0.079414
0,0.624525
0,0.547758
0,0.588321
0,0.433904
0,0.512332
0,0.963591
0,0.036348
0,0.799262
0,0.008860
0,0.112012
0,0.319452
0,0.001525
0,0.010583
0,0.023044
0,0.175052
0,0.970277
0,0.964008
0,0.789567
0,0.439242
0,0.487340
0,0.829626
0,0.928396
0,0.570295
0,0.820090
0,0.971714
0,0.093253
0,0.023871
0,0.192089
0,0.195469
0,0.768893
0,0.142991
0,0.475976
0,0.829344
0,0.364668
0,0.069721
0,0.330136
0,0.733755
0,0.695947
0,0.631008
0,0.978417
0,0.287955
0,0.017023
0,0.057004
0,0.877411
0,0.111085
0,0.080608
0,0.102298
0,0.003787
0,0.401701
0,0.695340
0,0.630820
0,0.585464
0,0.099246
0,0.711942
0,0.408540
0,0.535535
0,0.321544
0,0.260839
0,0.534655
0,0.277432
0,0.064358
0,0.339902
0,0.297518
0,0.405901
0,0.090924
0,0.011918
0,0.094564
0,0.793174
0,0.402181
0,0.152872
0,0.898379
0,0.041262
0,0.024799
0,0.925781
0,0.350441
0,0.069440
0,0.018540
0,0.573769
0,0.571022
0,0.103040
0,0.180344
0,0.177377
0,0.095053
0,0.185198
0,0.485444
0,0.005667
0,0.004298
0,0.625950
0,0.540044
0,0.016521
0,0.109893
0,0.756393
0,0.020673
0,0.219945
0,0.472575
0,0.192135
0,0.045624
0,0.063330
0,0.024586
0,0.256083
0,0.028550
0,0.141319
0,0.875420
0,0.773386
0,0.021217
0,0.179964
0,0.019824
0,0.006531
0,0.090008
0,0.471040
0,0.923363
0,0.886444
0,0.012487
0,0.026869
0,0.072967
0,0.008184
0,0.428665
0,0.080792
0,0.395761
0,0.497608
0,0.752250
0,0.152069
0,0.024874
0,0.763168
0,0.005340
0,0.009846
0,0.016781
0,0.062641
0,0.023686
0,0.009848
0,0.024896
0,0.785150
0,0.389514
0,0.855213
0,0.773549
0,0.859445
0,0.206440
0,0.002379
0,0.132156
0,0.148840
0,0.568558
0,0.550306
0,0.185168
0,0.491277
0,0.033115
0,0.117730
0,0.074802
0,0.940786
0,0.795210
0,0.228233
0,0.077614
0,0.058611
0,0.031006
1,0.934692
1,0.931371
1,0.905376
1,0.958119
1,0.977069
1,0.937324
1,0.955438
1,0.794762
1,0.857300
1,0.951458
1,0.951425
1,0.866726
1,0.961397
1,0.935357
1,0.004550
1,0.687419
1,0.848219
1,0.560210
1,0.691623
1,0.799447
1,0.590762
1,0.514828
1,0.392068
1,0.621683
1,0.944311
1,0.769971
1,0.525225
1,0.789836
1,0.864151
1,0.854689
1,0.974378
1,0.694071
1,0.921151
1,0.880602
1,0.545290
1,0.349339
1,0.336519
1,0.504618
1,0.822169
1,0.174580
1,0.926162
1,0.798011
1,0.596269
1,0.359663
1,0.496674
1,0.186323
1,0.926561
1,0.947764
1,0.959804
1,0.962208
1,0.891450
1,0.951662
1,0.967621
1,0.968341
1,0.950351
1,0.948922
1,0.914923
1,0.822349
1,0.932194
1,0.948530
1,0.979616
1,0.845805
1,0.323232
1,0.217686
1,0.159751
1,0.588495
1,0.422157
1,0.844872
1,0.459098
1,0.379016
1,0.577465
1,0.700773
1,0.218628
1,0.806996
1,0.385519
1,0.782069
1,0.949806
1,0.362658
1,0.780385
1,0.731456
1,0.188590
1,0.153589
1,0.323699
1,0.930893
1,0.281215
1,0.839338
1,0.857694
1,0.880029
1,0.873751
1,0.513552
1,0.441438
1,0.454191
1,0.365274
1,0.376999
1,0.607495
1,0.572198
1,0.680959
1,0.584265
1,0.903125
1,0.960425
1,0.937927
1,0.919271
1,0.549629
1,0.746117
1,0.711860
1,0.866255
1,0.760950
1,0.941569
1,0.118358
1,0.249071
1,0.283775
1,0.170759
1,0.893925
1,0.189236
1,0.420159
1,0.396072
1,0.552306
1,0.231035
1,0.894087
1,0.946662
1,0.122741
1,0.085570
1,0.028498
1,0.108502
1,0.182220
1,0.805215
1,0.257918
1,0.279090
1,0.031048
1,0.116222
1,0.207157
1,0.541950
1,0.003691
1,0.569628
1,0.226960
1,0.318944
1,0.622109
1,0.874828
1,0.321144
1,0.073734
1,0.783123
1,0.523779
1,0.247817
1,0.834510
1,0.134567
1,0.540499
0,0.539859
0,0.017455
0,0.076281
0,0.185161
0,0.249289
0,0.214558
0,0.345380
0,0.398100
0,0.020811
0,0.202195
0,0.252772
0,0.138769
0,0.143719
0,0.167633
0,0.838275
0,0.278642
0,0.074429
0,0.533617
0,0.580551
0,0.315609
0,0.198254
0,0.032860
0,0.083052
0,0.047254
0,0.092747
0,0.063980
0,0.031894
0,0.020743
0,0.198124
0,0.497127
0,0.193326
0,0.240560
0,0.113554
0,0.114570
0,0.171056
0,0.583007
0,0.117268
0,0.584403
0,0.725634
0,0.820420
0,0.061248
0,0.130653
0,0.509846
0,0.181181
0,0.060604
0,0.042900
0,0.037761
0,0.368023
0,0.143182
0,0.037986
0,0.275064
0,0.114791
0,0.074206
0,0.153987
0,0.226799
0,0.017241
0,0.075369
0,0.191110
0,0.470242
0,0.179772
0,0.247080
0,0.517903
0,0.426683
0,0.087649
0,0.232078
0,0.704628
0,0.120178
0,0.909122
0,0.810257
0,0.431853
0,0.439556
0,0.212144
0,0.087379
0,0.471968
0,0.054376
0,0.520343
0,0.631182
0,0.239318
0,0.928120
0,0.356480
0,0.503775
0,0.187421
0,0.813751
0,0.052726
0,0.164133
0,0.014095
0,0.557037
0,0.118828
0,0.177431
0,0.050735
0,0.156103
0,0.107258
0,0.471214
0,0.306258
0,0.172648
0,0.732366
0,0.183537
0,0.346926
0,0.188039
0,0.161313
0,0.536469
0,0.906911
0,0.595778
0,0.503416
0,0.132462
0,0.323376
0,0.972279
0,0.465337
0,0.690728
0,0.917551
0,0.734862
0,0.613400
0,0.945170
0,0.363636
0,0.686869
0,0.558724
0,0.261800
0,0.272000
0,0.815231
0,0.910174
0,0.940766
0,0.304446
0,0.025561
0,0.195589
0,0.894131
0,0.060171
0,0.107815
0,0.562023
0,0.325422
0,0.221609
0,0.137949
0,0.665919
0,0.579345
0,0.355547
0,0.377533
0,0.349350
0,0.865740
0,0.230682
0,0.756506
0,0.326431
0,0.726292
0,0.161701
0,0.672847
0,0.195204
0,0.041426
0,0.921406
0,0.142208
0,0.851007
0,0.122192
0,0.798468
0,0.621114
0,0.559511
0,0.728732
0,0.727986
0,0.423068
0,0.245222
0,0.488584
0,0.669625
0,0.075865
0,0.655746
0,0.908817
0,0.582975
0,0.976373
0,0.810993
0,0.545425
0,0.734777
0,0.094195
0,0.880693
0,0.528463
0,0.437807
0,0.706951
0,0.864920
0,0.717964
0,0.574196
0,0.807185
0,0.539578
0,0.190324
0,0.746288
0,0.702345
0,0.515281
0,0.310338
0,0.387518
0,0.882604
0,0.740683
0,0.481172
0,0.731592
0,0.942386
0,0.903086
0,0.051749
0,0.761382
0,0.835229
0,0.287054
0,0.527717
0,0.821493
0,0.212929
0,0.721626
0,0.716651
1,0.326468
1,0.665658
1,0.335014
1,0.095571
1,0.595952
1,0.285605
1,0.313180
1,0.372230
1,0.795887
1,0.940887
1,0.984642
1,0.758359
1,0.629171
1,0.040774
1,0.987656
1,0.135100
1,0.015051
1,0.257102
1,0.275280
1,0.383979
1,0.019897
1,0.230293
1,0.855191
1,0.022838
1,0.034968
1,0.326399
1,0.615672
1,0.175317
1,0.425050
1,0.667785
1,0.908509
1,0.041961
1,0.030975
1,0.586645
1,0.929576
1,0.221519
1,0.037456
1,0.746345
1,0.752388
1,0.574988
1,0.323678
1,0.015654
1,0.375120
1,0.068367
1,0.848358
1,0.865421
1,0.052398
1,0.719335
1,0.614769
1,0.718575
1,0.624964
1,0.817135
1,0.598657
1,0.913158
1,0.057017
1,0.384711
1,0.986508
1,0.845666
1,0.920013
1,0.189854
1,0.305703
1,0.884817
1,0.836126
1,0.212921
1,0.091680
1,0.313045
1,0.826806
1,0.616366
1,0.253942
1,0.660299
1,0.420993
1,0.280824
1,0.790556
1,0.186918
1,0.826263
1,0.076930
1,0.060876
1,0.490826
1,0.657585
1,0.916445
1,0.078431
1,0.814382
1,0.653821
1,0.478272
1,0.082559
1,0.562849
1,0.778070
1,0.375103
1,0.157667
1,0.444439
1,0.193886
1,0.314778
1,0.613731
1,0.094244
1,0.612579
1,0.806797
1,0.768864
1,0.507223
1,0.492063
1,0.092540
1,0.199720
1,0.049340
1,0.372811
1,0.012384
1,0.248200
1,0.116276
1,0.140078
1,0.051805
1,0.079009
1,0.224269
1,0.637377
1,0.836883
1,0.207734
1,0.022454
1,0.773376
1,0.700837
1,0.531876
1,0.842972
1,0.204882
1,0.572036
1,0.203453
1,0.670565
1,0.267983
1,0.074915
1,0.680359
1,0.173980
1,0.363561
1,0.273546
1,0.128173
1,0.058158
1,0.704700
1,0.328251
1,0.611743
1,0.073866
1,0.063806
1,0.032142
1,0.019785
1,0.083238
1,0.147761
1,0.046410
1,0.074352
1,0.057695
1,0.047598
1,0.013827
1,0.044994
1,0.595358
1,0.018661
1,0.115701
1,0.138797
1,0.166426
1,0.024618
1,0.367387
1,0.327689
1,0.305370
1,0.209661
1,0.625767
1,0.272043
1,0.231300
1,0.782705
1,0.066377
1,0.357153
1,0.018850
1,0.093877
1,0.288448
1,0.030675
1,0.139785
1,0.127100
1,0.495855
1,0.123341
1,0.028316
1,0.400599
1,0.133453
1,0.608910
1,0.534010
1,0.819648
1,0.020714
1,0.029774
1,0.235141
1,0.297505
1,0.102461
1,0.305267
1,0.299008
1,0.409492
1,0.097642
1,0.079179
1,0.155369
1,0.068332
1,0.191984
1,0.172092
1,0.253885
1,0.102268
1,0.337691
1,0.141044
1,0.353429
1,0.791587
1,0.756130
1,0.024559
1,0.377639
1,0.124886
1,0.090368
1,0.464180
1,0.132198
1,0.415714
1,0.145553
1,0.396618
1,0.137184
1,0.007854
1,0.065128
1,0.093592
1,0.089283
1,0.094950
1,0.018074
1,0.017599
1,0.123223
1,0.108945
1,0.023394
1,0.078214
1,0.028945
1,0.015832
1,0.171148
1,0.032547
1,0.065101
1,0.013216
1,0.021803
1,0.345103
1,0.051042
1,0.073075
1,0.008091
1,0.233359
1,0.229829
1,0.052185
1,0.113052
1,0.001564
1,0.066234
1,0.350255
1,0.009014
1,0.066472
1,0.018460
1,0.433342
1,0.016852
1,0.061122
1,0.082110
1,0.005818
1,0.132455
1,0.051165
1,0.033459
1,0.006538
1,0.076526
1,0.026062
1,0.021620
1,0.072497
1,0.030871
1,0.279983
1,0.250649
1,0.025975
1,0.085934
1,0.181798
1,0.019436
1,0.161898
1,0.047500
1,0.012258
1,0.139815
1,0.101614
1,0.023769
1,0.084876
1,0.142965
1,0.282671
1,0.083223
1,0.015316
1,0.117628
1,0.145302
1,0.193951
1,0.133714
1,0.021247
1,0.025056
1,0.258303
1,0.036107
1,0.050046
1,0.080625
1,0.027559
1,0.029806
1,0.124451
1,0.017913
1,0.068486
1,0.086135
1,0.470983
1,0.002931
1,0.022388
1,0.080584
1,0.012118
1,0.109021
1,0.069659
1,0.065406
1,0.028196
0,0.058199
0,0.022889
0,0.376047
0,0.283494
0,0.539886
0,0.076405
0,0.083740
0,0.146947
0,0.872837
0,0.030257
0,0.341197
0,0.338726
0,0.016538
0,0.124944
0,0.738007
0,0.007243
0,0.146011
0,0.015236
0,0.015184
0,0.035235
0,0.170695
0,0.047513
0,0.044935
0,0.839305
0,0.145693
0,0.075858
0,0.104102
0,0.080975
0,0.006022
0,0.011222
0,0.002485
0,0.648176
0,0.037316
0,0.115810
0,0.007027
0,0.564199
0,0.096388
0,0.178404
0,0.407042
0,0.177647
0,0.213122
0,0.071462
0,0.934476
0,0.433820
0,0.229872
0,0.119118
0,0.129588
0,0.283303
0,0.039219
0,0.445628
0,0.223490
0,0.074552
0,0.059613
0,0.281562
0,0.121622
0,0.019266
0,0.006774
0,0.311350
0,0.537814
0,0.250090
0,0.349695
0,0.173485
0,0.585980
0,0.085385
0,0.013773
0,0.389626
0,0.846655
0,0.334453
0,0.926927
0,0.721389
0,0.931221
0,0.977442
0,0.858038
0,0.815812
0,0.935520
0,0.337247
0,0.721641
0,0.945023
0,0.948864
0,0.956022
0,0.848330
0,0.705867
0,0.901761
0,0.552467
0,0.810720
0,0.638205
0,0.957124
0,0.642383
0,0.670258
0,0.969157
0,0.894832
0,0.920867
0,0.501077
0,0.846673
0,0.939644
0,0.994132
0,0.929404
0,0.972141
0,0.826611
0,0.721630
0,0.935718
0,0.944150
0,0.988329
0,0.989748
0,0.921730
0,0.785686
0,0.954686
0,0.461209
0,0.843314
0,0.973365
0,0.653452
0,0.983026
0,0.967841
0,0.980295
0,0.952770
0,0.796170
0,0.916691
0,0.985416
0,0.981640
0,0.966789
0,0.993380
0,0.972013
0,0.879776
0,0.924757
0,0.953059
0,0.949951
0,0.955534
0,0.958927
0,0.088836
0,0.786046
0,0.923330
0,0.683531
0,0.937589
0,0.944897
0,0.848784
0,0.954256
0,0.972739
0,0.844841
0,0.902339
0,0.976482
0,0.884011
0,0.922449
1,0.818981
1,0.120880
1,0.431863
1,0.302416
1,0.121257
1,0.938722
1,0.584997
1,0.048838
1,0.473274
1,0.927498
1,0.288068
1,0.981176
1,0.780599
1,0.924847
1,0.790401
1,0.302467
1,0.335920
1,0.140153
1,0.108998
1,0.401372
1,0.021395
1,0.928587
1,0.286474
1,0.310120
1,0.044997
1,0.283493
1,0.074634
1,0.129467
1,0.021092
1,0.838942
1,0.320627
1,0.490566
1,0.002078
1,0.493053
1,0.146927
1,0.412233
1,0.475896
1,0.722261
1,0.180041
1,0.005309
1,0.242157
1,0.851408
1,0.052537
1,0.871161
1,0.496558
1,0.006376
1,0.806015
1,0.784979
1,0.430683
1,0.279698
1,0.686905
1,0.951125
1,0.111831
1,0.689941
1,0.585133
1,0.506144
1,0.547023
1,0.044029
1,0.686901
1,0.351368
1,0.050073
1,0.692194
1,0.358803
1,0.156895
1,0.371026
1,0.144283
1,0.759901
1,0.306110
1,0.690789
1,0.049144
1,0.134509
1,0.216787
1,0.116855
1,0.218947
1,0.303106
1,0.353893
1,0.384859
1,0.598242
1,0.968001
1,0.145430
1,0.485247
1,0.103483
1,0.693799
1,0.496991
1,0.103014
1,0.789951
1,0.733346
1,0.852111
1,0.887468
1,0.913471
1,0.064985
1,0.228356
1,0.923309
1,0.973166
1,0.007182
1,0.279609
1,0.009971
1,0.578620
1,0.089690
1,0.184995
0,0.147463
0,0.080860
0,0.040841
0,0.120290
0,0.645726
0,0.041161
0,0.273877
0,0.045611
0,0.029532
0,0.119419
0,0.174190
0,0.004498
0,0.537755
0,0.223903
0,0.577525
0,0.069896
0,0.124799
0,0.172856
0,0.012968
0,0.077689
0,0.028618
0,0.109020
0,0.137890
0,0.440219
0,0.131518
0,0.031156
0,0.306904
0,0.026099
0,0.019079
0,0.197282
0,0.061626
0,0.012464
0,0.061202
0,0.156535
0,0.085417
0,0.051353
0,0.296614
0,0.192747
0,0.116618
0,0.005677
0,0.037920
0,0.206962
0,0.079391
0,0.285402
0,0.111395
0,0.082454
0,0.481379
0,0.024462
0,0.252403
0,0.084705
0,0.370587
0,0.310175
0,0.114529
0,0.364128
0,0.009238
0,0.154990
0,0.394447
0,0.828025
0,0.338802
0,0.663652
0,0.579883
0,0.846249
0,0.693650
0,0.763714
0,0.574317
0,0.967451
0,0.080773
0,0.622728
0,0.141711
0,0.217419
0,0.278326
0,0.751591
0,0.052419
0,0.728578
0,0.228047
0,0.857519
0,0.369209
0,0.803031
0,0.950036
0,0.370206
0,0.404702
0,0.069142
0,0.500938
0,0.237755
0,0.543402
0,0.075958
0,0.130833
0,0.841207
0,0.596758
0,0.760053
0,0.822834
0,0.243667
0,0.936757
0,0.181395
0,0.729083
0,0.766604
0,0.371956
0,0.227662
0,0.984146
0,0.677414
0,0.545659
0,0.847197
0,0.703310
0,0.142177
0,0.468741
0,0.553914
0,0.153694
0,0.621915
0,0.758508
0,0.314384
0,0.664787
0,0.277090
0,0.402959
0,0.474601
0,0.448159
0,0.623442
0,0.273655
0,0.005126
0,0.214621
0,0.875216
0,0.184879
0,0.135699
0,0.640451
0,0.145135
0,0.075662
0,0.584878
0,0.689235
0,0.548657
0,0.731889
0,0.808446
0,0.703615
0,0.162481
0,0.884254
0,0.116825
0,0.012182
0,0.564661
0,0.760338
0,0.410677
0,0.228690
0,0.109419
0,0.822558
0,0.107111
0,0.547477
0,0.522987
0,0.456622
0,0.836892
0,0.918725
0,0.142781
0,0.492738
0,0.221223
0,0.169456
0,0.289541
0,0.926422
0,0.043043
0,0.488353
0,0.755880
0,0.464291
0,0.720385
0,0.292606
0,0.695537
0,0.944171
0,0.768820
0,0.717233
0,0.947987
0,0.656904
0,0.151741
0,0.952477
0,0.146907
0,0.223049
0,0.811014
0,0.956820
0,0.406556
0,0.979105
0,0.696956
0,0.563480
0,0.590454
0,0.238205
0,0.921179
0,0.808309
0,0.880535
0,0.880048
0,0.941658
0,0.329841
0,0.805862
0,0.431933
0,0.692881
0,0.709101
0,0.900886
0,0.678769
0,0.898082
0,0.223965
0,0.375044
0,0.605516
0,0.681009
0,0.910606
0,0.936182
0,0.718196
0,0.683014
0,0.777071
0,0.958272
0,0.231068
0,0.520912
0,0.857030
0,0.603212
0,0.708721
0,0.828207
0,0.586399
0,0.726394
0,0.615456
0,0.618408
0,0.690029
0,0.981434
0,0.399131
0,0.896677
0,0.723902
0,0.684386
0,0.460734
0,0.781895
0,0.886897
0,0.939891
0,0.851900
0,0.730213
0,0.911288
0,0.844832
0,0.325725
0,0.229736
0,0.602509
0,0.247774
0,0.521780
0,0.945620
0,0.970944
0,0.838653
0,0.814120
0,0.561458
0,0.952745
0,0.895703
0,0.775264
0,0.984301
0,0.860993
0,0.749215
0,0.674134
0,0.861458
0,0.498132
0,0.953799
0,0.842103
0,0.599268
0,0.974905
0,0.924711
0,0.888856
0,0.794126
0,0.566792
0,0.977956
0,0.965548
0,0.966501
0,0.076914
0,0.176316
0,0.511956
0,0.838967
0,0.959587
0,0.979431
0,0.896850
0,0.931650
0,0.234783
0,0.929550
0,0.894744
0,0.988603
0,0.976810
0,0.968270
0,0.980476
0,0.899865
0,0.963487
0,0.983423
0,0.927098
0,0.941398
0,0.825230
0,0.969399
0,0.919570
0,0.778441
0,0.939523
0,0.871766
0,0.752922
0,0.849694
0,0.812014
0,0.335183
0,0.617974
0,0.886414
0,0.857765
0,0.617796
0,0.772218
0,0.987935
0,0.845172
0,0.293279
0,0.975197
0,0.945629
0,0.598953
0,0.918334
0,0.938838
0,0.898183
0,0.982684
0,0.965140
0,0.932447
0,0.994256
0,0.973969
0,0.981361
0,0.775827
0,0.844684
0,0.932561
0,0.905990
0,0.980058
0,0.995852
0,0.562074
0,0.963536
0,0.979896
0,0.617919
0,0.687675
0,0.973677
0,0.927904
0,0.878714
0,0.790765
0,0.890892
0,0.889009
0,0.920379
0,0.892462
0,0.939168
0,0.395373
0,0.926313
0,0.595194
0,0.977143
0,0.933211
0,0.890791
0,0.844012
0,0.966157
0,0.782402
0,0.933919
0,0.803890
0,0.978599
0,0.986406
0,0.902860
0,0.851038
0,0.947878
0,0.933442
0,0.988385
0,0.852387
1,0.992589
1,0.948610
1,0.944749
1,0.958685
1,0.979321
1,0.982451
1,0.892207
1,0.978815
1,0.911169
1,0.908527
1,0.993402
1,0.995110
1,0.943748
1,0.986582
1,0.996778
1,0.991366
1,0.902396
1,0.739155
1,0.779335
1,0.453953
1,0.982291
1,0.961898
1,0.971325
1,0.707727
1,0.991465
1,0.859499
1,0.947723
1,0.955146
1,0.934258
1,0.911489
1,0.995687
1,0.453328
1,0.138171
1,0.029757
1,0.015570
1,0.048813
1,0.015655
1,0.281508
1,0.027553
1,0.090226
1,0.910314
1,0.429307
1,0.587851
1,0.533769
1,0.735950
1,0.736306
1,0.229791
1,0.264647
1,0.010863
1,0.525102
1,0.458080
1,0.087103
1,0.669478
1,0.601227
1,0.796794
1,0.416172
1,0.626139
1,0.217674
1,0.643537
1,0.124254
1,0.567324
1,0.248073
1,0.729512
1,0.563395
1,0.022658
1,0.127062
1,0.015700
1,0.007344
1,0.091847
1,0.008638
1,0.224190
1,0.088043
1,0.136235
1,0.045378
1,0.068133
1,0.266438
1,0.243070
1,0.251760
1,0.628825
1,0.392988
1,0.120205
1,0.033424
1,0.123248
1,0.026973
1,0.267969
1,0.205332
1,0.322268
1,0.832768
1,0.098134
1,0.422745
1,0.448519
1,0.868435
1,0.255086
1,0.054816
1,0.153825
1,0.062416
1,0.750862
1,0.482602
1,0.141995
1,0.872190
1,0.536753
1,0.402462
1,0.508007
1,0.094084
0,0.320738
0,0.294710
0,0.060799
0,0.032941
0,0.071027
0,0.004805
0,0.143668
0,0.007662
0,0.117703
0,0.098984
0,0.887227
0,0.164609
0,0.608229
0,0.490085
0,0.801331
0,0.420347
0,0.465770
0,0.092736
0,0.209856
0,0.591044
0,0.248528
0,0.057785
0,0.669982
0,0.278735
0,0.981116
0,0.138461
0,0.901564
0,0.131169
0,0.307696
0,0.132135
0,0.227463
0,0.064306
0,0.538836
0,0.450889
0,0.626062
0,0.173133
0,0.057528
0,0.128974
0,0.073772
0,0.280771
0,0.363526
0,0.478638
0,0.695260
0,0.171301
0,0.861108
0,0.923965
0,0.038100
0,0.829026
0,0.139109
0,0.869101
0,0.584985
0,0.072948
0,0.073526
0,0.871371
1,0.024745
1,0.095622
1,0.117044
1,0.006497
1,0.145726
1,0.104429
1,0.326465
1,0.211902
1,0.034497
1,0.070403
1,0.010105
1,0.005682
1,0.011212
1,0.154255
1,0.010629
1,0.023721
1,0.059493
1,0.017095
1,0.022435
1,0.034846
1,0.073734
1,0.057024
1,0.017811
1,0.012055
1,0.019053
1,0.065509
1,0.942037
1,0.054385
1,0.030202
1,0.472906
1,0.240086
1,0.061269
1,0.067909
1,0.255101
1,0.195334
1,0.036955
1,0.054713
1,0.279604
1,0.018159
1,0.080858
1,0.908236
1,0.633670
1,0.098394
1,0.659202
1,0.005470
1,0.060410
1,0.001181
1,0.034715
1,0.088966
1,0.001290
1,0.042381
1,0.190746
1,0.048894
1,0.003345
1,0.013913
1,0.025173
1,0.049256
1,0.023414
1,0.006327
1,0.001912
1,0.188167
1,0.144441
1,0.864205
1,0.447887
1,0.584415
1,0.085113
1,0.819572
1,0.098745
1,0.013189
1,0.240630
1,0.008157
1,0.004328
1,0.010797
1,0.823272
1,0.007679
1,0.151335
1,0.063609
1,0.063111
1,0.132250
1,0.110945
1,0.044169
1,0.002358
1,0.301194
1,0.031062
1,0.236513
1,0.568250
1,0.043049
1,0.176987
1,0.007899
1,0.001405
1,0.650092
1,0.044628
1,0.691369
1,0.032676
1,0.472635
1,0.563217
1,0.499602
1,0.038832
0,0.954593
0,0.533235
0,0.162913
0,0.355789
0,0.031169
0,0.090240
0,0.119960
0,0.070894
0,0.073392
0,0.049474
0,0.182101
0,0.256091
0,0.492495
0,0.126417
0,0.292735
0,0.058872
0,0.247509
0,0.071646
0,0.157120
0,0.972197
0,0.254836
0,0.933354
0,0.740554
0,0.656653
0,0.495315
0,0.153174
0,0.379402
0,0.130444
0,0.021688
0,0.057584
0,0.187851
0,0.479238
0,0.127811
0,0.187006
0,0.768441
0,0.088435
0,0.141599
0,0.072189
0,0.149805
0,0.952530
0,0.013208
0,0.573718
0,0.126203
0,0.120476
0,0.056454
0,0.204617
0,0.156903
0,0.714940
0,0.315683
0,0.190637
0,0.806497
0,0.245987
0,0.157873
0,0.812049
0,0.022933
0,0.175411
0,0.030960
0,0.108264
0,0.486800
0,0.418129
0,0.208354
0,0.595807
0,0.315755
0,0.023022
0,0.250547
0,0.097836
0,0.077892
0,0.411505
0,0.534862
0,0.862144
0,0.138522
0,0.211716
0,0.089079
0,0.029183
0,0.181391
0,0.944422
0,0.255868
0,0.404657
0,0.135054
0,0.673293
0,0.055800
0,0.117395
0,0.958390
0,0.867411
0,0.627334
0,0.885086
0,0.969466
0,0.858386
0,0.867463
0,0.880042
0,0.922668
0,0.975550
0,0.541123
0,0.651546
0,0.675108
0,0.979422
0,0.970433
0,0.389688
0,0.943837
0,0.929176
0,0.911551
0,0.987459
0,0.968084
0,0.714083
0,0.636020
0,0.946755
0,0.980420
0,0.917725
0,0.957367
0,0.983439
0,0.934318
0,0.924951
0,0.735447
0,0.565123
0,0.979035
0,0.936547
0,0.960056
0,0.861943
0,0.991675
0,0.962573
0,0.718945
0,0.899140
0,0.832993
0,0.721986
0,0.954109
0,0.782290
0,0.832227
0,0.809785
0,0.474774
0,0.377830
0,0.740396
0,0.843657
0,0.885619
1,0.410367
1,0.010508
1,0.666079
1,0.988412
1,0.501147
1,0.781452
1,0.290309
1,0.327531
1,0.949215
1,0.794364
1,0.769161
1,0.821175
1,0.587395
1,0.901506
1,0.612368
1,0.654320
1,0.955629
1,0.526730
1,0.931428
1,0.981579
1,0.879164
1,0.975827
1,0.757147
1,0.890669
1,0.796836
1,0.928657
1,0.728591
1,0.743109
1,0.780267
1,0.486935
1,0.991975
1,0.982334
1,0.908442
1,0.956023
1,0.603057
1,0.789750
1,0.592155
1,0.607418
1,0.918518
1,0.888001
1,0.780728
1,0.541215
1,0.947334
1,0.180396
1,0.932905
1,0.475932
1,0.967184
1,0.917850
1,0.245982
1,0.293579
1,0.369981
1,0.509281
1,0.291104
1,0.253135
1,0.316703
1,0.849604
1,0.914552
1,0.660432
1,0.934920
1,0.468472
1,0.936075
1,0.919429
1,0.440500
1,0.701319
1,0.916561
1,0.704098
1,0.487686
1,0.489954
1,0.874800
1,0.955657
1,0.860468
1,0.955270
1,0.718177
1,0.755458
1,0.943600
1,0.870008
1,0.804573
1,0.719565
1,0.378019
1,0.553685
1,0.079413
1,0.075749
1,0.458083
1,0.563180
1,0.140710
1,0.830003
1,0.495597
1,0.896258
1,0.422410
1,0.581018
1,0.503357
1,0.410999
1,0.983911
1,0.680104
1,0.289507
1,0.679722
1,0.662943
1,0.901783
1,0.760816
1,0.944424
1,0.568510
1,0.608360
1,0.517007
1,0.007284
1,0.000638
1,0.004679
1,0.003429
1,0.003960
1,0.074067
1,0.017573
1,0.002284
1,0.386178
1,0.000487
1,0.088176
1,0.054574
1,0.006718
1,0.002746
1,0.102509
1,0.085895
1,0.147237
1,0.054932
1,0.013546
1,0.099509
1,0.021453
1,0.015949
1,0.041093
1,0.022093
1,0.574412
1,0.133443
1,0.021688
1,0.541958
1,0.157161
1,0.070653
1,0.830387
1,0.008346
1,0.044167
1,0.977858
1,0.192961
1,0.023818
1,0.256297
1,0.046376
1,0.310235
1,0.461220
1,0.068902
1,0.284753
1,0.070520
1,0.819082
1,0.059621
1,0.433268
1,0.249813
1,0.172251
1,0.028600
1,0.458109
1,0.145767
1,0.488869
1,0.126304
1,0.006117
1,0.051163
1,0.101274
1,0.751187
1,0.200629
1,0.383754
1,0.021170
1,0.051701
1,0.571270
1,0.009469
1,0.015142
1,0.073775
1,0.004820
1,0.174199
1,0.336040
1,0.064681
1,0.331638
1,0.106603
1,0.296963
1,0.191410
1,0.009786
1,0.002850
1,0.010464
1,0.008058
1,0.009043
1,0.003584
1,0.016203
1,0.003285
0,0.212332
0,0.004854
0,0.568181
0,0.551226
0,0.984776
0,0.013778
0,0.124967
0,0.042140
0,0.186023
0,0.008356
0,0.188954
0,0.150226
0,0.339449
0,0.108788
0,0.017921
0,0.292754
0,0.499293
0,0.324169
0,0.601519
0,0.195248
0,0.034452
0,0.307571
0,0.053275
0,0.170757
0,0.022293
0,0.159943
0,0.060183
0,0.067651
0,0.175237
0,0.045640
0,0.048571
0,0.140427
0,0.246497
0,0.758907
0,0.107996
0,0.891484
0,0.766810
0,0.638194
0,0.391066
0,0.083853
0,0.006234
0,0.043448
0,0.028836
0,0.046801
0,0.068078
0,0.070832
0,0.197561
0,0.448413
0,0.149353
0,0.109516
0,0.401956
0,0.017356
0,0.020057
0,0.053490
0,0.354921
0,0.191014
0,0.063605
0,0.314426
0,0.368142
0,0.068392
0,0.106607
0,0.008066
0,0.378709
0,0.146626
0,0.016903
0,0.151330
0,0.048084
0,0.051920
0,0.138704
0,0.260218
