tp,tn,fp,fn,acc,precision,recall,f1,auc,train_dataset,test_dataset,model,seed
204,230,63,72,0.7627416520210897,0.7640449438202247,0.7391304347826086,0.7513812154696132,0.8078968195083345,FFPP,FFPP,spatial,0
257,0,293,19,0.45166959578207383,0.4672727272727273,0.9311594202898551,0.6222760290556901,0.5409432655685809,FFPP,FFPP,freq,0
182,208,85,94,0.6854130052724078,0.6816479400749064,0.6594202898550725,0.6703499079189686,0.6619800168175298,FFPP,FFPP,hybrid,0
245,98,175,41,0.6135957066189625,0.5833333333333334,0.8566433566433567,0.6940509915014165,0.6540126540126541,CDF,CDF,spatial,0
118,28,245,168,0.26118067978533094,0.325068870523416,0.4125874125874126,0.36363636363636365,0.2967032967032967,CDF,CDF,freq,0
203,88,185,83,0.5205724508050089,0.5231958762886598,0.7097902097902098,0.6023738872403561,0.5544967852660161,CDF,CDF,hybrid,0
