model,train_dataset,f1_in,f1_cross,drop
spatial,FFPP,0.7513812154696132,0.6960907944514502,0.05529042101816306
spatial,CDF,0.6940509915014165,0.6320907617504052,0.06196022975101123
freq,FFPP,0.6222760290556901,0.7249683143219265,-0.10269228526623642
freq,CDF,0.36363636363636365,0.3469879518072289,0.016648411829134735
hybrid,FFPP,0.6703499079189686,0.7514450867052023,-0.08109517878623362
hybrid,CDF,0.6023738872403561,0.3444730077120823,0.25790087952827384
