tp,tn,fp,fn,acc,precision,recall,f1,auc,train_dataset,test_dataset,model,seed
276,42,231,10,0.5688729874776386,0.5443786982248521,0.965034965034965,0.6960907944514502,0.5472092010553549,FFPP,CDF,spatial,0
286,56,217,0,0.6118067978533095,0.5685884691848907,1.0,0.7249683143219265,0.7744947360331975,FFPP,CDF,freq,0
260,127,146,26,0.6923076923076923,0.6403940886699507,0.9090909090909091,0.7514450867052023,0.6971105817259664,FFPP,CDF,hybrid,0
195,147,146,81,0.6010544815465729,0.5718475073313783,0.7065217391304348,0.6320907617504052,0.4568803482217935,CDF,FFPP,spatial,0
72,226,67,204,0.523725834797891,0.5179856115107914,0.2608695652173913,0.3469879518072289,0.5278849483108276,CDF,FFPP,freq,0
67,247,46,209,0.5518453427065027,0.5929203539823009,0.2427536231884058,0.3444730077120823,0.6246228421625365,CDF,FFPP,hybrid,0
