model,train_dataset,f1_in,f1_cross,drop
spatial,FFPP,0.431980906921241,0.45781433607520566,-0.025833429153964638
spatial,CDF,0.5784487862640616,0.30759493670886073,0.27085384955520087
freq,FFPP,0.09152798789712557,0.4929449248975876,-0.40141693700046205
freq,CDF,0.6310679611650486,0.6260016353229763,0.005066325842072339
hybrid,FFPP,0.20747967479674798,0.5914634146341463,-0.3839837398373983
hybrid,CDF,0.6676438255771345,0.6447160316319195,0.022927793945215047
