tp,tn,fp,fn,acc,precision,recall,f1,auc,train_dataset,test_dataset,model,seed
905,1510,978,1402,0.5036496350364964,0.48061603823685606,0.39228435197225836,0.431980906921241,0.4898256320411665,FFPP,FFPP,spatial,0
121,2272,216,2186,0.49906152241918667,0.3590504451038576,0.05244906805374946,0.09152798789712557,0.36349963134706753,FFPP,FFPP,freq,0
319,2039,449,1988,0.491762252346194,0.4153645833333333,0.13827481577806675,0.20747967479674798,0.601778262578452,FFPP,FFPP,hybrid,0
977,1595,563,861,0.6436436436436437,0.6344155844155844,0.5315560391730142,0.5784487862640616,0.683168557716259,CDF,CDF,spatial,0
1430,894,1264,408,0.5815815815815816,0.5308092056421678,0.7780195865070729,0.6310679611650486,0.6147860883561029,CDF,CDF,freq,0
1822,360,1798,16,0.546046046046046,0.5033149171270718,0.9912948857453754,0.6676438255771345,0.6558777169446178,CDF,CDF,hybrid,0
