tp,tn,fp,fn,acc,precision,recall,f1,auc,train_dataset,test_dataset,model,seed
974,715,1443,864,0.42267267267267267,0.40297889946214316,0.529923830250272,0.45781433607520566,0.4578398972974008,FFPP,CDF,spatial,0
1083,685,1473,755,0.44244244244244246,0.42370892018779344,0.5892274211099021,0.4929449248975876,0.43679703328254016,FFPP,CDF,freq,0
1455,531,1627,383,0.496996996996997,0.47209604153147305,0.7916213275299239,0.5914634146341463,0.4968878611457633,FFPP,CDF,hybrid,0
486,2121,367,1821,0.5436913451511992,0.5697538100820633,0.2106631989596879,0.30759493670886073,0.5372164369032039,CDF,FFPP,spatial,0
1914,594,1894,393,0.5230448383733055,0.5026260504201681,0.8296488946684005,0.6260016353229763,0.5139567191700919,CDF,FFPP,freq,0
2242,82,2406,65,0.4846715328467153,0.4823580034423408,0.9718248807975726,0.6447160316319195,0.5690014279203375,CDF,FFPP,hybrid,0
