model,train_dataset,f1_in,f1_cross,drop
spatial,FFPP,0.7652027027027027,0.18867924528301888,0.5765234574196838
spatial,CDF,0.7438330170777988,0.3479381443298969,0.3958948727479019
freq,FFPP,0.5140073081607796,0.5392491467576792,-0.025241838596899657
freq,CDF,0.6610049539985846,0.65635507733692,0.004649876661664609
hybrid,FFPP,0.6334125098970704,0.463130659767141,0.1702818501299294
hybrid,CDF,0.7728613569321534,0.2747524752475248,0.49810888168462863
