tp,tn,fp,fn,acc,precision,recall,f1,auc,train_dataset,test_dataset,model,seed
1482,1975,1606,2020,0.4880700268247918,0.4799222797927461,0.42318675042832665,0.44977238239757206,0.4655879809215814,FFPP,FFPP,spatial,0
2441,758,2823,1061,0.4516447832839192,0.4637158054711246,0.6970302684180468,0.5569244809491216,0.43548442657971326,FFPP,FFPP,freq,0
1219,2213,1368,2283,0.4845404489623041,0.4712021646695014,0.3480868075385494,0.4003941533913615,0.4853949496446041,FFPP,FFPP,hybrid,0
2135,1793,1266,844,0.6505465385889367,0.6277565421934725,0.7166834508224237,0.6692789968652038,0.6642965287907803,CDF,CDF,spatial,0
2379,969,2090,600,0.5544882411394502,0.5323338554486462,0.798590130916415,0.638829215896885,0.6037859436892946,CDF,CDF,freq,0
1392,1966,1093,1587,0.5561444186816826,0.5601609657947686,0.46727089627391744,0.5095168374816984,0.592519435108635,CDF,CDF,hybrid,0
