model,train_dataset,f1_in,f1_cross,drop
spatial,FFPP,0.44977238239757206,0.5784883720930233,-0.12871598969545123
spatial,CDF,0.6692789968652038,0.20517395182872436,0.4641050450364794
freq,FFPP,0.5569244809491216,0.6387607898782074,-0.08183630892908578
freq,CDF,0.638829215896885,0.29020408163265304,0.348625134264232
hybrid,FFPP,0.4003941533913615,0.6465994142531728,-0.24620526086181133
hybrid,CDF,0.5095168374816984,0.18313817330210772,0.3263786641795907
