tp,tn,fp,fn,acc,precision,recall,f1,auc,train_dataset,test_dataset,model,seed
880,1988,1043,2046,0.4814503944938728,0.4576183047321893,0.3007518796992481,0.3629614353474943,0.46913337751865947,FFPP,FFPP,spatial,0
29,2710,321,2897,0.4597951989256337,0.08285714285714285,0.009911141490088858,0.017704517704517704,0.5110418588687007,FFPP,FFPP,freq,0
1732,1833,1198,1194,0.5984555984555985,0.5911262798634812,0.5919343814080656,0.5915300546448088,0.5734390676610545,FFPP,FFPP,hybrid,0
1852,1467,1196,579,0.6515508441303495,0.6076115485564304,0.7618264088852325,0.6760357729512685,0.6932349751372968,CDF,CDF,spatial,0
10,2660,3,2421,0.5241460541813898,0.7692307692307693,0.004113533525298231,0.008183306055646482,0.5853691050616234,CDF,CDF,freq,0
1685,1347,1316,746,0.5952100510404398,0.5614795068310563,0.693130399012752,0.6203976435935199,0.5943879076016647,CDF,CDF,hybrid,0
