model,train_dataset,f1_in,f1_cross,drop
spatial,FFPP,0.463954893274265,0.6222038111019056,-0.1582489178276406
spatial,CDF,0.5698386199220924,0.5731769505354412,-0.003338330613348761
freq,FFPP,0.10046885465505694,0.5385427666314678,-0.4380739119764109
freq,CDF,0.0,0.001520912547528517,-0.001520912547528517
hybrid,FFPP,0.13608748481166463,0.6243229935992122,-0.4882355087875475
hybrid,CDF,0.3723756906077348,0.557853057633084,-0.18547736702534923
