tp,tn,fp,fn,acc,precision,recall,f1,auc,train_dataset,test_dataset,model,seed
576,660,613,718,0.481495909622127,0.48444070647603027,0.44513137557959814,0.463954893274265,0.43104314917724085,FFPP,FFPP,spatial,0
75,1149,124,1219,0.4768211920529801,0.3768844221105528,0.05795981452859351,0.10046885465505694,0.3521400967180691,FFPP,FFPP,freq,0
112,1033,240,1182,0.4460459680560966,0.3181818181818182,0.0865533230293663,0.13608748481166463,0.38903222438203516,FFPP,FFPP,hybrid,0
512,659,231,542,0.602366255144033,0.6890982503364738,0.4857685009487666,0.5698386199220924,0.5258309703004072,CDF,CDF,spatial,0
0,890,0,1054,0.45781893004115226,0.0,0.0,0.0,0.5206564612071722,CDF,CDF,freq,0
337,471,419,717,0.4156378600823045,0.44576719576719576,0.31973434535104367,0.3723756906077348,0.38098948894527,CDF,CDF,hybrid,0
