tp,tn,fp,fn,acc,precision,recall,f1,auc,train_dataset,test_dataset,model,seed
267,368,221,163,0.6231599607458292,0.5471311475409836,0.6209302325581395,0.5816993464052288,0.5490504204998617,CDF,CDF,spatial,0
404,148,441,26,0.5417075564278705,0.47810650887573963,0.9395348837209302,0.6337254901960784,0.780961029731117,CDF,CDF,freq,0
254,424,165,176,0.6653581943081452,0.6062052505966588,0.5906976744186047,0.5983510011778563,0.5902594069570024,CDF,CDF,hybrid,0
