tp,tn,fp,fn,acc,precision,recall,f1,auc,train_dataset,test_dataset,model,seed
207,0,276,33,0.4011627906976744,0.42857142857142855,0.8625,0.5726141078838174,0.26705917874396135,FFPP,CDF,spatial,0
123,2,274,117,0.24224806201550386,0.30982367758186397,0.5125,0.38618524332810045,0.15935990338164252,FFPP,CDF,freq,0
195,0,276,45,0.37790697674418605,0.4140127388535032,0.8125,0.5485232067510548,0.3598429951690822,FFPP,CDF,hybrid,0
83,256,144,288,0.4396887159533074,0.3656387665198238,0.22371967654986524,0.27759197324414714,0.30184636118598385,CDF,FFPP,spatial,0
272,267,133,99,0.6990920881971465,0.671604938271605,0.7331536388140162,0.7010309278350515,0.7238072776280323,CDF,FFPP,freq,0
71,400,0,300,0.6108949416342413,1.0,0.19137466307277629,0.3212669683257919,0.43562668463611864,CDF,FFPP,hybrid,0
