model,train_dataset,f1_in,f1_cross,drop
spatial,FFPP,0.5401662049861495,0.5726141078838174,-0.03244790289766786
spatial,CDF,0.7717041800643086,0.27759197324414714,0.4941122068201615
freq,FFPP,0.3939393939393939,0.38618524332810045,0.0077541506112934755
freq,CDF,0.5958429561200924,0.7010309278350515,-0.10518797171495908
hybrid,FFPP,0.6658878504672897,0.5485232067510548,0.1173646437162349
hybrid,CDF,0.8823529411764706,0.3212669683257919,0.5610859728506787
