model,train_dataset,f1_in,f1_cross,drop
spatial,FFPP,0.491562729273661,0.4646302250803859,0.026932504193275142
spatial,CDF,0.7006145741878841,0.5980126467931346,0.10260192739474949
freq,FFPP,0.5960339943342776,0.6621160409556314,-0.06608204662135375
freq,CDF,0.6643990929705216,0.6022099447513812,0.062189148219140344
hybrid,FFPP,0.5974729241877257,0.499009900990099,0.09846302319762668
hybrid,CDF,0.7103377686796315,0.5409015025041736,0.16943626617545793
