tp,tn,fp,fn,acc,precision,recall,f1,auc,train_dataset,test_dataset,model,seed
335,211,426,267,0.4406779661016949,0.44021024967148487,0.5564784053156147,0.491562729273661,0.5371863542247975,FFPP,FFPP,spatial,0
526,0,637,76,0.4245359160613398,0.4522785898538263,0.8737541528239202,0.5960339943342776,0.18460964759018864,FFPP,FFPP,freq,0
331,462,175,271,0.6400322841000807,0.6541501976284585,0.5498338870431894,0.5974729241877257,0.6136921929518038,FFPP,FFPP,hybrid,0
399,240,255,86,0.6520408163265307,0.6100917431192661,0.822680412371134,0.7006145741878841,0.7663438508799334,CDF,CDF,spatial,0
293,391,104,192,0.6979591836734694,0.7380352644836272,0.6041237113402061,0.6643990929705216,0.6850942413829011,CDF,CDF,freq,0
347,350,145,138,0.7112244897959183,0.7052845528455285,0.7154639175257732,0.7103377686796315,0.7812183692596064,CDF,CDF,hybrid,0
