model,train_dataset,f1_in,f1_cross,drop
spatial,FFPP_Deepfakes,0.4682605111294312,0.37087378640776697,0.09738672472166421
spatial,CDF,0.5816993464052288,0.2986425339366516,0.2830568124685772
freq,FFPP_Deepfakes,0.46106870229007635,0.5476718403547672,-0.08660313806469089
freq,CDF,0.6337254901960784,0.6096131301289566,0.024112360067121807
hybrid,FFPP_Deepfakes,0.5074365704286964,0.47460757156048017,0.03282899886821622
hybrid,CDF,0.5983510011778563,0.43317972350230416,0.16517127767555217
