tp,tn,fp,fn,acc,precision,recall,f1,auc,train_dataset,test_dataset,model,seed
191,180,409,239,0.36408243375858684,0.31833333333333336,0.4441860465116279,0.37087378640776697,0.3776444111027757,FFPP_Deepfakes,CDF,spatial,0
247,364,225,183,0.5996074582924436,0.5233050847457628,0.5744186046511628,0.5476718403547672,0.6451099617009516,FFPP_Deepfakes,CDF,freq,0
257,193,396,173,0.44160942100098133,0.39356814701378257,0.5976744186046512,0.47460757156048017,0.3599834169068583,FFPP_Deepfakes,CDF,hybrid,0
132,434,219,401,0.4772344013490725,0.37606837606837606,0.24765478424015008,0.2986425339366516,0.4371855686986602,CDF,FFPP_Deepfakes,spatial,0
520,0,653,13,0.43844856661045534,0.443307757885763,0.975609756097561,0.6096131301289566,0.4970851805349247,CDF,FFPP_Deepfakes,freq,0
188,506,147,345,0.5851602023608768,0.5611940298507463,0.3527204502814259,0.43317972350230416,0.6379331645831477,CDF,FFPP_Deepfakes,hybrid,0
