tp,tn,fp,fn,acc,precision,recall,f1,auc,train_dataset,test_dataset,model,seed
284,257,396,249,0.45615514333895446,0.4176470588235294,0.5328330206378987,0.4682605111294312,0.6154133469712597,FFPP_Deepfakes,FFPP_Deepfakes,spatial,0
302,178,475,231,0.40472175379426645,0.3886743886743887,0.5666041275797373,0.46106870229007635,0.4171093725308792,FFPP_Deepfakes,FFPP_Deepfakes,freq,0
290,333,320,243,0.5252951096121417,0.47540983606557374,0.5440900562851783,0.5074365704286964,0.6457883803717293,FFPP_Deepfakes,FFPP_Deepfakes,hybrid,0
267,368,221,163,0.6231599607458292,0.5471311475409836,0.6209302325581395,0.5816993464052288,0.5490504204998617,CDF,CDF,spatial,0
404,148,441,26,0.5417075564278705,0.47810650887573963,0.9395348837209302,0.6337254901960784,0.780961029731117,CDF,CDF,freq,0
254,424,165,176,0.6653581943081452,0.6062052505966588,0.5906976744186047,0.5983510011778563,0.5902594069570024,CDF,CDF,hybrid,0
