tp,tn,fp,fn,acc,precision,recall,f1,auc,train_dataset,test_dataset,model,seed
773,1104,481,782,0.5977707006369427,0.6164274322169059,0.49710610932475885,0.5503737985048059,0.6596881941838173,FFPP,FFPP,spatial,0
680,665,920,875,0.428343949044586,0.425,0.43729903536977494,0.43106180665610144,0.3823538600423991,FFPP,FFPP,freq,0
604,722,863,951,0.42229299363057327,0.4117246080436264,0.38842443729903536,0.399735274652548,0.3946986925253837,FFPP,FFPP,hybrid,0
850,536,740,383,0.5524113192506975,0.5345911949685535,0.689375506893755,0.602196245129295,0.6295512385368918,CDF,CDF,spatial,0
177,1140,136,1056,0.5249103228377839,0.5654952076677316,0.1435523114355231,0.22897800776196636,0.5787871796240787,CDF,CDF,freq,0
620,417,859,613,0.41331207652451174,0.4192021636240703,0.5028386050283861,0.45722713864306785,0.41870917836812627,CDF,CDF,hybrid,0
