model,train_dataset,f1_in,f1_cross,drop
spatial,FFPP,0.5503737985048059,0.6151142355008787,-0.06474043699607279
spatial,CDF,0.602196245129295,0.4597315436241611,0.14246470150513396
freq,FFPP,0.43106180665610144,0.5910867865519938,-0.16002497989589232
freq,CDF,0.22897800776196636,0.025396825396825397,0.20358118236514097
hybrid,FFPP,0.399735274652548,0.6178571428571429,-0.2181218682045949
hybrid,CDF,0.45722713864306785,0.35764705882352943,0.09958007981953843
