tp,tn,fp,fn,acc,precision,recall,f1,auc,train_dataset,test_dataset,model,seed
2061,2901,1750,2284,0.551578479324144,0.5408029388611912,0.4743383199079402,0.5053948013732221,0.49235478765347124,FFPP,FFPP,spatial,0
455,3977,674,3890,0.4926634059582036,0.4030115146147033,0.1047180667433832,0.16624040920716113,0.5438720999653861,FFPP,FFPP,freq,0
1811,2979,1672,2534,0.5324588706091596,0.5199540625897215,0.41680092059838897,0.4626980071538068,0.46870324235801647,FFPP,FFPP,hybrid,0
2259,3084,885,1336,0.7063722897937599,0.7185114503816794,0.6283727399165507,0.6704258792105654,0.7388757656258815,CDF,CDF,spatial,0
2836,1638,2331,759,0.5914859862506611,0.5488678149796787,0.7888734353268428,0.6473407897740242,0.6528498505980458,CDF,CDF,freq,0
2177,2886,1083,1418,0.6693548387096774,0.6677914110429448,0.6055632823365786,0.6351568198395332,0.6972211621989752,CDF,CDF,hybrid,0
