model,train_dataset,f1_in,f1_cross,drop
spatial,FFPP,0.5053948013732221,0.46147006520450506,0.04392473616871706
spatial,CDF,0.6704258792105654,0.24195672624647224,0.42846915296409316
freq,FFPP,0.16624040920716113,0.2300166143621931,-0.06377620515503196
freq,CDF,0.6473407897740242,0.21569009149308935,0.43165069828093483
hybrid,FFPP,0.4626980071538068,0.45265184666549974,0.010046160488307088
hybrid,CDF,0.6351568198395332,0.31171477079796267,0.32344204904157053
