model,train_dataset,f1_in,f1_cross,drop
spatial,FFPP,0.5578125,0.17391304347826086,0.3838994565217392
spatial,CDF,0.7538601271571299,0.5833333333333334,0.17052679382379654
freq,FFPP,0.21850393700787402,0.2530795072788354,-0.034575570270961364
freq,CDF,0.6523668639053254,0.3486590038314176,0.30370786007390776
hybrid,FFPP,0.3792372881355932,0.628131021194605,-0.24889373305901175
hybrid,CDF,0.7800751879699248,0.6308370044052863,0.14923818356463847
