tp,tn,fp,fn,acc,precision,recall,f1,auc,train_dataset,test_dataset,model,seed
357,236,401,165,0.5116479723899914,0.470976253298153,0.6839080459770115,0.5578125,0.4973294357530812,FFPP,FFPP,spatial,0
111,254,383,411,0.31492666091458155,0.22469635627530365,0.21264367816091953,0.21850393700787402,0.3067479865509422,FFPP,FFPP,freq,0
179,394,243,343,0.4943917169974116,0.42417061611374407,0.342911877394636,0.3792372881355932,0.4374161689432625,FFPP,FFPP,hybrid,0
415,314,181,90,0.729,0.6963087248322147,0.8217821782178217,0.7538601271571299,0.8249104910491049,CDF,CDF,spatial,0
441,89,406,64,0.53,0.5206611570247934,0.8732673267326733,0.6523668639053254,0.6763196319631963,CDF,CDF,freq,0
415,351,144,90,0.766,0.7423971377459749,0.8217821782178217,0.7800751879699248,0.8950215021502149,CDF,CDF,hybrid,0
