tp,tn,fp,fn,acc,precision,recall,f1,auc,train_dataset,test_dataset,model,seed
957,971,767,573,0.5899632802937577,0.5551044083526682,0.6254901960784314,0.58819913952059,0.5517451130816731,FFPP,FFPP,spatial,0
818,1318,420,712,0.653610771113831,0.6607431340872375,0.534640522875817,0.5910404624277457,0.7228446038944922,FFPP,FFPP,freq,0
904,973,765,626,0.5743574051407588,0.5416417016177352,0.5908496732026144,0.5651766176930291,0.5626074595545929,FFPP,FFPP,hybrid,0
801,720,534,335,0.6364016736401673,0.6,0.7051056338028169,0.6483205180089032,0.683859536806164,CDF,CDF,spatial,0
580,871,383,556,0.6071129707112971,0.6022845275181724,0.5105633802816901,0.5526441162458313,0.5781885291012423,CDF,CDF,freq,0
665,593,661,471,0.5263598326359833,0.5015082956259427,0.585387323943662,0.5402112103980503,0.5751496619269043,CDF,CDF,hybrid,0
