tp,tn,fp,fn,acc,precision,recall,f1,auc,train_dataset,test_dataset,model,seed
551,403,851,585,0.399163179916318,0.3930099857346648,0.4850352112676056,0.43420015760441294,0.43710197789608457,FFPP,CDF,spatial,0
768,504,750,368,0.5322175732217573,0.5059288537549407,0.676056338028169,0.5787490580256217,0.6342103157220838,FFPP,CDF,freq,0
383,756,498,753,0.4765690376569038,0.43473325766174803,0.3371478873239437,0.37977193852255825,0.45659242536559064,FFPP,CDF,hybrid,0
125,1377,361,1405,0.45960832313341493,0.257201646090535,0.08169934640522876,0.12400793650793651,0.3199902976150184,CDF,FFPP,spatial,0
410,1632,106,1120,0.6248470012239902,0.7945736434108527,0.2679738562091503,0.40078201368523947,0.7419003888475222,CDF,FFPP,freq,0
370,1265,473,1160,0.5003059975520195,0.4389086595492289,0.24183006535947713,0.3118415507796039,0.4384425039674481,CDF,FFPP,hybrid,0
