model,train_dataset,f1_in,f1_cross,drop
spatial,FFPP,0.58819913952059,0.43420015760441294,0.15399898191617706
spatial,CDF,0.6483205180089032,0.12400793650793651,0.5243125815009667
freq,FFPP,0.5910404624277457,0.5787490580256217,0.012291404402123951
freq,CDF,0.5526441162458313,0.40078201368523947,0.15186210256059185
hybrid,FFPP,0.5651766176930291,0.37977193852255825,0.18540467917047082
hybrid,CDF,0.5402112103980503,0.3118415507796039,0.2283696596184464
