model,train_dataset,f1_in,f1_cross,drop
spatial,FFPP,0.6714801444043321,0.5233307553493168,0.1481493890550153
spatial,CDF,0.8608592826172645,0.07199471598414796,0.7888645666331165
freq,FFPP,0.6230560355467786,0.6328821393199076,-0.00982610377312898
freq,CDF,0.5953681039352288,0.6108540176693311,-0.015485913734102352
hybrid,FFPP,0.4972687888491241,0.4043425814234017,0.09292620742572244
hybrid,CDF,0.7399958097632516,0.15665171898355754,0.5833440907796941
