tp,tn,fp,fn,acc,precision,recall,f1,auc,train_dataset,test_dataset,model,seed
1860,2260,793,1027,0.6936026936026936,0.7010931021485112,0.6442674056113613,0.6714801444043321,0.7494969089555255,FFPP,FFPP,spatial,0
2524,362,2691,363,0.4858585858585859,0.48398849472674976,0.8742639418081053,0.6230560355467786,0.5305991222384452,FFPP,FFPP,freq,0
1320,1951,1102,1567,0.5506734006734006,0.5450041288191577,0.457222029788708,0.4972687888491241,0.5545157590568017,FFPP,FFPP,hybrid,0
2184,2205,420,286,0.8614327772325809,0.8387096774193549,0.8842105263157894,0.8608592826172645,0.9230304222093696,CDF,CDF,spatial,0
1581,1365,1260,889,0.5782139352306183,0.5564941921858501,0.6400809716599191,0.5953681039352288,0.6245688066319645,CDF,CDF,freq,0
1766,2088,537,704,0.7564278704612365,0.7668258792878854,0.7149797570850203,0.7399958097632516,0.8077718141507616,CDF,CDF,hybrid,0
