tp,tn,fp,fn,acc,precision,recall,f1,auc,train_dataset,test_dataset,model,seed
439,1117,550,980,0.5042125729099157,0.44388270980788674,0.3093727977448908,0.3646179401993355,0.5191435285881513,FFPP,CDF,spatial,0
655,1086,581,764,0.5641607258587168,0.5299352750809061,0.4615926708949965,0.4934086629001883,0.5318357047406587,FFPP,CDF,freq,0
1220,377,1290,199,0.5174983797796501,0.4860557768924303,0.8597603946441156,0.6210231611096971,0.5609645512757914,FFPP,CDF,hybrid,0
402,1498,362,1302,0.5331088664421998,0.5261780104712042,0.23591549295774647,0.32576985413290116,0.6909700136301682,CDF,FFPP,spatial,0
481,1339,521,1223,0.510662177328844,0.48003992015968067,0.2822769953051643,0.35550628233555065,0.5142127631379676,CDF,FFPP,freq,0
494,1275,585,1210,0.4963524130190797,0.4578313253012048,0.289906103286385,0.3550125763564499,0.4880617711646221,CDF,FFPP,hybrid,0
