model,train_dataset,f1_in,f1_cross,drop
spatial,FFPP,0.49158653846153844,0.3646179401993355,0.12696859826220291
spatial,CDF,0.6360052562417872,0.32576985413290116,0.310235402108886
freq,FFPP,0.4848314606741573,0.4934086629001883,-0.008577202226031033
freq,CDF,0.4010371650821089,0.35550628233555065,0.045530882746558254
hybrid,FFPP,0.5591939546599496,0.6210231611096971,-0.06182920644974754
hybrid,CDF,0.5627376425855514,0.3550125763564499,0.20772506622910147
