tp,tn,fp,fn,acc,precision,recall,f1,auc,train_dataset,test_dataset,model,seed
818,1054,806,886,0.5252525252525253,0.5036945812807881,0.4800469483568075,0.49158653846153844,0.552755376344086,FFPP,FFPP,spatial,0
863,867,993,841,0.48540965207631875,0.46497844827586204,0.5064553990610329,0.4848314606741573,0.5047184991670454,FFPP,FFPP,freq,0
1221,418,1442,483,0.45987654320987653,0.4585054449868569,0.7165492957746479,0.5591939546599496,0.43199950148922206,FFPP,FFPP,hybrid,0
726,1529,138,693,0.7307193778353857,0.8402777777777778,0.5116279069767442,0.6360052562417872,0.7762515150246907,CDF,CDF,spatial,0
464,1236,431,955,0.5508749189889826,0.5184357541899441,0.3269908386187456,0.4010371650821089,0.5699600037709159,CDF,CDF,freq,0
740,1196,471,679,0.627349319507453,0.611065235342692,0.5214940098661028,0.5627376425855514,0.6758646156603775,CDF,CDF,hybrid,0
