model,train_dataset,f1_in,f1_cross,drop
spatial,FFPP_Face2Face,0.5519332827899924,0.5163346613545817,0.035598621435410704
spatial,CDF,0.5816993464052288,0.3357664233576642,0.2459329230475646
freq,FFPP_Face2Face,0.6041055718475073,0.4422843256379101,0.16182124620959726
freq,CDF,0.6337254901960784,0.5442708333333334,0.08945465686274501
hybrid,FFPP_Face2Face,0.5130044843049327,0.5256950294860994,-0.012690545181166635
hybrid,CDF,0.5983510011778563,0.5036855036855037,0.09466549749235265
