tp,tn,fp,fn,acc,precision,recall,f1,auc,train_dataset,test_dataset,model,seed
177,136,135,162,0.5131147540983606,0.5673076923076923,0.5221238938053098,0.543778801843318,0.4902197694543317,FFPP,FFPP,spatial,0
142,220,51,197,0.5934426229508196,0.7357512953367875,0.41887905604719766,0.5338345864661654,0.48632291632650837,FFPP,FFPP,freq,0
286,13,258,53,0.4901639344262295,0.5257352941176471,0.8436578171091446,0.6477916194790487,0.518412086775735,FFPP,FFPP,hybrid,0
50,80,193,221,0.23897058823529413,0.205761316872428,0.18450184501845018,0.19455252918287938,0.2354459808334347,CDF,CDF,spatial,0
0,136,137,271,0.25,0.0,0.0,0.0,0.0004595650352107912,CDF,CDF,freq,0
1,54,219,270,0.10110294117647059,0.004545454545454545,0.0036900369003690036,0.004073319755600814,0.00279794006731276,CDF,CDF,hybrid,0
