model,train_dataset,f1_in,f1_cross,drop
spatial,FFPP,0.543778801843318,0.7025948103792415,-0.1588160085359236
spatial,CDF,0.19455252918287938,0.3028485757121439,-0.10829604652926453
freq,FFPP,0.5338345864661654,0.18032786885245902,0.35350671761370644
freq,CDF,0.0,0.0,0.0
hybrid,FFPP,0.6477916194790487,0.8813008130081301,-0.2335091935290814
hybrid,CDF,0.004073319755600814,0.0,0.004073319755600814
