tp,tn,fp,fn,acc,precision,recall,f1,auc,train_dataset,test_dataset,model,seed
176,219,54,95,0.7261029411764706,0.7652173913043478,0.6494464944649446,0.7025948103792415,0.7965613722071285,FFPP,CDF,spatial,0
33,211,62,238,0.4485294117647059,0.3473684210526316,0.12177121771217712,0.18032786885245902,0.4085803495397592,FFPP,CDF,freq,0
271,200,73,0,0.8658088235294118,0.7877906976744186,1.0,0.8813008130081301,0.9911736480002162,FFPP,CDF,hybrid,0
101,44,227,238,0.23770491803278687,0.3079268292682927,0.29793510324483774,0.3028485757121439,0.16301472749240767,CDF,FFPP,spatial,0
0,271,0,339,0.44426229508196724,0.0,0.0,0.0,0.4553440224667733,CDF,FFPP,freq,0
0,210,61,339,0.3442622950819672,0.0,0.0,0.0,0.4623540040710142,CDF,FFPP,hybrid,0
