model,train_dataset,f1_in,f1_cross,drop
spatial,FFPP,0.441233140655106,0.6375582874099195,-0.1963251467548135
spatial,CDF,0.6558915537017727,0.5978367748279253,0.05805477887384736
freq,FFPP,0.44029850746268656,0.7496700395952486,-0.309371532132562
freq,CDF,0.6812993854258121,0.19987507807620236,0.4814243073496098
hybrid,FFPP,0.5358964299725383,0.6513131313131313,-0.11541670134059301
hybrid,CDF,0.5846488840500816,0.35101148168398033,0.2336374023661013
