tp,tn,fp,fn,acc,precision,recall,f1,auc,train_dataset,test_dataset,model,seed
747,2119,544,1684,0.5626226933647428,0.5786212238574748,0.30728095433977787,0.40139709833422893,0.5458261228069714,FFPP,CDF,spatial,0
33,2600,63,2398,0.5168826069886141,0.34375,0.013574660633484163,0.026117926394934706,0.37362160712649983,FFPP,CDF,freq,0
1070,1595,1068,1361,0.5231645072634472,0.500467726847521,0.44014808720691073,0.4683738235937842,0.5633577617187433,FFPP,CDF,hybrid,0
512,2650,381,2414,0.5308040960214874,0.5733482642777156,0.1749829118250171,0.2681330191149516,0.5095618233370235,CDF,FFPP,spatial,0
0,3031,0,2926,0.5088131609870741,0.0,0.0,0.0,0.5889833308263911,CDF,FFPP,freq,0
426,2648,383,2500,0.5160315595098204,0.5265760197775031,0.14559125085440874,0.2281124497991968,0.5104942028746922,CDF,FFPP,hybrid,0
