model,train_dataset,f1_in,f1_cross,drop
spatial,FFPP,0.3629614353474943,0.40139709833422893,-0.03843566298673462
spatial,CDF,0.6760357729512685,0.2681330191149516,0.4079027538363169
freq,FFPP,0.017704517704517704,0.026117926394934706,-0.008413408690417002
freq,CDF,0.008183306055646482,0.0,0.008183306055646482
hybrid,FFPP,0.5915300546448088,0.4683738235937842,0.12315623105102458
hybrid,CDF,0.6203976435935199,0.2281124497991968,0.39228519379432314
