model,train_dataset,f1_in,f1_cross,drop
spatial,FFPP,0.5226422933111757,0.3319452706722189,0.19069702263895683
spatial,CDF,0.5417628057221966,0.44899478778853313,0.09276801793366346
freq,FFPP,0.3542039355992844,0.5058717253839206,-0.15166778978463613
freq,CDF,0.26563706563706563,0.155467720685112,0.11016934495195363
hybrid,FFPP,0.43343386471348555,0.588065447545717,-0.15463158283223144
hybrid,CDF,0.5340737001514386,0.47909053999187984,0.054983160159558786
