tp,tn,fp,fn,acc,precision,recall,f1,auc,train_dataset,test_dataset,model,seed
279,579,454,669,0.4331145885916204,0.3806275579809004,0.29430379746835444,0.3319452706722189,0.361041332238656,FFPP,CDF,spatial,0
560,327,706,388,0.447753659767794,0.4423380726698262,0.5907172995780591,0.5058717253839206,0.42110562410904295,FFPP,CDF,freq,0
611,514,519,337,0.5678950025239778,0.54070796460177,0.6445147679324894,0.588065447545717,0.6074417635742031,FFPP,CDF,hybrid,0
603,508,786,694,0.42879197221150134,0.43412526997840173,0.46491904394757133,0.44899478778853313,0.4126226376646142,CDF,FFPP,spatial,0
118,1191,103,1179,0.5052103434967194,0.5339366515837104,0.09097918272937548,0.155467720685112,0.5378173266329742,CDF,FFPP,freq,0
590,718,576,707,0.504824392126592,0.5060034305317325,0.4548959136468774,0.47909053999187984,0.5021956506454677,CDF,FFPP,hybrid,0
