model,train_dataset,f1_in,f1_cross,drop
spatial,FFPP,0.34001910219675263,0.39518555667001004,-0.05516645447325741
spatial,CDF,0.8060913705583757,0.676829268292683,0.12926210226569268
freq,FFPP,0.3584558823529412,0.004555808656036446,0.35390007369690474
freq,CDF,0.0,0.0,0.0
hybrid,FFPP,0.45049954586739327,0.3790849673202614,0.07141457854713185
hybrid,CDF,0.7932131495227995,0.6938421509106678,0.09937099861213172
