model,train_dataset,f1_in,f1_cross,drop
spatial,FFPP_FaceSwap,0.3969610636277303,0.4688581314878893,-0.07189706786015898
spatial,CDF,0.5816993464052288,0.31949685534591193,0.26220249105931687
freq,FFPP_FaceSwap,0.0,0.0,0.0
freq,CDF,0.6337254901960784,0.5669700910273082,0.06675539916877016
hybrid,FFPP_FaceSwap,0.39445628997867804,0.46850044365572313,-0.07404415367704509
hybrid,CDF,0.5983510011778563,0.5025252525252525,0.09582574865260385
