tp,tn,fp,fn,acc,precision,recall,f1,auc,train_dataset,test_dataset,model,seed
271,134,455,159,0.3974484789008832,0.37327823691460055,0.6302325581395349,0.4688581314878893,0.367402376910017,FFPP_FaceSwap,CDF,spatial,0
0,589,0,430,0.57801766437684,0.0,0.0,0.0,0.6418960003158684,FFPP_FaceSwap,CDF,freq,0
264,156,433,166,0.41216879293424924,0.3787661406025825,0.6139534883720931,0.46850044365572313,0.4162257669680578,FFPP_FaceSwap,CDF,hybrid,0
127,434,219,322,0.5090744101633394,0.3670520231213873,0.2828507795100223,0.31949685534591193,0.42726903754131185,CDF,FFPP_FaceSwap,spatial,0
436,0,653,13,0.3956442831215971,0.4003673094582185,0.9710467706013363,0.5669700910273082,0.5225189889391775,CDF,FFPP_FaceSwap,freq,0
199,509,144,250,0.6424682395644283,0.5801749271137027,0.44320712694877507,0.5025252525252525,0.6367595848525053,CDF,FFPP_FaceSwap,hybrid,0
