model,train_dataset,f1_in,f1_cross,drop
spatial,FFPP,0.6666666666666666,0.47,0.19666666666666666
spatial,CDF,0.5654761904761905,0.6496519721577726,-0.08417578168158213
freq,FFPP,0.4945164506480558,0.07339449541284404,0.4211219552352118
freq,CDF,0.758364312267658,0.6524725274725275,0.1058917847951305
hybrid,FFPP,0.6516129032258065,0.5032397408207343,0.14837316240507215
hybrid,CDF,0.6029411764705882,0.6247240618101545,-0.021782885339566294
