tp,tn,fp,fn,acc,precision,recall,f1,auc,train_dataset,test_dataset,model,seed
322,595,62,260,0.7401129943502824,0.8385416666666666,0.5532646048109966,0.6666666666666666,0.6960188192711848,FFPP,FFPP,spatial,0
248,484,173,334,0.5907990314769975,0.5890736342042755,0.4261168384879725,0.4945164506480558,0.7457018521133759,FFPP,FFPP,freq,0
404,403,254,178,0.6513317191283293,0.6139817629179332,0.6941580756013745,0.6516129032258065,0.6159453833158112,FFPP,FFPP,hybrid,0
190,544,72,220,0.7153996101364523,0.7251908396946565,0.4634146341463415,0.5654761904761905,0.7963097877732024,CDF,CDF,spatial,0
408,358,258,2,0.746588693957115,0.6126126126126126,0.9951219512195122,0.758364312267658,0.8374049730757048,CDF,CDF,freq,0
205,551,65,205,0.7368421052631579,0.7592592592592593,0.5,0.6029411764705882,0.8662694013303769,CDF,CDF,hybrid,0
