tp,tn,fp,fn,acc,precision,recall,f1,auc,train_dataset,test_dataset,model,seed
67,516,137,382,0.5290381125226861,0.3284313725490196,0.1492204899777283,0.20520673813169985,0.43334345167242505,FFPP_NeuralTextures,FFPP_NeuralTextures,spatial,0
36,508,145,413,0.49364791288566245,0.19889502762430938,0.0801781737193764,0.11428571428571428,0.49747098367309356,FFPP_NeuralTextures,FFPP_NeuralTextures,freq,0
189,380,273,260,0.5163339382940109,0.4090909090909091,0.4209354120267261,0.4149286498353458,0.5412981715365437,FFPP_NeuralTextures,FFPP_NeuralTextures,hybrid,0
267,368,221,163,0.6231599607458292,0.5471311475409836,0.6209302325581395,0.5816993464052288,0.5490504204998617,CDF,CDF,spatial,0
404,148,441,26,0.5417075564278705,0.47810650887573963,0.9395348837209302,0.6337254901960784,0.780961029731117,CDF,CDF,freq,0
254,424,165,176,0.6653581943081452,0.6062052505966588,0.5906976744186047,0.5983510011778563,0.5902594069570024,CDF,CDF,hybrid,0
