model,train_dataset,f1_in,f1_cross,drop
spatial,FFPP_NeuralTextures,0.20520673813169985,0.11920529801324503,0.08600144011845481
spatial,CDF,0.5816993464052288,0.31949685534591193,0.26220249105931687
freq,FFPP_NeuralTextures,0.11428571428571428,0.29025844930417494,-0.17597273501846067
freq,CDF,0.6337254901960784,0.55,0.08372549019607833
hybrid,FFPP_NeuralTextures,0.4149286498353458,0.3861003861003861,0.02882826373495967
hybrid,CDF,0.5983510011778563,0.5087719298245614,0.0895790713532949
