tp,tn,fp,fn,acc,precision,recall,f1,auc,train_dataset,test_dataset,model,seed
197,151,362,241,0.3659305993690852,0.35241502683363146,0.4497716894977169,0.39518555667001004,0.2649825985562588,FFPP,CDF,spatial,0
1,513,0,437,0.5404837013669821,1.0,0.00228310502283105,0.004555808656036446,0.5700552751742369,FFPP,CDF,freq,0
174,207,306,264,0.40063091482649843,0.3625,0.3972602739726027,0.3790849673202614,0.36442005572022396,FFPP,CDF,hybrid,0
444,343,214,210,0.6498761354252683,0.6747720364741642,0.6788990825688074,0.676829268292683,0.6956006127188576,CDF,FFPP,spatial,0
0,557,0,654,0.4599504541701073,0.0,0.0,0.0,0.7332751360224883,CDF,FFPP,freq,0
400,458,99,254,0.708505367464905,0.8016032064128257,0.6116207951070336,0.6938421509106678,0.7878515858767206,CDF,FFPP,hybrid,0
