tp,tn,fp,fn,acc,precision,recall,f1,auc,train_dataset,test_dataset,model,seed
178,342,215,476,0.42939719240297275,0.4529262086513995,0.27217125382262997,0.34001910219675263,0.4345856735789699,FFPP,FFPP,spatial,0
195,318,239,459,0.4236168455821635,0.44930875576036866,0.2981651376146789,0.3584558823529412,0.3569993246915817,FFPP,FFPP,freq,0
248,358,199,406,0.500412881915772,0.5548098434004475,0.37920489296636084,0.45049954586739327,0.4457639495110877,FFPP,FFPP,hybrid,0
397,363,150,41,0.7991587802313355,0.7257769652650823,0.906392694063927,0.8060913705583757,0.9199978637613822,CDF,CDF,spatial,0
0,513,0,438,0.5394321766561514,0.0,0.0,0.0,0.45856142131076044,CDF,CDF,freq,0
374,382,131,64,0.7949526813880127,0.7405940594059406,0.8538812785388128,0.7932131495227995,0.9096326559676715,CDF,CDF,hybrid,0
